webvoc_iri	gdsn_iri	match_method	code_list	original_code	source_id	source_name	source_definition	webvoc_class	gdsn_class	webvoc_label	webvoc_comment	webvoc_pref_label	iri_pattern_matches	deprecated	replaced_by	evidence
https://ref.gs1.org/voc/AllergenTypeCode-1%2C3-BIS-%282%2C4-DIAMINOPHENOXY%29PROPANE	urn:gs1:std:gdsn:cv169013	type-and-original-code	AllergenTypeCode	BR	169013	1,3-Bis-(2,4-diaminophenoxy) propane 	Definition (includes Common Name): Refers to the presence of 1,3-Bis-(2,4-diaminophenoxy)propane in the product. - CAS Registry Number: 81892-72-0 - Also known as: - Disclaimer: Refers to the presence of the allergen in the product, as listed in the regulations specified by an agency and specification or any local market regulations.	https://ref.gs1.org/voc/AllergenTypeCode	urn:gs1:std:gdsn:c-1513720680	1,3-Bis-(2,4-diaminophenoxy)propane	Refers to the presence of 1,3-Bis-(2,4-diaminophenoxy)propane as listed in the regulations specified in AllergenSpecificationAgency and AllergenSpecificationName.	1,3-BIS-(2,4-DIAMINOPHENOXY)PROPANE	False	True	https://ref.gs1.org/voc/AllergenTypeCode-BR	rdf:type + originalCodeValue + JSON sourceId/classId + GDSN codeListName/label
https://ref.gs1.org/voc/AllergenTypeCode-1-NAPHTHOL	urn:gs1:std:gdsn:cv169091	type-and-original-code	AllergenTypeCode	ON	169091	1-Naphthol 	Definition (includes Common Name): Refers to the presence of 1-Naphthol in the product. - CAS Registry Number: 90-15-3 - Also known as: α-naphthol - Disclaimer: Refers to the presence of the allergen in the product, as listed in the regulations specified by an agency and specification or any local market regulations.	https://ref.gs1.org/voc/AllergenTypeCode	urn:gs1:std:gdsn:c-1513720680	1-Naphthol	Refers to the presence of 1-Naphthol as listed in the regulations specified in AllergenSpecificationAgency and AllergenSpecificationName.	1-NAPHTHOL	False	True	https://ref.gs1.org/voc/AllergenTypeCode-ON	rdf:type + originalCodeValue + JSON sourceId/classId + GDSN codeListName/label
https://ref.gs1.org/voc/AllergenTypeCode-2%2C6-DIMETHOXY-3%2C5-PYRIDINEDIAMINE_HCL	urn:gs1:std:gdsn:cv169034	type-and-original-code	AllergenTypeCode	DA	169034	2,6-Dimethoxy-3,5-pyridinediamine HCl 	Definition (includes Common Name): Refers to the presence of 2,6-Dimethoxy-3,5-pyridine diamine HCl in the product. - CAS Registry Number: 56216-28-5 - Also known as: - Disclaimer: Refers to the presence of the allergen in the product, as listed in the regulations specified by an agency and specification or any local market regulations.	https://ref.gs1.org/voc/AllergenTypeCode	urn:gs1:std:gdsn:c-1513720680	2,6-Dimethoxy-3,5-pyridinediamine HCl	Refers to the presence of 2,6-Dimethoxy-3,5-pyridinediamine HCl as listed in the regulations specified in AllergenSpecificationAgency and AllergenSpecificationName.	2,6-DIMETHOXY-3,5-PYRIDINEDIAMINE_HCL	False	True	https://ref.gs1.org/voc/AllergenTypeCode-DA	rdf:type + originalCodeValue + JSON sourceId/classId + GDSN codeListName/label
https://ref.gs1.org/voc/AllergenTypeCode-2-HYDROXYETHYL-PICRAMIC_ACID	urn:gs1:std:gdsn:cv169060	type-and-original-code	AllergenTypeCode	HP	169060	2-Hydroxyethyl-picramic Acid 	Definition (includes Common Name): Refers to the presence of 2-Hydroxyethyl-picramic acid in the product. - CAS Registry Number: 99610-72-7 - Also known as: - Disclaimer: Refers to the presence of the allergen in the product, as listed in the regulations specified by an agency and specification or any local market regulations.	https://ref.gs1.org/voc/AllergenTypeCode	urn:gs1:std:gdsn:c-1513720680	2-Hydroxyethyl-picramic Acid	Refers to the presence of 2-Hydroxyethyl-picramic acid as listed in the regulations specified in AllergenSpecificationAgency and AllergenSpecificationName.	2-HYDROXYETHYL-PICRAMIC_ACID	False	True	https://ref.gs1.org/voc/AllergenTypeCode-HP	rdf:type + originalCodeValue + JSON sourceId/classId + GDSN codeListName/label
https://ref.gs1.org/voc/AllergenTypeCode-2-METHYL-5-HYDROXYETHYLAMINOPHENOL	urn:gs1:std:gdsn:cv169073	type-and-original-code	AllergenTypeCode	MH	169073	2-Methyl-5-hydroxyethylaminophenol 	Definition (includes Common Name): Refers to the presence of 2-Methyl-5-hydroxyethylaminophenol in the product. - CAS Registry Number: 55302-96-0 - Also known as: - Disclaimer: Refers to the presence of the allergen in the product, as listed in the regulations specified by an agency and specification or any local market regulations.	https://ref.gs1.org/voc/AllergenTypeCode	urn:gs1:std:gdsn:c-1513720680	2-Methyl-5-hydroxyethylaminophenol	Refers to the presence of 2-Methyl-5-hydroxyethylaminophenol as listed in the regulations specified in AllergenSpecificationAgency and AllergenSpecificationName.	2-METHYL-5-HYDROXYETHYLAMINOPHENOL	False	True	https://ref.gs1.org/voc/AllergenTypeCode-MH	rdf:type + originalCodeValue + JSON sourceId/classId + GDSN codeListName/label
https://ref.gs1.org/voc/AllergenTypeCode-3-AMINO-2%2C4-DICHLOROPHENOL	urn:gs1:std:gdsn:cv168960	type-and-original-code	AllergenTypeCode	AD	168960	3-Amino-2,4-dichlorophenol 	Definition (includes Common Name): Refers to the presence of 3-Amino-2,4-dichlorophenol in the product. - CAS Registry Number: 61693-42-3 - Also known as: - Disclaimer: Refers to the presence of the allergen in the product, as listed in the regulations specified by an agency and specification or any local market regulations.	https://ref.gs1.org/voc/AllergenTypeCode	urn:gs1:std:gdsn:c-1513720680	3-Amino-2,4-dichlorophenol	Refers to the presence of 3-Amino-2,4-dichlorophenol as listed in the regulations specified in AllergenSpecificationAgency and AllergenSpecificationName.	3-AMINO-2,4-DICHLOROPHENOL	False	True	https://ref.gs1.org/voc/AllergenTypeCode-AD	rdf:type + originalCodeValue + JSON sourceId/classId + GDSN codeListName/label
https://ref.gs1.org/voc/AllergenTypeCode-3-AMINOPHENOL	urn:gs1:std:gdsn:cv169144	type-and-original-code	AllergenTypeCode	TA	169144	3-Aminophenol 	Definition (includes Common Name): Refers to the presence of 3-Aminophenol in the product. - CAS Registry Number: 591-27-5 - Also known as: - Disclaimer: Refers to the presence of the allergen in the product, as listed in the regulations specified by an agency and specification or any local market regulations.	https://ref.gs1.org/voc/AllergenTypeCode	urn:gs1:std:gdsn:c-1513720680	3-Aminophenol	Refers to the presence of 3-Aminophenol as listed in the regulations specified in AllergenSpecificationAgency and AllergenSpecificationName.	3-AMINOPHENOL	False	True	https://ref.gs1.org/voc/AllergenTypeCode-TA	rdf:type + originalCodeValue + JSON sourceId/classId + GDSN codeListName/label
https://ref.gs1.org/voc/AllergenTypeCode-4-AMINO-3-NITROPHENOL	urn:gs1:std:gdsn:cv169045	type-and-original-code	AllergenTypeCode	FT	169045	4-Amino-3-nitrophenol 	Definition (includes Common Name): Refers to the presence of 4-Amino-3-nitrophenol in the product. - CAS Registry Number: 610-81-1 - Also known as: - Disclaimer: Refers to the presence of the allergen in the product, as listed in the regulations specified by an agency and specification or any local market regulations.	https://ref.gs1.org/voc/AllergenTypeCode	urn:gs1:std:gdsn:c-1513720680	4-Amino-3-nitrophenol	Refers to the presence of 4-Amino-3-nitrophenol as listed in the regulations specified in AllergenSpecificationAgency and AllergenSpecificationName.	4-AMINO-3-NITROPHENOL	False	True	https://ref.gs1.org/voc/AllergenTypeCode-FT	rdf:type + originalCodeValue + JSON sourceId/classId + GDSN codeListName/label
https://ref.gs1.org/voc/AllergenTypeCode-4-HYDROXY-PROPYLAMINO-3-NITROPHENOL	urn:gs1:std:gdsn:cv169044	type-and-original-code	AllergenTypeCode	FH	169044	4-Hydroxy-propylamino-3-nitrophenol 	Definition (includes Common Name): Refers to the presence of 4-Hydroxy-propyl amino-3-nitrophenol in the product. - CAS Registry Number: 92952-81-3 - Also known as: - Disclaimer: Refers to the presence of the allergen in the product, as listed in the regulations specified by an agency and specification or any local market regulations.	https://ref.gs1.org/voc/AllergenTypeCode	urn:gs1:std:gdsn:c-1513720680	4-Hydroxy-propylamino-3-nitrophenol	Refers to the presence of 4-Hydroxy-propylamino-3-nitrophenol as listed in the regulations specified in AllergenSpecificationAgency and AllergenSpecificationName.	4-HYDROXY-PROPYLAMINO-3-NITROPHENOL	False	True	https://ref.gs1.org/voc/AllergenTypeCode-FH	rdf:type + originalCodeValue + JSON sourceId/classId + GDSN codeListName/label
https://ref.gs1.org/voc/AllergenTypeCode-AA	urn:gs1:std:gdsn:cv168947	type-and-original-code	AllergenTypeCode	AA	168947	Amylcinnamyl alcohol 	Definition (includes Common Name): Refers to the presence of Amylcinnamyl Alcohol in the product. - CAS Registry Number: 101-85-9 - Also known as: alpha-Amylcinnamyl alcohol - Disclaimer: Refers to the presence of the allergen in the product, as listed in the regulations specified by an agency and specification or any local market regulations.	https://ref.gs1.org/voc/AllergenTypeCode	urn:gs1:std:gdsn:c-1513720680	Amylcinnamyl alcohol 	Refers to the presence of Amylcinnamyl Alcohol in the product. - CAS Registry Number: 101-85-9 - Also known as: alpha-Amylcinnamyl alcohol - Disclaimer: Refers to the presence of the allergen in the product, as listed in the regulations specified by an agency and specification or any local market regulations.	AA	True	False		rdf:type + originalCodeValue + JSON sourceId/classId + GDSN codeListName/label
https://ref.gs1.org/voc/AllergenTypeCode-ABALONE	urn:gs1:std:gdsn:cv168957	type-and-original-code	AllergenTypeCode	ABN	168957	Abalone and its derivatives	Definition (includes Common Name): Refers to the presence of Abalone and its derivates in the product. - Family/Genus/Species: Haliotidae/Haliotis/(various) - Also known as: Abalone, Ear Shells, Sea Ears, Muttonfish, Muttonshells, Ormer, Perlemoen, Pāua, Australian Abalone, Blackfoot Abalone, Blacklip Abalone, Flat Abalone, Giant Abalone, Green Abalone, Greenlip Abalone, Pink Abalone, Pinto Abalone, Pourtale Abalone, Red Abalone, Roe's Abalone, Threaded Abalone, Tube Abalone - Disclaimer: Refers to the presence of the allergen in the product, as listed in the regulations specified by an agency and specification or any local market regulations.	https://ref.gs1.org/voc/AllergenTypeCode	urn:gs1:std:gdsn:c-1513720680	Abalone and its Derivatives	Refers to the presence of Abalone and its derivatives in the product, as listed in the regulations specified in AllergenSpecificationAgency and AllergenSpecificationName.	ABALONE	False	True	https://ref.gs1.org/voc/AllergenTypeCode-ABN	rdf:type + originalCodeValue + JSON sourceId/classId + GDSN codeListName/label
https://ref.gs1.org/voc/AllergenTypeCode-ABD	urn:gs1:std:gdsn:cv168948	type-and-original-code	AllergenTypeCode	ABD	168948	Tuna and its derivatives	Definition (includes Common Name): Refers to the presence of Tuna and its derivatives in the product. - Family/Genus/Species: Scombridae subfamily Scombrinae/(various) - Also known as: Albacore, Bigeye Tuna, Black Skipjack, Blackfin Tuna, Bluefin Tuna, Bullet Tuna, Buri, Dogtooth Tuna, Escolar, Frigate Tuna, Kawakawa, Little Tuna, Longtail Tuna, Pacific Bluefin Tuna, Skipjack Tuna, Slender Tuna, Southern Bluefin Tuna, Spotted Tunny, Tuna, Yellowfin Tuna - Disclaimer: Refers to the presence of the allergen in the product, as listed in the regulations specified by an agency and specification or any local market regulations.	https://ref.gs1.org/voc/AllergenTypeCode	urn:gs1:std:gdsn:c-1513720680	Tuna and its derivatives	Refers to the presence of Tuna and its derivatives in the product. - Family/Genus/Species: Scombridae subfamily Scombrinae/(various) - Also known as: Albacore, Bigeye Tuna, Black Skipjack, Blackfin Tuna, Bluefin Tuna, Bullet Tuna, Buri, Dogtooth Tuna, Escolar, Frigate Tuna, Kawakawa, Little Tuna, Longtail Tuna, Pacific Bluefin Tuna, Skipjack Tuna, Slender Tuna, Southern Bluefin Tuna, Spotted Tunny, Tuna, Yellowfin Tuna - Disclaimer: Refers to the presence of the allergen in the product, as listed in the regulations specified by an agency and specification or any local market regulations.	ABD	True	False		rdf:type + originalCodeValue + JSON sourceId/classId + GDSN codeListName/label
https://ref.gs1.org/voc/AllergenTypeCode-ABE	urn:gs1:std:gdsn:cv168949	type-and-original-code	AllergenTypeCode	ABE	168949	Walleye and its derivatives	Definition (includes Common Name): Refers to the presence of Walleye and its derivatives in the product. - Family/Genus/Species: Percidae/Sander/S. vitreus - Also known as: Walleye, Yellow Pike, Yellow Pickerel - Disclaimer: Refers to the presence of the allergen in the product, as listed in the regulations specified by an agency and specification or any local market regulations.	https://ref.gs1.org/voc/AllergenTypeCode	urn:gs1:std:gdsn:c-1513720680	Walleye and its derivatives	Refers to the presence of Walleye and its derivatives in the product. - Family/Genus/Species: Percidae/Sander/S. vitreus - Also known as: Walleye, Yellow Pike, Yellow Pickerel - Disclaimer: Refers to the presence of the allergen in the product, as listed in the regulations specified by an agency and specification or any local market regulations.	ABE	True	False		rdf:type + originalCodeValue + JSON sourceId/classId + GDSN codeListName/label
https://ref.gs1.org/voc/AllergenTypeCode-ABF	urn:gs1:std:gdsn:cv168950	type-and-original-code	AllergenTypeCode	ABF	168950	Barnacle and its derivatives	Definition (includes Common Name): Refers to the presence of Barnacles and its derivatives in the product. - Family/Genus/Species: (various) - Also known as: Barnacle, Goose Barnacle, Leaf Barnacle, Pico - Disclaimer: Refers to the presence of the allergen in the product, as listed in the regulations specified by an agency and specification or any local market regulations.	https://ref.gs1.org/voc/AllergenTypeCode	urn:gs1:std:gdsn:c-1513720680	Barnacle and its derivatives	Refers to the presence of Barnacles and its derivatives in the product. - Family/Genus/Species: (various) - Also known as: Barnacle, Goose Barnacle, Leaf Barnacle, Pico - Disclaimer: Refers to the presence of the allergen in the product, as listed in the regulations specified by an agency and specification or any local market regulations.	ABF	True	False		rdf:type + originalCodeValue + JSON sourceId/classId + GDSN codeListName/label
https://ref.gs1.org/voc/AllergenTypeCode-ABG	urn:gs1:std:gdsn:cv168951	type-and-original-code	AllergenTypeCode	ABG	168951	Crab and its derivatives	Definition (includes Common Name): Refers to the presence of Crab and its derivatives in the product. - Family/Genus/Species: Brachyura (various) - Also known as: (various) - Disclaimer: Refers to the presence of the allergen in the product, as listed in the regulations specified by an agency and specification or any local market regulations.	https://ref.gs1.org/voc/AllergenTypeCode	urn:gs1:std:gdsn:c-1513720680	Crab and its derivatives	Refers to the presence of Crab and its derivatives in the product. - Family/Genus/Species: Brachyura (various) - Also known as: (various) - Disclaimer: Refers to the presence of the allergen in the product, as listed in the regulations specified by an agency and specification or any local market regulations.	ABG	True	False		rdf:type + originalCodeValue + JSON sourceId/classId + GDSN codeListName/label
https://ref.gs1.org/voc/AllergenTypeCode-ABH	urn:gs1:std:gdsn:cv168952	type-and-original-code	AllergenTypeCode	ABH	168952	Crawfish and its derivatives	Definition (includes Common Name): Refers to the presence of Crawfish and its derivatives in the product. - Family/Genus/Species: Astacidae or Cambaridae or Cambaroididae or Parastacidae/(various) - Also known as: Caribbean Spiny Lobster, Crawdad, Crawdaddy, Crawfish, Craydid, Crayfish, Freshwater Crayfish, Freshwater Lobsters, Marron, Mountain Lobsters, Mudbugs, Murray River Crayfish, Red Claw Crayfish, Red Swamp Crayfish, Rock Lobsters, Royal Spiny Lobster, White River Crayfish, Yabbie Crayfish - Disclaimer: Refers to the presence of the allergen in the product, as listed in the regulations specified by an agency and specification or any local market regulations.	https://ref.gs1.org/voc/AllergenTypeCode	urn:gs1:std:gdsn:c-1513720680	Crawfish and its derivatives	Refers to the presence of Crawfish and its derivatives in the product. - Family/Genus/Species: Astacidae or Cambaridae or Cambaroididae or Parastacidae/(various) - Also known as: Caribbean Spiny Lobster, Crawdad, Crawdaddy, Crawfish, Craydid, Crayfish, Freshwater Crayfish, Freshwater Lobsters, Marron, Mountain Lobsters, Mudbugs, Murray River Crayfish, Red Claw Crayfish, Red Swamp Crayfish, Rock Lobsters, Royal Spiny Lobster, White River Crayfish, Yabbie Crayfish - Disclaimer: Refers to the presence of the allergen in the product, as listed in the regulations specified by an agency and specification or any local market regulations.	ABH	True	False		rdf:type + originalCodeValue + JSON sourceId/classId + GDSN codeListName/label
https://ref.gs1.org/voc/AllergenTypeCode-ABI	urn:gs1:std:gdsn:cv168953	type-and-original-code	AllergenTypeCode	ABI	168953	Krill and its derivatives	"Definition (includes Common Name): Refers to the presence of Krill and its derivatives in the product. - Family/Genus/Species: 	Euphausiacea (various) - Also known as: - Disclaimer: Refers to the presence of the allergen in the product, as listed in the regulations specified by an agency and specification or any local market regulations."	https://ref.gs1.org/voc/AllergenTypeCode	urn:gs1:std:gdsn:c-1513720680	Krill and its derivatives	Refers to the presence of Krill and its derivatives in the product. - Family/Genus/Species:  Euphausiacea (various) - Also known as: - Disclaimer: Refers to the presence of the allergen in the product, as listed in the regulations specified by an agency and specification or any local market regulations.	ABI	True	False		rdf:type + originalCodeValue + JSON sourceId/classId + GDSN codeListName/label
https://ref.gs1.org/voc/AllergenTypeCode-ABJ	urn:gs1:std:gdsn:cv168954	type-and-original-code	AllergenTypeCode	ABJ	168954	Lobster and its derivatives	Definition (includes Common Name): Refers to the presence of Lobster and its derivatives in the product. - Family/Genus/Species: Nephropidae/(various) - Also known as: American Lobster, Blue Spiny Lobster, Blunt Slipper Lobster, Brazilian Slipper Lobster, California Spiny Lobster, Cape Spiny Lobster, Caribbean Lobsterette, Caribbean Spiny Lobster, Colorado Langostino, Common Spiny Lobster, Eastern Spiny Lobster, European Lobster, Flathead Locust Lobster, Florida Lobsterette, Gilchrist Spiny Lobster, Green Spiny Lobster, Hawaiian Spiny Lobster, Japanese Fan Lobster, Japanese Spiny Lobster, Lobsterette, Mud Spiny Lobster, Natal Spiny Lobster, Norway Lobster, Ornate Spiny Lobster, Painted Spiny Lobster, Pelagic Crab, Pink Spiny Lobster, Pronghorn Spiny Lobster, Red-banded Lobster, Ridged Slipper Lobster, Royal Spiny Lobster, Scalloped Spiny Lobster, Smoothtail Spiny Lobster, Southern Rock Lobster, Spanish Slipper Lobster, St. Paul Spiny Lobster, Swarming Squat Lobster, Urugavian Lobster, Western Red Lobster - Disclaimer: Refers to the presence of the allergen in the product, as listed in the regulations specified by an agency and specification or any local market regulations.	https://ref.gs1.org/voc/AllergenTypeCode	urn:gs1:std:gdsn:c-1513720680	Lobster and its derivatives	Refers to the presence of Lobster and its derivatives in the product. - Family/Genus/Species: Nephropidae/(various) - Also known as: American Lobster, Blue Spiny Lobster, Blunt Slipper Lobster, Brazilian Slipper Lobster, California Spiny Lobster, Cape Spiny Lobster, Caribbean Lobsterette, Caribbean Spiny Lobster, Colorado Langostino, Common Spiny Lobster, Eastern Spiny Lobster, European Lobster, Flathead Locust Lobster, Florida Lobsterette, Gilchrist Spiny Lobster, Green Spiny Lobster, Hawaiian Spiny Lobster, Japanese Fan Lobster, Japanese Spiny Lobster, Lobsterette, Mud Spiny Lobster, Natal Spiny Lobster, Norway Lobster, Ornate Spiny Lobster, Painted Spiny Lobster, Pelagic Crab, Pink Spiny Lobster, Pronghorn Spiny Lobster, Red-banded Lobster, Ridged Slipper Lobster, Royal Spiny Lobster, Scalloped Spiny Lobster, Smoothtail Spiny Lobster, Southern Rock Lobster, Spanish Slipper Lobster, St. Paul Spiny Lobster, Swarming Squat Lobster, Urugavian Lobster, Western Red Lobster - Disclaimer: Refers to the presence of the allergen in the product, as listed in the regulations specified by an agency and specification or any local market regulations.	ABJ	True	False		rdf:type + originalCodeValue + JSON sourceId/classId + GDSN codeListName/label
https://ref.gs1.org/voc/AllergenTypeCode-ABK	urn:gs1:std:gdsn:cv168955	type-and-original-code	AllergenTypeCode	ABK	168955	Prawns and its derivatives	Definition (includes Common Name): Refers to the presence of Prawns and its derivatives in the product. Prawn is a common name for small aquatic crustaceans with an exoskeleton and ten legs (which is a member of the order decapoda), some of which can be eaten. The terms shrimp and prawn are common names, not scientific names. They are vernacular or colloquial terms which lack the formal definition of scientific terms. They are not taxa, but are terms of convenience with little circumscriptional significance. There is no reason to avoid using the terms shrimp or prawn when convenient, but it is important not to confuse them with the names or relationships of actual taxa. - Family/Genus/Species: (various) - Also known as: Banana Prawn, Brown Tiger Prawn, Caramote Prawn, Common Prawn, Eastern King Prawn, Giant Freshwater Prawn, Giant Gamba Prawn, Giant Tiger Prawn, Green Tiger Prawn, Indian Prawn, Jack-knife Prawn, Kuruma Prawn, Redtail Prawn, Roshna Prawn, Western King Prawn, Prawn - Disclaimer: Refers to the presence of the allergen in the product, as listed in the regulations specified by an agency and specification or any local market regulations.	https://ref.gs1.org/voc/AllergenTypeCode	urn:gs1:std:gdsn:c-1513720680	Prawns and its derivatives	Refers to the presence of Prawns and its derivatives in the product. Prawn is a common name for small aquatic crustaceans with an exoskeleton and ten legs (which is a member of the order decapoda), some of which can be eaten. The terms shrimp and prawn are common names, not scientific names. They are vernacular or colloquial terms which lack the formal definition of scientific terms. They are not taxa, but are terms of convenience with little circumscriptional significance. There is no reason to avoid using the terms shrimp or prawn when convenient, but it is important not to confuse them with the names or relationships of actual taxa. - Family/Genus/Species: (various) - Also known as: Banana Prawn, Brown Tiger Prawn, Caramote Prawn, Common Prawn, Eastern King Prawn, Giant Freshwater Prawn, Giant Gamba Prawn, Giant Tiger Prawn, Green Tiger Prawn, Indian Prawn, Jack-knife Prawn, Kuruma Prawn, Redtail Prawn, Roshna Prawn, Western King Prawn, Prawn - Disclaimer: Refers to the presence of the allergen in the product, as listed in the regulations specified by an agency and specification or any local market regulations.	ABK	True	False		rdf:type + originalCodeValue + JSON sourceId/classId + GDSN codeListName/label
https://ref.gs1.org/voc/AllergenTypeCode-ABL	urn:gs1:std:gdsn:cv168956	type-and-original-code	AllergenTypeCode	ABL	168956	Shrimp and its derivatives	Definition (includes Common Name): Refers to the presence of Shrimp and its derivatives in the product. The terms shrimp and prawn are common names, not scientific names. They are vernacular or colloquial terms which lack the formal definition of scientific terms. They are not taxa, but are terms of convenience with little circumscriptional significance. There is no reason to avoid using the terms shrimp or prawn when convenient, but it is important not to confuse them with the names or relationships of actual taxa. - Family/Genus/Species: (various) - Also known as: Akiami Paste Shrimp, Argentine Red Shrimp, Atlantic Seabob, Bigclaw River Shrimp, Blue Shrimp, Brown Rock Shrimp, Brown Shrimp, California Shrimp, Chinese White Shrimp, Cinnamon River Shrimp, Common Shrimp, Coonstriped Shrimp, Deep-water Rose Shrimp, Deep-water Rose Shrimp, Endeavour Shrimp, Golden Shrimp, Greasyback Shrimp, Humpy Shrimp, Jinga Shrimp, Kadal Shrimp, Kiddi Shrimp, Knife Shrimp, Kolibri Shrimp, Marsh Grass Shrimp, Northern Shrimp, Ocean Shrimp, Ohio Shrimp, Pink Shrimp, Pinkspotted Shrimp, Rainbow Shrimp, Royal Red Shrimp, Sakura Shrimp, Seven-spine Bay Shrimp, Sidestriped Shrimp, Smooth Nylon Shrimp, Southern Brown Shrimp, Southern White Shrimp, Speckled Shrimp, Spot Shrimp, Spot-tail Mantis Shrimp, Titi Shrimp, Western White Shrimp, White Shrimp, Whiteleg Shrimp, Tiger Shrimp, Shrimp - Disclaimer: Refers to the presence of the allergen in the product, as listed in the regulations specified by an agency and specification or any local market regulations.	https://ref.gs1.org/voc/AllergenTypeCode	urn:gs1:std:gdsn:c-1513720680	Shrimp and its derivatives	Refers to the presence of Shrimp and its derivatives in the product. The terms shrimp and prawn are common names, not scientific names. They are vernacular or colloquial terms which lack the formal definition of scientific terms. They are not taxa, but are terms of convenience with little circumscriptional significance. There is no reason to avoid using the terms shrimp or prawn when convenient, but it is important not to confuse them with the names or relationships of actual taxa. - Family/Genus/Species: (various) - Also known as: Akiami Paste Shrimp, Argentine Red Shrimp, Atlantic Seabob, Bigclaw River Shrimp, Blue Shrimp, Brown Rock Shrimp, Brown Shrimp, California Shrimp, Chinese White Shrimp, Cinnamon River Shrimp, Common Shrimp, Coonstriped Shrimp, Deep-water Rose Shrimp, Deep-water Rose Shrimp, Endeavour Shrimp, Golden Shrimp, Greasyback Shrimp, Humpy Shrimp, Jinga Shrimp, Kadal Shrimp, Kiddi Shrimp, Knife Shrimp, Kolibri Shrimp, Marsh Grass Shrimp, Northern Shrimp, Ocean Shrimp, Ohio Shrimp, Pink Shrimp, Pinkspotted Shrimp, Rainbow Shrimp, Royal Red Shrimp, Sakura Shrimp, Seven-spine Bay Shrimp, Sidestriped Shrimp, Smooth Nylon Shrimp, Southern Brown Shrimp, Southern White Shrimp, Speckled Shrimp, Spot Shrimp, Spot-tail Mantis Shrimp, Titi Shrimp, Western White Shrimp, White Shrimp, Whiteleg Shrimp, Tiger Shrimp, Shrimp - Disclaimer: Refers to the presence of the allergen in the product, as listed in the regulations specified by an agency and specification or any local market regulations.	ABL	True	False		rdf:type + originalCodeValue + JSON sourceId/classId + GDSN codeListName/label
https://ref.gs1.org/voc/AllergenTypeCode-ABN	urn:gs1:std:gdsn:cv168957	type-and-original-code	AllergenTypeCode	ABN	168957	Abalone and its derivatives	Definition (includes Common Name): Refers to the presence of Abalone and its derivates in the product. - Family/Genus/Species: Haliotidae/Haliotis/(various) - Also known as: Abalone, Ear Shells, Sea Ears, Muttonfish, Muttonshells, Ormer, Perlemoen, Pāua, Australian Abalone, Blackfoot Abalone, Blacklip Abalone, Flat Abalone, Giant Abalone, Green Abalone, Greenlip Abalone, Pink Abalone, Pinto Abalone, Pourtale Abalone, Red Abalone, Roe's Abalone, Threaded Abalone, Tube Abalone - Disclaimer: Refers to the presence of the allergen in the product, as listed in the regulations specified by an agency and specification or any local market regulations.	https://ref.gs1.org/voc/AllergenTypeCode	urn:gs1:std:gdsn:c-1513720680	Abalone and its derivatives	Refers to the presence of Abalone and its derivates in the product. - Family/Genus/Species: Haliotidae/Haliotis/(various) - Also known as: Abalone, Ear Shells, Sea Ears, Muttonfish, Muttonshells, Ormer, Perlemoen, Pāua, Australian Abalone, Blackfoot Abalone, Blacklip Abalone, Flat Abalone, Giant Abalone, Green Abalone, Greenlip Abalone, Pink Abalone, Pinto Abalone, Pourtale Abalone, Red Abalone, Roe's Abalone, Threaded Abalone, Tube Abalone - Disclaimer: Refers to the presence of the allergen in the product, as listed in the regulations specified by an agency and specification or any local market regulations.	ABN	True	False		rdf:type + originalCodeValue + JSON sourceId/classId + GDSN codeListName/label
https://ref.gs1.org/voc/AllergenTypeCode-AC	urn:gs1:std:gdsn:cv168958	type-and-original-code	AllergenTypeCode	AC	168958	Crustaceans and its derivatives	Definition (includes Common Name): Refers to the presence of Crustaceans and its derivates in the product - Family/Genus/Species: (Subphylum: Crustacea)/(various) - Also known as: (various) - Disclaimer: Refers to the presence of the allergen in the product, as listed in the regulations specified by an agency and specification or any local market regulations.	https://ref.gs1.org/voc/AllergenTypeCode	urn:gs1:std:gdsn:c-1513720680	Crustaceans and its derivatives	Refers to the presence of Crustaceans and its derivates in the product - Family/Genus/Species: (Subphylum: Crustacea)/(various) - Also known as: (various) - Disclaimer: Refers to the presence of the allergen in the product, as listed in the regulations specified by an agency and specification or any local market regulations.	AC	True	False		rdf:type + originalCodeValue + JSON sourceId/classId + GDSN codeListName/label
https://ref.gs1.org/voc/AllergenTypeCode-ACP	urn:gs1:std:gdsn:cv168959	type-and-original-code	AllergenTypeCode	ACP	168959	Carp and its derivatives	Definition (includes Common Name): Refers to the presence of Carp and its derivatives in the product. - Family/Genus/Species: Cyprinidae /Cyprinus/(various) - Also known as: Banded Carpet Shell, Bighead Carp, Black Carp, Blue Morwong, Carp, Common Carp, Crucian Carp, Giant Barb, Golden Carpet Shell, Grass Carp, Grooved Carpet Shell, Large Razorbelly Minnow, Mola Carplet, Mottled Grouper, Mrigal, Mud Carp, Quillback, Reba Carp, River Carpsucker, Rockfish, Rudd, Silver Carp, Small Scaled Mud Carp, Smooth Nylon Shrimp, Ziege - Disclaimer: Refers to the presence of the allergen in the product, as listed in the regulations specified by an agency and specification or any local market regulations.	https://ref.gs1.org/voc/AllergenTypeCode	urn:gs1:std:gdsn:c-1513720680	Carp and its derivatives	Refers to the presence of Carp and its derivatives in the product. - Family/Genus/Species: Cyprinidae /Cyprinus/(various) - Also known as: Banded Carpet Shell, Bighead Carp, Black Carp, Blue Morwong, Carp, Common Carp, Crucian Carp, Giant Barb, Golden Carpet Shell, Grass Carp, Grooved Carpet Shell, Large Razorbelly Minnow, Mola Carplet, Mottled Grouper, Mrigal, Mud Carp, Quillback, Reba Carp, River Carpsucker, Rockfish, Rudd, Silver Carp, Small Scaled Mud Carp, Smooth Nylon Shrimp, Ziege - Disclaimer: Refers to the presence of the allergen in the product, as listed in the regulations specified by an agency and specification or any local market regulations.	ACP	True	False		rdf:type + originalCodeValue + JSON sourceId/classId + GDSN codeListName/label
https://ref.gs1.org/voc/AllergenTypeCode-AD	urn:gs1:std:gdsn:cv168960	type-and-original-code	AllergenTypeCode	AD	168960	3-Amino-2,4-dichlorophenol 	Definition (includes Common Name): Refers to the presence of 3-Amino-2,4-dichlorophenol in the product. - CAS Registry Number: 61693-42-3 - Also known as: - Disclaimer: Refers to the presence of the allergen in the product, as listed in the regulations specified by an agency and specification or any local market regulations.	https://ref.gs1.org/voc/AllergenTypeCode	urn:gs1:std:gdsn:c-1513720680	3-Amino-2,4-dichlorophenol 	Refers to the presence of 3-Amino-2,4-dichlorophenol in the product. - CAS Registry Number: 61693-42-3 - Also known as: - Disclaimer: Refers to the presence of the allergen in the product, as listed in the regulations specified by an agency and specification or any local market regulations.	AD	True	False		rdf:type + originalCodeValue + JSON sourceId/classId + GDSN codeListName/label
https://ref.gs1.org/voc/AllergenTypeCode-ADB	urn:gs1:std:gdsn:cv168961	type-and-original-code	AllergenTypeCode	ADB	168961	Bass and its derivatives	Definition (includes Common Name): Refers to the presence of Bass and its derivatives in the product. - Family/Genus/Species: Percichthyidae Macquaria novemaculeata/Serranidae Centropristis striata/Nototheniidae Dissostichus eleginoides/Polyprionidae Stereolepis gigas - Also known as: Akamutsu, Antarctic Toothfish, Argentine Sea Bass, Atlantic Creolefish, Bank Sea Bass, Barred Sand Bass, Black Crappie, Black Sea Bass, Blackfin Seabass, Blackmouth Bass, Blacktip Grouper, Choctaw Bass, Common Name, European Sea Bass, European Seabass, Giant Perch, Giant Sea Bass, Guadalupe Bass, Hapuka, Himalayan Glassy Perchlet, Japanese SeabassLargemouth Bass, Japanese Seaperch, Kelp Bass, Largemouth Bass, Longtail Bass, Meagre, Murray Cod, Northern Rockfish, Oscar, Ozark Bass, Pacific Creolefish, Palmetto Bass, Patagonian Toothfish, Peacock Cichlid, Peruvian Sea Bass, Red Drum, Roanoke Bass, Rock Bass, Rock Sea Bass, Sea Bass, Shortfin Corvina, Smallmouth Bass, Splittail Bass, Spotted Bass, Spotted Grouper, Spotted Sand Bass, Striped Bass, Sunshine Bass, Suwannee Bass, Tripletail, Warmouth, White Bass, White Crappie, White Seabass, Wreckfish, Yellow Bass - Disclaimer: Refers to the presence of the allergen in the product, as listed in the regulations specified by an agency and specification or any local market regulations.	https://ref.gs1.org/voc/AllergenTypeCode	urn:gs1:std:gdsn:c-1513720680	Bass and its derivatives	Refers to the presence of Bass and its derivatives in the product. - Family/Genus/Species: Percichthyidae Macquaria novemaculeata/Serranidae Centropristis striata/Nototheniidae Dissostichus eleginoides/Polyprionidae Stereolepis gigas - Also known as: Akamutsu, Antarctic Toothfish, Argentine Sea Bass, Atlantic Creolefish, Bank Sea Bass, Barred Sand Bass, Black Crappie, Black Sea Bass, Blackfin Seabass, Blackmouth Bass, Blacktip Grouper, Choctaw Bass, Common Name, European Sea Bass, European Seabass, Giant Perch, Giant Sea Bass, Guadalupe Bass, Hapuka, Himalayan Glassy Perchlet, Japanese SeabassLargemouth Bass, Japanese Seaperch, Kelp Bass, Largemouth Bass, Longtail Bass, Meagre, Murray Cod, Northern Rockfish, Oscar, Ozark Bass, Pacific Creolefish, Palmetto Bass, Patagonian Toothfish, Peacock Cichlid, Peruvian Sea Bass, Red Drum, Roanoke Bass, Rock Bass, Rock Sea Bass, Sea Bass, Shortfin Corvina, Smallmouth Bass, Splittail Bass, Spotted Bass, Spotted Grouper, Spotted Sand Bass, Striped Bass, Sunshine Bass, Suwannee Bass, Tripletail, Warmouth, White Bass, White Crappie, White Seabass, Wreckfish, Yellow Bass - Disclaimer: Refers to the presence of the allergen in the product, as listed in the regulations specified by an agency and specification or any local market regulations.	ADB	True	False		rdf:type + originalCodeValue + JSON sourceId/classId + GDSN codeListName/label
https://ref.gs1.org/voc/AllergenTypeCode-ADC	urn:gs1:std:gdsn:cv168962	type-and-original-code	AllergenTypeCode	ADC	168962	Anchovy and its derivatives	Definition (includes Common Name): Refers to the presence of Anchovies and its derivatives in the product. - Family/Genus/Species: Engraulidae/(various) - Also known as: Anchoveta, Anchovy, Bay Anchovy, Deepbody Anchovy, Dusky Anchovy, European Anchovy, Flat Anchovy, Japanese Anchovy, Key Anchovy, Moustached Thryssa, New Jersey Anchovy, Northern Anchovy, Ramcarat Grenadier Anchovy, Round Headed Anchovy, Silver Anchovy, Slough Anchovy, Southern Anchovy, Striped Anchovy, Teri Anchovy - Disclaimer: Refers to the presence of the allergen in the product, as listed in the regulations specified by an agency and specification or any local market regulations.	https://ref.gs1.org/voc/AllergenTypeCode	urn:gs1:std:gdsn:c-1513720680	Anchovy and its derivatives	Refers to the presence of Anchovies and its derivatives in the product. - Family/Genus/Species: Engraulidae/(various) - Also known as: Anchoveta, Anchovy, Bay Anchovy, Deepbody Anchovy, Dusky Anchovy, European Anchovy, Flat Anchovy, Japanese Anchovy, Key Anchovy, Moustached Thryssa, New Jersey Anchovy, Northern Anchovy, Ramcarat Grenadier Anchovy, Round Headed Anchovy, Silver Anchovy, Slough Anchovy, Southern Anchovy, Striped Anchovy, Teri Anchovy - Disclaimer: Refers to the presence of the allergen in the product, as listed in the regulations specified by an agency and specification or any local market regulations.	ADC	True	False		rdf:type + originalCodeValue + JSON sourceId/classId + GDSN codeListName/label
https://ref.gs1.org/voc/AllergenTypeCode-ADE	urn:gs1:std:gdsn:cv168963	type-and-original-code	AllergenTypeCode	ADE	168963	Catfish and its derivatives	Definition (includes Common Name): Refers to the presence of Catfish and its derivatives in the product. - Family/Genus/Species: (various) - Also known as: Asian Redtail Catfish, Atlantic Wolffish, Bagrid Catfish, Bagrid Catfishes, Black Bullhead, Blue Catfish, Broadhead Catfish, Brown Bullhead, Catfish, Channel Catfish, Couma Sea Catfish, Crucifix Sea Catfish, Flathead Catfish, Flatwhiskered Catfish, Gafftopsail Catfish, Giant Catfish, Giant River Catfish, Gilded Catfish, Gillbacker Sea Catfish, Glass Catfishes, Hardhead Catfish, Hardhead Sea Catfish, Highwaterman Catfish, Hybrid Clarias Catfish, Large Spotted Dogfish, Long Whiskered Catfish, Mekong Giant Catfish, Northern Wolffish, Pabdah Catfish, Pemecou Sea Catfish, Sharptooth Catfish, Spotted Stargazer, Spotted Wolffish, Stinging Catfish, Striped Dwarf Catfish, Sucker Catfishes, Sutchi Catfish, Tiger Sorubim, Walking Catfish, Wels Catfish, White Catfish, Yaqui Catfish, Yellowtail Catfish - Disclaimer: Refers to the presence of the allergen in the product, as listed in the regulations specified by an agency and specification or any local market regulations.	https://ref.gs1.org/voc/AllergenTypeCode	urn:gs1:std:gdsn:c-1513720680	Catfish and its derivatives	Refers to the presence of Catfish and its derivatives in the product. - Family/Genus/Species: (various) - Also known as: Asian Redtail Catfish, Atlantic Wolffish, Bagrid Catfish, Bagrid Catfishes, Black Bullhead, Blue Catfish, Broadhead Catfish, Brown Bullhead, Catfish, Channel Catfish, Couma Sea Catfish, Crucifix Sea Catfish, Flathead Catfish, Flatwhiskered Catfish, Gafftopsail Catfish, Giant Catfish, Giant River Catfish, Gilded Catfish, Gillbacker Sea Catfish, Glass Catfishes, Hardhead Catfish, Hardhead Sea Catfish, Highwaterman Catfish, Hybrid Clarias Catfish, Large Spotted Dogfish, Long Whiskered Catfish, Mekong Giant Catfish, Northern Wolffish, Pabdah Catfish, Pemecou Sea Catfish, Sharptooth Catfish, Spotted Stargazer, Spotted Wolffish, Stinging Catfish, Striped Dwarf Catfish, Sucker Catfishes, Sutchi Catfish, Tiger Sorubim, Walking Catfish, Wels Catfish, White Catfish, Yaqui Catfish, Yellowtail Catfish - Disclaimer: Refers to the presence of the allergen in the product, as listed in the regulations specified by an agency and specification or any local market regulations.	ADE	True	False		rdf:type + originalCodeValue + JSON sourceId/classId + GDSN codeListName/label
https://ref.gs1.org/voc/AllergenTypeCode-ADF	urn:gs1:std:gdsn:cv168964	type-and-original-code	AllergenTypeCode	ADF	168964	Cod and its derivatives	Definition (includes Common Name): Refers to the presence of Cod and its derivatives in the product. - Family/Genus/Species: Gadidae/Gadus/(various) - Also known as: Arctic Cod, Atlantic Cod, Blue Antimora, Common Mora, Greenland Cod, Longfin Codling, Maori Cod, Northern Bastard Codling, Pacific Cod, Polar Cod, Red Cod, Rock Cod, Saffron Cod, Tadpole Mora, Toothed Cod - Disclaimer: Refers to the presence of the allergen in the product, as listed in the regulations specified by an agency and specification or any local market regulations.	https://ref.gs1.org/voc/AllergenTypeCode	urn:gs1:std:gdsn:c-1513720680	Cod and its derivatives	Refers to the presence of Cod and its derivatives in the product. - Family/Genus/Species: Gadidae/Gadus/(various) - Also known as: Arctic Cod, Atlantic Cod, Blue Antimora, Common Mora, Greenland Cod, Longfin Codling, Maori Cod, Northern Bastard Codling, Pacific Cod, Polar Cod, Red Cod, Rock Cod, Saffron Cod, Tadpole Mora, Toothed Cod - Disclaimer: Refers to the presence of the allergen in the product, as listed in the regulations specified by an agency and specification or any local market regulations.	ADF	True	False		rdf:type + originalCodeValue + JSON sourceId/classId + GDSN codeListName/label
https://ref.gs1.org/voc/AllergenTypeCode-ADG	urn:gs1:std:gdsn:cv168965	type-and-original-code	AllergenTypeCode	ADG	168965	Flounder and its derivatives	Definition (includes Common Name): Refers to the presence of Flounder and its derivatives in the product. - Family/Genus/Species: Achiropsettidae or Bothidae or Pleuronectidae or Paralichthyidae or Samaridae/(various) - Also known as: Arctic Flounder, Arrowtooth Flounder, Bering Flounder, Bigmouth Flounder, Black Flounder, Blackback, Brill, Broad Flounder, California Flounder, Common Dab, Cortez Halibut, European Flounder, Eyed Flounder, Fivespot Flounder, Fluke, Fourspot Flounder, Fourspot Megrim, Greenback Flounder, Gulf Flounder, Indian Ocean Spiny Halibut, Kamchatka Flounder, Largetoothed Flounder, Longhead Dab, Megrim, Mexican Flounder, New Zealand Brill, Olive Flounder, Panther Flounder, Patagonian Flounder, Peacock Flounder, Pelican Flounder, Sand Flounder, Slime Flounder, Smalleye Flounder, Smalltoothed Flounder, Sohachi Flounder, Southern Flounder, Speckled Flounder, Starry Flounder, Summer Flounder, Three-eye Flounder, Threespot Righteye Flounder, Tropical Flounder, Windowpane, Winter Flounder, Witch, Witch Flounder, Yellowbelly Flounder, Yellowtail Flounder - Disclaimer: Refers to the presence of the allergen in the product, as listed in the regulations specified by an agency and specification or any local market regulations.	https://ref.gs1.org/voc/AllergenTypeCode	urn:gs1:std:gdsn:c-1513720680	Flounder and its derivatives	Refers to the presence of Flounder and its derivatives in the product. - Family/Genus/Species: Achiropsettidae or Bothidae or Pleuronectidae or Paralichthyidae or Samaridae/(various) - Also known as: Arctic Flounder, Arrowtooth Flounder, Bering Flounder, Bigmouth Flounder, Black Flounder, Blackback, Brill, Broad Flounder, California Flounder, Common Dab, Cortez Halibut, European Flounder, Eyed Flounder, Fivespot Flounder, Fluke, Fourspot Flounder, Fourspot Megrim, Greenback Flounder, Gulf Flounder, Indian Ocean Spiny Halibut, Kamchatka Flounder, Largetoothed Flounder, Longhead Dab, Megrim, Mexican Flounder, New Zealand Brill, Olive Flounder, Panther Flounder, Patagonian Flounder, Peacock Flounder, Pelican Flounder, Sand Flounder, Slime Flounder, Smalleye Flounder, Smalltoothed Flounder, Sohachi Flounder, Southern Flounder, Speckled Flounder, Starry Flounder, Summer Flounder, Three-eye Flounder, Threespot Righteye Flounder, Tropical Flounder, Windowpane, Winter Flounder, Witch, Witch Flounder, Yellowbelly Flounder, Yellowtail Flounder - Disclaimer: Refers to the presence of the allergen in the product, as listed in the regulations specified by an agency and specification or any local market regulations.	ADG	True	False		rdf:type + originalCodeValue + JSON sourceId/classId + GDSN codeListName/label
https://ref.gs1.org/voc/AllergenTypeCode-ADH	urn:gs1:std:gdsn:cv168966	type-and-original-code	AllergenTypeCode	ADH	168966	Grouper and its derivatives	Definition (includes Common Name): Refers to the presence of Grouper and its derivatives in the product. - Family/Genus/Species: Serranidae subfamily Epinephelina/(various) - Also known as: Banded Grouper, Black Grouper, Blacktip Grouper, Bridled Grouper, Broomtail Grouper, Brownspotted Rockcod, Camouflage Grouper, Chevron Tailed Grouper, Comb Grouper, Comet Grouper, Coney, Coral Hind, Dot-dash Grouper, Dusky Grouper, Dusty Tail Grouper, Gag, Giant Grouper, Goliath, Graysby, Greasy Rockcod, Grouper, Gulf Coney, Gulf Grouper, Halfmoon Grouper, Hawaiian Grouper, Highfin Grouper, Hong Kong Grouper, Leopard Coralgrouper, Longspine Grouper, Malabar Grouper, Marbled Grouper, Misty Grouper, Mottled Grouper, Nassau Grouper, Netfin Grouper, Oblique-banded Grouper, Orange-spotted Grouper, Persian Grouper, Purplespotted Grouper, Red Grouper, Red Hind, Redmouth Grouper, Sabah Grouper, Sand Perch, Scamp, Sixbar Grouper, Slender Grouper, Snowy Grouper, Snubnose Grouper, Speckled Blue Grouper, Speckled Dwarf Grouper, Spinycheek Grouper, Spotted Grouper, Squaretail Coralgrouper, Starspotted Grouper, Star-studded grouper, Strawberry Hind, Striped Grouper, Tiger Grouper, Tomato Hind, Warsaw Grouper, Wavy Lined Grouper, White Grouper, White-blotched Grouper, Yellowedge Grouper, Yellow-edged Lyretail, Yellowfin Grouper, Yellowmouth Grouper - Disclaimer: Refers to the presence of the allergen in the product, as listed in the regulations specified by an agency and specification or any local market regulations.	https://ref.gs1.org/voc/AllergenTypeCode	urn:gs1:std:gdsn:c-1513720680	Grouper and its derivatives	Refers to the presence of Grouper and its derivatives in the product. - Family/Genus/Species: Serranidae subfamily Epinephelina/(various) - Also known as: Banded Grouper, Black Grouper, Blacktip Grouper, Bridled Grouper, Broomtail Grouper, Brownspotted Rockcod, Camouflage Grouper, Chevron Tailed Grouper, Comb Grouper, Comet Grouper, Coney, Coral Hind, Dot-dash Grouper, Dusky Grouper, Dusty Tail Grouper, Gag, Giant Grouper, Goliath, Graysby, Greasy Rockcod, Grouper, Gulf Coney, Gulf Grouper, Halfmoon Grouper, Hawaiian Grouper, Highfin Grouper, Hong Kong Grouper, Leopard Coralgrouper, Longspine Grouper, Malabar Grouper, Marbled Grouper, Misty Grouper, Mottled Grouper, Nassau Grouper, Netfin Grouper, Oblique-banded Grouper, Orange-spotted Grouper, Persian Grouper, Purplespotted Grouper, Red Grouper, Red Hind, Redmouth Grouper, Sabah Grouper, Sand Perch, Scamp, Sixbar Grouper, Slender Grouper, Snowy Grouper, Snubnose Grouper, Speckled Blue Grouper, Speckled Dwarf Grouper, Spinycheek Grouper, Spotted Grouper, Squaretail Coralgrouper, Starspotted Grouper, Star-studded grouper, Strawberry Hind, Striped Grouper, Tiger Grouper, Tomato Hind, Warsaw Grouper, Wavy Lined Grouper, White Grouper, White-blotched Grouper, Yellowedge Grouper, Yellow-edged Lyretail, Yellowfin Grouper, Yellowmouth Grouper - Disclaimer: Refers to the presence of the allergen in the product, as listed in the regulations specified by an agency and specification or any local market regulations.	ADH	True	False		rdf:type + originalCodeValue + JSON sourceId/classId + GDSN codeListName/label
https://ref.gs1.org/voc/AllergenTypeCode-ADI	urn:gs1:std:gdsn:cv168967	type-and-original-code	AllergenTypeCode	ADI	168967	Haddock and its derivatives	Definition (includes Common Name): Refers to the presence of Haddock and its derivatives in the product. - Family/Genus/Species: Gadidae/Melanogrammus/Melanogrammus aeglefinus - Also known as: - Disclaimer: Refers to the presence of the allergen in the product, as listed in the regulations specified by an agency and specification or any local market regulations.	https://ref.gs1.org/voc/AllergenTypeCode	urn:gs1:std:gdsn:c-1513720680	Haddock and its derivatives	Refers to the presence of Haddock and its derivatives in the product. - Family/Genus/Species: Gadidae/Melanogrammus/Melanogrammus aeglefinus - Also known as: - Disclaimer: Refers to the presence of the allergen in the product, as listed in the regulations specified by an agency and specification or any local market regulations.	ADI	True	False		rdf:type + originalCodeValue + JSON sourceId/classId + GDSN codeListName/label
https://ref.gs1.org/voc/AllergenTypeCode-ADJ	urn:gs1:std:gdsn:cv168968	type-and-original-code	AllergenTypeCode	ADJ	168968	Hake and its derivatives	Definition (includes Common Name): Refers to the presence of Hake and its derivatives in the product. - Family/Genus/Species: Merlucciidae or Phycidae or Gadidae subfamily Phycinae/(various) - Also known as: Argentine hake, Benguela hake, Brazilian Hake, Carolina Hake, Deep-water hake, European hake, Gayi hake, Gulf Hake, Longfin Hake, North Pacific hake, Offshore hake, Panama hake, Red Hake, Senegalese hake, Shallow-water hake, Silver hake, Southern Hake, Southern hake, Spotted Hake, White Hake - Disclaimer: Refers to the presence of the allergen in the product, as listed in the regulations specified by an agency and specification or any local market regulations.	https://ref.gs1.org/voc/AllergenTypeCode	urn:gs1:std:gdsn:c-1513720680	Hake and its derivatives	Refers to the presence of Hake and its derivatives in the product. - Family/Genus/Species: Merlucciidae or Phycidae or Gadidae subfamily Phycinae/(various) - Also known as: Argentine hake, Benguela hake, Brazilian Hake, Carolina Hake, Deep-water hake, European hake, Gayi hake, Gulf Hake, Longfin Hake, North Pacific hake, Offshore hake, Panama hake, Red Hake, Senegalese hake, Shallow-water hake, Silver hake, Southern Hake, Southern hake, Spotted Hake, White Hake - Disclaimer: Refers to the presence of the allergen in the product, as listed in the regulations specified by an agency and specification or any local market regulations.	ADJ	True	False		rdf:type + originalCodeValue + JSON sourceId/classId + GDSN codeListName/label
https://ref.gs1.org/voc/AllergenTypeCode-ADK	urn:gs1:std:gdsn:cv168969	type-and-original-code	AllergenTypeCode	ADK	168969	Halibut and its derivatives	Definition (includes Common Name): Refers to the presence of Halibut and its derivatives in the product. - FFamily/Genus/Species: Pleuronectidae/Hippoglossus/Hippoglossus hippoglossus or Hippoglossus stenolepis or Reinhardtius hippoglossoides - Also known as: Atlantic Halibut, Pacific Halibut, Greenland Halibut - Disclaimer: Refers to the presence of the allergen in the product, as listed in the regulations specified by an agency and specification or any local market regulations.	https://ref.gs1.org/voc/AllergenTypeCode	urn:gs1:std:gdsn:c-1513720680	Halibut and its derivatives	Refers to the presence of Halibut and its derivatives in the product. - FFamily/Genus/Species: Pleuronectidae/Hippoglossus/Hippoglossus hippoglossus or Hippoglossus stenolepis or Reinhardtius hippoglossoides - Also known as: Atlantic Halibut, Pacific Halibut, Greenland Halibut - Disclaimer: Refers to the presence of the allergen in the product, as listed in the regulations specified by an agency and specification or any local market regulations.	ADK	True	False		rdf:type + originalCodeValue + JSON sourceId/classId + GDSN codeListName/label
https://ref.gs1.org/voc/AllergenTypeCode-ADL	urn:gs1:std:gdsn:cv168970	type-and-original-code	AllergenTypeCode	ADL	168970	Herring and its derivatives	Definition (includes Common Name): Refers to the presence of Herring and its derivatives in the product. - Family/Genus/Species: Clupeidae/Clupea/(various) - Also known as: African Ilisha, Araucanian herring, Atlantic Herring, Atlantic Thread Herring, Bigeye Ilisha, Blackstripe herring, Blueback Herring, Day's round herring, Deepbody Thread Herring, Denticle herring, Dogtooth herring, Dwarf round herring, Flatiron Herring, Galapagos thread herring, Gilchrist's round herring, Graceful herring, Indian Ilisha, Indian Pellona, Javan Ilisha, Little-eye round herring, Middling thread herring, Pacific Flatiron herring, Pacific Herring, Pacific thread herring, Panamanian Ilisha, Pugnose Ilisha, Red-eye round herring, Round Herring, Sanaga pygmy herring, Silver Darlings, Silver-stripe round herring, Skipjack Herring, Slender thread herring, Striped herring, Tardoore, Toothed river herring, Two-finned round herring, Venezuelan herring, West African pygmy herring, Whitehead's round herring - Disclaimer: Refers to the presence of the allergen in the product, as listed in the regulations specified by an agency and specification or any local market regulations.	https://ref.gs1.org/voc/AllergenTypeCode	urn:gs1:std:gdsn:c-1513720680	Herring and its derivatives	Refers to the presence of Herring and its derivatives in the product. - Family/Genus/Species: Clupeidae/Clupea/(various) - Also known as: African Ilisha, Araucanian herring, Atlantic Herring, Atlantic Thread Herring, Bigeye Ilisha, Blackstripe herring, Blueback Herring, Day's round herring, Deepbody Thread Herring, Denticle herring, Dogtooth herring, Dwarf round herring, Flatiron Herring, Galapagos thread herring, Gilchrist's round herring, Graceful herring, Indian Ilisha, Indian Pellona, Javan Ilisha, Little-eye round herring, Middling thread herring, Pacific Flatiron herring, Pacific Herring, Pacific thread herring, Panamanian Ilisha, Pugnose Ilisha, Red-eye round herring, Round Herring, Sanaga pygmy herring, Silver Darlings, Silver-stripe round herring, Skipjack Herring, Slender thread herring, Striped herring, Tardoore, Toothed river herring, Two-finned round herring, Venezuelan herring, West African pygmy herring, Whitehead's round herring - Disclaimer: Refers to the presence of the allergen in the product, as listed in the regulations specified by an agency and specification or any local market regulations.	ADL	True	False		rdf:type + originalCodeValue + JSON sourceId/classId + GDSN codeListName/label
https://ref.gs1.org/voc/AllergenTypeCode-ADM	urn:gs1:std:gdsn:cv168971	type-and-original-code	AllergenTypeCode	ADM	168971	Mahi mahi and its derivatives	Definition (includes Common Name): Refers to the presence of Mahi Mahi and its derivatives in the product. - Family/Genus/Species: Coryphaenidae/Coryphaena/C. hippurus - Also known as: Mahi, Mahi-Mahi, Common Dolphinfish, Dorado, Pompano Dolphin - Disclaimer: Refers to the presence of the allergen in the product, as listed in the regulations specified by an agency and specification or any local market regulations.	https://ref.gs1.org/voc/AllergenTypeCode	urn:gs1:std:gdsn:c-1513720680	Mahi mahi and its derivatives	Refers to the presence of Mahi Mahi and its derivatives in the product. - Family/Genus/Species: Coryphaenidae/Coryphaena/C. hippurus - Also known as: Mahi, Mahi-Mahi, Common Dolphinfish, Dorado, Pompano Dolphin - Disclaimer: Refers to the presence of the allergen in the product, as listed in the regulations specified by an agency and specification or any local market regulations.	ADM	True	False		rdf:type + originalCodeValue + JSON sourceId/classId + GDSN codeListName/label
https://ref.gs1.org/voc/AllergenTypeCode-ADP	urn:gs1:std:gdsn:cv168972	type-and-original-code	AllergenTypeCode	ADP	168972	Pike and its derivatives	Definition (includes Common Name): Refers to the presence of Pike and its derivatives in the product. - Family/Genus/Species: Esocidae/Esox/(various) - Also known as: Pike, Pickerel, American Pickerel, Amur Pike, Aquitanian Pike, Chain Pickerel, Muskellunge, Northern Pike, Southern Pike, Grass Pike - Disclaimer: Refers to the presence of the allergen in the product, as listed in the regulations specified by an agency and specification or any local market regulations.	https://ref.gs1.org/voc/AllergenTypeCode	urn:gs1:std:gdsn:c-1513720680	Pike and its derivatives	Refers to the presence of Pike and its derivatives in the product. - Family/Genus/Species: Esocidae/Esox/(various) - Also known as: Pike, Pickerel, American Pickerel, Amur Pike, Aquitanian Pike, Chain Pickerel, Muskellunge, Northern Pike, Southern Pike, Grass Pike - Disclaimer: Refers to the presence of the allergen in the product, as listed in the regulations specified by an agency and specification or any local market regulations.	ADP	True	False		rdf:type + originalCodeValue + JSON sourceId/classId + GDSN codeListName/label
https://ref.gs1.org/voc/AllergenTypeCode-ADQ	urn:gs1:std:gdsn:cv168973	type-and-original-code	AllergenTypeCode	ADQ	168973	Pollock and its derivatives	Definition (includes Common Name): Refers to the presence of Pollock and its derivatives in the product. - Family/Genus/Species: Gadidae/Pollachius/Pollachius pollachius or Pollachius virens - Also known as: Atlantic pollock, European pollock, Lieu Jaune, Lythe, Boston Blue, Silver Bill, Saithem Pollock, Pollack, Coley, Coalfish, Walleye Pollock - Disclaimer: Refers to the presence of the allergen in the product, as listed in the regulations specified by an agency and specification or any local market regulations.	https://ref.gs1.org/voc/AllergenTypeCode	urn:gs1:std:gdsn:c-1513720680	Pollock and its derivatives	Refers to the presence of Pollock and its derivatives in the product. - Family/Genus/Species: Gadidae/Pollachius/Pollachius pollachius or Pollachius virens - Also known as: Atlantic pollock, European pollock, Lieu Jaune, Lythe, Boston Blue, Silver Bill, Saithem Pollock, Pollack, Coley, Coalfish, Walleye Pollock - Disclaimer: Refers to the presence of the allergen in the product, as listed in the regulations specified by an agency and specification or any local market regulations.	ADQ	True	False		rdf:type + originalCodeValue + JSON sourceId/classId + GDSN codeListName/label
https://ref.gs1.org/voc/AllergenTypeCode-ADR	urn:gs1:std:gdsn:cv168974	type-and-original-code	AllergenTypeCode	ADR	168974	Salmon and its derivatives	Definition (includes Common Name): Refers to the presence of Salmon and its derivatives in the product. - Family/Genus/Species: Salmonidae subfamily Salmoninae/(various) - Also known as: Atlantic salmon, Chinook salmon, Chum salmon, Coho salmon, Masu salmon, Pacific Salmon, Pink salmon, Sockeye salmon - Disclaimer: Refers to the presence of the allergen in the product, as listed in the regulations specified by an agency and specification or any local market regulations.	https://ref.gs1.org/voc/AllergenTypeCode	urn:gs1:std:gdsn:c-1513720680	Salmon and its derivatives	Refers to the presence of Salmon and its derivatives in the product. - Family/Genus/Species: Salmonidae subfamily Salmoninae/(various) - Also known as: Atlantic salmon, Chinook salmon, Chum salmon, Coho salmon, Masu salmon, Pacific Salmon, Pink salmon, Sockeye salmon - Disclaimer: Refers to the presence of the allergen in the product, as listed in the regulations specified by an agency and specification or any local market regulations.	ADR	True	False		rdf:type + originalCodeValue + JSON sourceId/classId + GDSN codeListName/label
https://ref.gs1.org/voc/AllergenTypeCode-ADS	urn:gs1:std:gdsn:cv168975	type-and-original-code	AllergenTypeCode	ADS	168975	Snapper and its derivatives	Definition (includes Common Name): Refers to the presence of Snapper and its derivatives in the product. - Family/Genus/Species: Lutjanidae/(various) - Also known as: African Forktail Snapper, Amarillo Snapper, Black and White Snapper, Black Snapper, Blackfin Snapper, Blacktail Snapper, Bloodred Snapper, Blubberlip Snapper, Bluestriped Snapper, Cardinal Snapper, Caribbean Red Snapper, Chinamanfish, Colorado Snapper, Crimson Jobfish, Crimson Snapper, Cubera Snapper, Cunera Snapper, Dog Snapper, Emperor Snapper, Five-lined Snapper, Goldbanded Jobfish, Golden Snapper, Goldeneye Jobfish, Gold-striped Snapper, Gray Snapper, Green Jobfish, Humpback Snapper, John's Snapper, Lane Snapper, Lavender Jobfish, Mahogany Snapper, Malabar Snapper, Mangrove Red Snapper, Midnight Snapper, Mullet Snapper, Mutton Snapper, Oblique-banded Snapper, Onespot Snapper, Pacific Dog Snapper, Pacific Snapper, Pinjalo, Pink Snapper, Queen Snapper, Red Snapper, Rose Snapper, Ruby Snapper, Rufous Snapper, Rusty Jobfish, Saddleback Snapper, Sailfin Snapper, Sharptooth Jobfish, Silk Snapper, Smalltooth Jobfish, Snapper, Twinspot Snapper, Vermilion Snapper, Wenchman, Yellowstripe Snapper, Yellowtail Blue Snapper, Yellowtail Snapper - Disclaimer: Refers to the presence of the allergen in the product, as listed in the regulations specified by an agency and specification or any local market regulations.	https://ref.gs1.org/voc/AllergenTypeCode	urn:gs1:std:gdsn:c-1513720680	Snapper and its derivatives	Refers to the presence of Snapper and its derivatives in the product. - Family/Genus/Species: Lutjanidae/(various) - Also known as: African Forktail Snapper, Amarillo Snapper, Black and White Snapper, Black Snapper, Blackfin Snapper, Blacktail Snapper, Bloodred Snapper, Blubberlip Snapper, Bluestriped Snapper, Cardinal Snapper, Caribbean Red Snapper, Chinamanfish, Colorado Snapper, Crimson Jobfish, Crimson Snapper, Cubera Snapper, Cunera Snapper, Dog Snapper, Emperor Snapper, Five-lined Snapper, Goldbanded Jobfish, Golden Snapper, Goldeneye Jobfish, Gold-striped Snapper, Gray Snapper, Green Jobfish, Humpback Snapper, John's Snapper, Lane Snapper, Lavender Jobfish, Mahogany Snapper, Malabar Snapper, Mangrove Red Snapper, Midnight Snapper, Mullet Snapper, Mutton Snapper, Oblique-banded Snapper, Onespot Snapper, Pacific Dog Snapper, Pacific Snapper, Pinjalo, Pink Snapper, Queen Snapper, Red Snapper, Rose Snapper, Ruby Snapper, Rufous Snapper, Rusty Jobfish, Saddleback Snapper, Sailfin Snapper, Sharptooth Jobfish, Silk Snapper, Smalltooth Jobfish, Snapper, Twinspot Snapper, Vermilion Snapper, Wenchman, Yellowstripe Snapper, Yellowtail Blue Snapper, Yellowtail Snapper - Disclaimer: Refers to the presence of the allergen in the product, as listed in the regulations specified by an agency and specification or any local market regulations.	ADS	True	False		rdf:type + originalCodeValue + JSON sourceId/classId + GDSN codeListName/label
https://ref.gs1.org/voc/AllergenTypeCode-ADT	urn:gs1:std:gdsn:cv168976	type-and-original-code	AllergenTypeCode	ADT	168976	Sole and its derivatives	Definition (includes Common Name): Refers to the presence of Sole and its derivatives in the product. - Family/Genus/Species: Soleidae or Achiridae or Cynoglossidae or Pleuronectidae/(various) - Also known as: American Sole, Butter Sole, C-O Sole, Curlfin Sole, Deepsea Sole, Double-lined Tonguesole, Dover Sole, English Sole, Fantail Sole, Flathead Sole, Hogchoker, Lemon Sole, Milky Spotted Sole, Mud Sole, Naked Sole, Narrowbanded Sole, New Zealand Lemon Sole, Northern Rock Sole, Oriental Sole, Pacific Dover, Petrale Sole, Rex Sole, Roughscale Sole, Sand Sole, Scrawled Sole, Senegalese Sole, Slender Sole, Sole, Solenette, Southern Rock Sole, Thickback Sole, Toungue Sole, Tounguefish, West Coast Sole, Yellowfin Sole - Disclaimer: Refers to the presence of the allergen in the product, as listed in the regulations specified by an agency and specification or any local market regulations.	https://ref.gs1.org/voc/AllergenTypeCode	urn:gs1:std:gdsn:c-1513720680	Sole and its derivatives	Refers to the presence of Sole and its derivatives in the product. - Family/Genus/Species: Soleidae or Achiridae or Cynoglossidae or Pleuronectidae/(various) - Also known as: American Sole, Butter Sole, C-O Sole, Curlfin Sole, Deepsea Sole, Double-lined Tonguesole, Dover Sole, English Sole, Fantail Sole, Flathead Sole, Hogchoker, Lemon Sole, Milky Spotted Sole, Mud Sole, Naked Sole, Narrowbanded Sole, New Zealand Lemon Sole, Northern Rock Sole, Oriental Sole, Pacific Dover, Petrale Sole, Rex Sole, Roughscale Sole, Sand Sole, Scrawled Sole, Senegalese Sole, Slender Sole, Sole, Solenette, Southern Rock Sole, Thickback Sole, Toungue Sole, Tounguefish, West Coast Sole, Yellowfin Sole - Disclaimer: Refers to the presence of the allergen in the product, as listed in the regulations specified by an agency and specification or any local market regulations.	ADT	True	False		rdf:type + originalCodeValue + JSON sourceId/classId + GDSN codeListName/label
https://ref.gs1.org/voc/AllergenTypeCode-ADU	urn:gs1:std:gdsn:cv168977	type-and-original-code	AllergenTypeCode	ADU	168977	Swordfish and its derivatives	Definition (includes Common Name): Refers to the presence of Swordfish and its derivatives in the product. - FFamily/Genus/Species: Xiphiidae/Xiphias/X. gladius - Also known as: Swordfish, Broadbill - Disclaimer: Refers to the presence of the allergen in the product, as listed in the regulations specified by an agency and specification or any local market regulations.	https://ref.gs1.org/voc/AllergenTypeCode	urn:gs1:std:gdsn:c-1513720680	Swordfish and its derivatives	Refers to the presence of Swordfish and its derivatives in the product. - FFamily/Genus/Species: Xiphiidae/Xiphias/X. gladius - Also known as: Swordfish, Broadbill - Disclaimer: Refers to the presence of the allergen in the product, as listed in the regulations specified by an agency and specification or any local market regulations.	ADU	True	False		rdf:type + originalCodeValue + JSON sourceId/classId + GDSN codeListName/label
https://ref.gs1.org/voc/AllergenTypeCode-ADV	urn:gs1:std:gdsn:cv168978	type-and-original-code	AllergenTypeCode	ADV	168978	Tilapia and its derivatives	Definition (includes Common Name): Refers to the presence of Tilapia and its derivatives in the product. - Family/Genus/Species: Cichlidae/Talapia or Coptodon or Oreochormis or Sarotherodon/(various) - Also known as: Talapia, Mozambique Talapia, Nile Talapia, Blue Talapia - Disclaimer: Refers to the presence of the allergen in the product, as listed in the regulations specified by an agency and specification or any local market regulations.	https://ref.gs1.org/voc/AllergenTypeCode	urn:gs1:std:gdsn:c-1513720680	Tilapia and its derivatives	Refers to the presence of Tilapia and its derivatives in the product. - Family/Genus/Species: Cichlidae/Talapia or Coptodon or Oreochormis or Sarotherodon/(various) - Also known as: Talapia, Mozambique Talapia, Nile Talapia, Blue Talapia - Disclaimer: Refers to the presence of the allergen in the product, as listed in the regulations specified by an agency and specification or any local market regulations.	ADV	True	False		rdf:type + originalCodeValue + JSON sourceId/classId + GDSN codeListName/label
https://ref.gs1.org/voc/AllergenTypeCode-ADW	urn:gs1:std:gdsn:cv168979	type-and-original-code	AllergenTypeCode	ADW	168979	Trout and its derivatives	Definition (includes Common Name): Refers to the presence of Trout and its derivatives in the product. - Family/Genus/Species: Salmonida subfamily Salmoninae/Oncorhynchus or Salmo or Salvelinus- Also known as: Adriatic Trout, Alvord Cutthroat Trout, Apache Trout, Aurora Trout, Baja California Rainbow Trout, Beardslee Trout, Biwa Trout, Bonneville Cutthroat Trout, Brook Trout, Brown Trout, Bull Trout, Coastal Cutthroat Trout, Coastal Rainbow Trout (steelhead), Colorado River Cutthroat Trout, Columbia River Redband Trout, Crescenti Trout, Cutthroat Trout, Dolly Varden, Dolly Varden Trout, Eagle Lake Trout, Flathead Trout, Genus Oncorhynchus, Gila Trout, Golden Trout, Great Basin Redband Trout, Greenback Cutthroat Trout, Humboldt Cutthroat Trout, Inconnu, Kamchatkan Rainbow Trout, Kamloops Rainbow Trout, Kern River Rainbow Trout, Lacustrine Trout, Lahontan Cutthroat Trout, Lake Trout, Little Kern Golden Trout, Marble Trout, McCloud River Redband Trout, Mexican Golden Trout, Nelson's Trout, Ohrid Trout, Paiute Cutthroat Trout, Rainbow Trout, Rio Grande Cutthroat Trout, River Trout, Sacramento Golden Trout, San Pedro Martir Trout, Sea Trout, Sevan Trout, Sheepheaven Creek Redband Trout, Silver Trout, Snake River Fine-spotted Cutthroat Trout, Soca River Trout, Soča Trout, Speckled Lake (Splake) Trout, Tiger Trout, Trout, Westslope Cutthroat Trout, Whitehorse Basin Cutthroat Trout, Yellowstone Cutthroat Trout - Disclaimer: Refers to the presence of the allergen in the product, as listed in the regulations specified by an agency and specification or any local market regulations.	https://ref.gs1.org/voc/AllergenTypeCode	urn:gs1:std:gdsn:c-1513720680	Trout and its derivatives	Refers to the presence of Trout and its derivatives in the product. - Family/Genus/Species: Salmonida subfamily Salmoninae/Oncorhynchus or Salmo or Salvelinus- Also known as: Adriatic Trout, Alvord Cutthroat Trout, Apache Trout, Aurora Trout, Baja California Rainbow Trout, Beardslee Trout, Biwa Trout, Bonneville Cutthroat Trout, Brook Trout, Brown Trout, Bull Trout, Coastal Cutthroat Trout, Coastal Rainbow Trout (steelhead), Colorado River Cutthroat Trout, Columbia River Redband Trout, Crescenti Trout, Cutthroat Trout, Dolly Varden, Dolly Varden Trout, Eagle Lake Trout, Flathead Trout, Genus Oncorhynchus, Gila Trout, Golden Trout, Great Basin Redband Trout, Greenback Cutthroat Trout, Humboldt Cutthroat Trout, Inconnu, Kamchatkan Rainbow Trout, Kamloops Rainbow Trout, Kern River Rainbow Trout, Lacustrine Trout, Lahontan Cutthroat Trout, Lake Trout, Little Kern Golden Trout, Marble Trout, McCloud River Redband Trout, Mexican Golden Trout, Nelson's Trout, Ohrid Trout, Paiute Cutthroat Trout, Rainbow Trout, Rio Grande Cutthroat Trout, River Trout, Sacramento Golden Trout, San Pedro Martir Trout, Sea Trout, Sevan Trout, Sheepheaven Creek Redband Trout, Silver Trout, Snake River Fine-spotted Cutthroat Trout, Soca River Trout, Soča Trout, Speckled Lake (Splake) Trout, Tiger Trout, Trout, Westslope Cutthroat Trout, Whitehorse Basin Cutthroat Trout, Yellowstone Cutthroat Trout - Disclaimer: Refers to the presence of the allergen in the product, as listed in the regulations specified by an agency and specification or any local market regulations.	ADW	True	False		rdf:type + originalCodeValue + JSON sourceId/classId + GDSN codeListName/label
https://ref.gs1.org/voc/AllergenTypeCode-AE	urn:gs1:std:gdsn:cv168980	type-and-original-code	AllergenTypeCode	AE	168980	Eggs and its derivatives	Definition (includes Common Name): Refers to the presence of eggs and its derivates in the product - Family/Genus/Species: - Also known as: Ovum - Disclaimer: Refers to the presence of the allergen in the product, as listed in the regulations specified by an agency and specification or any local market regulations.	https://ref.gs1.org/voc/AllergenTypeCode	urn:gs1:std:gdsn:c-1513720680	Eggs and its derivatives	Refers to the presence of eggs and its derivates in the product - Family/Genus/Species: - Also known as: Ovum - Disclaimer: Refers to the presence of the allergen in the product, as listed in the regulations specified by an agency and specification or any local market regulations.	AE	True	False		rdf:type + originalCodeValue + JSON sourceId/classId + GDSN codeListName/label
https://ref.gs1.org/voc/AllergenTypeCode-AF	urn:gs1:std:gdsn:cv168981	type-and-original-code	AllergenTypeCode	AF	168981	Fish and its derivatives	Definition (includes Common Name): Refers to the presence of Fish and its derivates in the product. - Family/Genus/Species: (various) - Also known as: (various) - Disclaimer: Refers to the presence of the allergen in the product, as listed in the regulations specified by an agency and specification or any local market regulations.	https://ref.gs1.org/voc/AllergenTypeCode	urn:gs1:std:gdsn:c-1513720680	Fish and its derivatives	Refers to the presence of Fish and its derivates in the product. - Family/Genus/Species: (various) - Also known as: (various) - Disclaimer: Refers to the presence of the allergen in the product, as listed in the regulations specified by an agency and specification or any local market regulations.	AF	True	False		rdf:type + originalCodeValue + JSON sourceId/classId + GDSN codeListName/label
https://ref.gs1.org/voc/AllergenTypeCode-AH	urn:gs1:std:gdsn:cv168982	type-and-original-code	AllergenTypeCode	AH	168982	Anise Alcohol	Definition (includes Common Name): Refers to the presence of Anise Alcohol in the product. - CAS Registry Number: 105-13-5 - Also known as: anisyl alcohol - Disclaimer: Refers to the presence of the allergen in the product, as listed in the regulations specified by an agency and specification or any local market regulations.	https://ref.gs1.org/voc/AllergenTypeCode	urn:gs1:std:gdsn:c-1513720680	Anise Alcohol	Refers to the presence of Anise Alcohol in the product. - CAS Registry Number: 105-13-5 - Also known as: anisyl alcohol - Disclaimer: Refers to the presence of the allergen in the product, as listed in the regulations specified by an agency and specification or any local market regulations.	AH	True	False		rdf:type + originalCodeValue + JSON sourceId/classId + GDSN codeListName/label
https://ref.gs1.org/voc/AllergenTypeCode-AI	urn:gs1:std:gdsn:cv168983	type-and-original-code	AllergenTypeCode	AI	168983	Alpha-Isomethyl Ionone	Definition (includes Common Name): Refers to the presence of Alpha-Isomethyl Ionone in the product. - CAS Registry Number: 127-51-5 - Also known as: 3 Methyl-4-(2,6,6-trimethyl-2-cyclohexen-1-yl)-3-buten-2-on - Disclaimer: Refers to the presence of the allergen in the product, as listed in the regulations specified by an agency and specification or any local market regulations.	https://ref.gs1.org/voc/AllergenTypeCode	urn:gs1:std:gdsn:c-1513720680	Alpha-Isomethyl Ionone	Refers to the presence of Alpha-Isomethyl Ionone in the product. - CAS Registry Number: 127-51-5 - Also known as: 3 Methyl-4-(2,6,6-trimethyl-2-cyclohexen-1-yl)-3-buten-2-on - Disclaimer: Refers to the presence of the allergen in the product, as listed in the regulations specified by an agency and specification or any local market regulations.	AI	True	False		rdf:type + originalCodeValue + JSON sourceId/classId + GDSN codeListName/label
https://ref.gs1.org/voc/AllergenTypeCode-AJF	urn:gs1:std:gdsn:cv168984	type-and-original-code	AllergenTypeCode	AJF	168984	Amberjack fish and its derivatives	Definition (includes Common Name): Refers to the presence of Amberjack and its Derivatives in the product. - Family/Genus/Species: Carangidae/Seriola/(various) - Also known as: Amberjack, Buri, Greater amberjack, Lesser amberjack, Almaco jack, Yellowtail, Banded rudderfish - Disclaimer: Refers to the presence of the allergen in the product, as listed in the regulations specified by an agency and specification or any local market regulations.	https://ref.gs1.org/voc/AllergenTypeCode	urn:gs1:std:gdsn:c-1513720680	Amberjack fish and its derivatives	Refers to the presence of Amberjack and its Derivatives in the product. - Family/Genus/Species: Carangidae/Seriola/(various) - Also known as: Amberjack, Buri, Greater amberjack, Lesser amberjack, Almaco jack, Yellowtail, Banded rudderfish - Disclaimer: Refers to the presence of the allergen in the product, as listed in the regulations specified by an agency and specification or any local market regulations.	AJF	True	False		rdf:type + originalCodeValue + JSON sourceId/classId + GDSN codeListName/label
https://ref.gs1.org/voc/AllergenTypeCode-AL	urn:gs1:std:gdsn:cv168985	type-and-original-code	AllergenTypeCode	AL	168985	Amyl cinnamal 	Definition (includes Common Name): Refers to the presence of Amyl Cinnamal in the product. - CAS Registry Number: 122-40-7 - Also known as: alpha-amyl cinnamic aldehyde - Disclaimer: Refers to the presence of the allergen in the product, as listed in the regulations specified by an agency and specification or any local market regulations.	https://ref.gs1.org/voc/AllergenTypeCode	urn:gs1:std:gdsn:c-1513720680	Amyl cinnamal 	Refers to the presence of Amyl Cinnamal in the product. - CAS Registry Number: 122-40-7 - Also known as: alpha-amyl cinnamic aldehyde - Disclaimer: Refers to the presence of the allergen in the product, as listed in the regulations specified by an agency and specification or any local market regulations.	AL	True	False		rdf:type + originalCodeValue + JSON sourceId/classId + GDSN codeListName/label
https://ref.gs1.org/voc/AllergenTypeCode-ALMONDS	urn:gs1:std:gdsn:cv169108	type-and-original-code	AllergenTypeCode	SA	169108	Almonds and its derivatives	Definition (includes Common Name): Refers to the presence of almonds and its derivatives in the product. - Family/Genus/Species: Prunus dulcis. - Also known as: - Disclaimer: Refers to the presence of the allergen in the product, as listed in the regulations specified by an agency and specification or any local market regulations.	https://ref.gs1.org/voc/AllergenTypeCode	urn:gs1:std:gdsn:c-1513720680	Almond and Almond Products	Refers to the presence of almond and almond products as listed in the regulations specified in AllergenSpecificationAgency and AllergenSpecificationName.	ALMONDS	False	True	https://ref.gs1.org/voc/AllergenTypeCode-SA	rdf:type + originalCodeValue + JSON sourceId/classId + GDSN codeListName/label
https://ref.gs1.org/voc/AllergenTypeCode-ALPHA_ISOMETHYL_IONONE	urn:gs1:std:gdsn:cv168983	type-and-original-code	AllergenTypeCode	AI	168983	Alpha-Isomethyl Ionone	Definition (includes Common Name): Refers to the presence of Alpha-Isomethyl Ionone in the product. - CAS Registry Number: 127-51-5 - Also known as: 3 Methyl-4-(2,6,6-trimethyl-2-cyclohexen-1-yl)-3-buten-2-on - Disclaimer: Refers to the presence of the allergen in the product, as listed in the regulations specified by an agency and specification or any local market regulations.	https://ref.gs1.org/voc/AllergenTypeCode	urn:gs1:std:gdsn:c-1513720680	Alpha-Isomethyl Ionone	Refers to the presence of Alpha-Isomethyl Ionone as listed in the regulations specified in AllergenSpecificationAgency and AllergenSpecificationName.	ALPHA_ISOMETHYL_IONONE	False	True	https://ref.gs1.org/voc/AllergenTypeCode-AI	rdf:type + originalCodeValue + JSON sourceId/classId + GDSN codeListName/label
https://ref.gs1.org/voc/AllergenTypeCode-AM	urn:gs1:std:gdsn:cv168986	type-and-original-code	AllergenTypeCode	AM	168986	Milk and its derivatives	Definition (includes Common Name): Refers to the presence of milk and its derivatives in the product, as listed in in the product. - Family/Genus/Species: - Also known as: - Disclaimer: Refers to the presence of the allergen in the product, as listed in the regulations specified by an agency and specification or any local market regulations.	https://ref.gs1.org/voc/AllergenTypeCode	urn:gs1:std:gdsn:c-1513720680	Milk and its derivatives	Refers to the presence of milk and its derivatives in the product, as listed in in the product. - Family/Genus/Species: - Also known as: - Disclaimer: Refers to the presence of the allergen in the product, as listed in the regulations specified by an agency and specification or any local market regulations.	AM	True	False		rdf:type + originalCodeValue + JSON sourceId/classId + GDSN codeListName/label
https://ref.gs1.org/voc/AllergenTypeCode-AMYLCINNAMYL_ALCOHOL	urn:gs1:std:gdsn:cv168947	type-and-original-code	AllergenTypeCode	AA	168947	Amylcinnamyl alcohol 	Definition (includes Common Name): Refers to the presence of Amylcinnamyl Alcohol in the product. - CAS Registry Number: 101-85-9 - Also known as: alpha-Amylcinnamyl alcohol - Disclaimer: Refers to the presence of the allergen in the product, as listed in the regulations specified by an agency and specification or any local market regulations.	https://ref.gs1.org/voc/AllergenTypeCode	urn:gs1:std:gdsn:c-1513720680	Amylcinnamyl Alcohol	Refers to the presence of Amylcinnamyl Alcohol as listed in the regulations specified in AllergenSpecificationAgency and AllergenSpecificationName.	AMYLCINNAMYL_ALCOHOL	False	True	https://ref.gs1.org/voc/AllergenTypeCode-AA	rdf:type + originalCodeValue + JSON sourceId/classId + GDSN codeListName/label
https://ref.gs1.org/voc/AllergenTypeCode-AMYL_CINNAMAL	urn:gs1:std:gdsn:cv168985	type-and-original-code	AllergenTypeCode	AL	168985	Amyl cinnamal 	Definition (includes Common Name): Refers to the presence of Amyl Cinnamal in the product. - CAS Registry Number: 122-40-7 - Also known as: alpha-amyl cinnamic aldehyde - Disclaimer: Refers to the presence of the allergen in the product, as listed in the regulations specified by an agency and specification or any local market regulations.	https://ref.gs1.org/voc/AllergenTypeCode	urn:gs1:std:gdsn:c-1513720680	Amyl Cinnamal	Refers to the presence of Amyl Cinnamal as listed in the regulations specified in AllergenSpecificationAgency and AllergenSpecificationName.	AMYL_CINNAMAL	False	True	https://ref.gs1.org/voc/AllergenTypeCode-AL	rdf:type + originalCodeValue + JSON sourceId/classId + GDSN codeListName/label
https://ref.gs1.org/voc/AllergenTypeCode-AN	urn:gs1:std:gdsn:cv168987	type-and-original-code	AllergenTypeCode	AN	168987	Tree nuts (Nuts) and its derivatives	Definition (includes Common Name): Refers to the presence of Tree nuts or nuts and its derivatives in the product. - Family/Genus/Species: Fagales. - Also known as: Nuts - Disclaimer: Refers to the presence of the allergen in the product, as listed in the regulations specified by an agency and specification or any local market regulations.	https://ref.gs1.org/voc/AllergenTypeCode	urn:gs1:std:gdsn:c-1513720680	Tree nuts (Nuts) and its derivatives	Refers to the presence of Tree nuts or nuts and its derivatives in the product. - Family/Genus/Species: Fagales. - Also known as: Nuts - Disclaimer: Refers to the presence of the allergen in the product, as listed in the regulations specified by an agency and specification or any local market regulations.	AN	True	False		rdf:type + originalCodeValue + JSON sourceId/classId + GDSN codeListName/label
https://ref.gs1.org/voc/AllergenTypeCode-ANCHOVY	urn:gs1:std:gdsn:cv168962	type-and-original-code	AllergenTypeCode	ADC	168962	Anchovy and its derivatives	Definition (includes Common Name): Refers to the presence of Anchovies and its derivatives in the product. - Family/Genus/Species: Engraulidae/(various) - Also known as: Anchoveta, Anchovy, Bay Anchovy, Deepbody Anchovy, Dusky Anchovy, European Anchovy, Flat Anchovy, Japanese Anchovy, Key Anchovy, Moustached Thryssa, New Jersey Anchovy, Northern Anchovy, Ramcarat Grenadier Anchovy, Round Headed Anchovy, Silver Anchovy, Slough Anchovy, Southern Anchovy, Striped Anchovy, Teri Anchovy - Disclaimer: Refers to the presence of the allergen in the product, as listed in the regulations specified by an agency and specification or any local market regulations.	https://ref.gs1.org/voc/AllergenTypeCode	urn:gs1:std:gdsn:c-1513720680	Anchovy and its Derivatives	Refers to the presence of anchovies and their derivatives in the product, as listed as listed in the regulations specified in AllergenSpecificationAgency and AllergenSpecificationName.	ANCHOVY	False	True	https://ref.gs1.org/voc/AllergenTypeCode-ADC	rdf:type + originalCodeValue + JSON sourceId/classId + GDSN codeListName/label
https://ref.gs1.org/voc/AllergenTypeCode-ANISE_ALCOHOL	urn:gs1:std:gdsn:cv168982	type-and-original-code	AllergenTypeCode	AH	168982	Anise Alcohol	Definition (includes Common Name): Refers to the presence of Anise Alcohol in the product. - CAS Registry Number: 105-13-5 - Also known as: anisyl alcohol - Disclaimer: Refers to the presence of the allergen in the product, as listed in the regulations specified by an agency and specification or any local market regulations.	https://ref.gs1.org/voc/AllergenTypeCode	urn:gs1:std:gdsn:c-1513720680	Anise Alcohol	Refers to the presence of Anise Alcohol as listed in the regulations specified in AllergenSpecificationAgency and AllergenSpecificationName.	ANISE_ALCOHOL	False	True	https://ref.gs1.org/voc/AllergenTypeCode-AH	rdf:type + originalCodeValue + JSON sourceId/classId + GDSN codeListName/label
https://ref.gs1.org/voc/AllergenTypeCode-ANO	urn:gs1:std:gdsn:cv168988	type-and-original-code	AllergenTypeCode	ANO	168988	Perch and its derivatives	Definition (includes Common Name): Refers to the presence of Perch and its derivatives in the product. - Family/Genus/Species: Percidae subfamily Percinae/Perca/(various) - Also known as: Acadian Redfish, Argentinian Sandperch, Barred Surfperch, Black Surfperch, Blue Cod, Calico Surfperch, Chilean Sandperch, Climbing Perch, Deepwater Redfish, Eurasian Perch, Golden Perch, Golden Redfish, Grass Goby, Namorado Sandperch, Nile Perch, Norway Redfish, Pacific Ocean Perch, Painted Comber, Pile Perch, Redtail Surfperch, Rockfish, Rubberlip Seaperch, Sandperch, Sauger, Shiner Surfperch, Silver Perch, Striped Surfperch, Thicktail Cardinalfish, Volga Pikeperch, Walleye Surfperch, White Perch, Yellow Perch, Zander, Zebra Perch - Disclaimer: Refers to the presence of the allergen in the product, as listed in the regulations specified by an agency and specification or any local market regulations.	https://ref.gs1.org/voc/AllergenTypeCode	urn:gs1:std:gdsn:c-1513720680	Perch and its derivatives	Refers to the presence of Perch and its derivatives in the product. - Family/Genus/Species: Percidae subfamily Percinae/Perca/(various) - Also known as: Acadian Redfish, Argentinian Sandperch, Barred Surfperch, Black Surfperch, Blue Cod, Calico Surfperch, Chilean Sandperch, Climbing Perch, Deepwater Redfish, Eurasian Perch, Golden Perch, Golden Redfish, Grass Goby, Namorado Sandperch, Nile Perch, Norway Redfish, Pacific Ocean Perch, Painted Comber, Pile Perch, Redtail Surfperch, Rockfish, Rubberlip Seaperch, Sandperch, Sauger, Shiner Surfperch, Silver Perch, Striped Surfperch, Thicktail Cardinalfish, Volga Pikeperch, Walleye Surfperch, White Perch, Yellow Perch, Zander, Zebra Perch - Disclaimer: Refers to the presence of the allergen in the product, as listed in the regulations specified by an agency and specification or any local market regulations.	ANO	True	False		rdf:type + originalCodeValue + JSON sourceId/classId + GDSN codeListName/label
https://ref.gs1.org/voc/AllergenTypeCode-AP	urn:gs1:std:gdsn:cv168989	type-and-original-code	AllergenTypeCode	AP	168989	Peanuts and its derivatives	Definition (includes Common Name): Refers to the presence of Peanuts and its derivatives in the product. - Family/Genus/Species: Arachis hypogaea. - Also known as: Groundnut, Goober, Pindar, Monkey nut. - Disclaimer: Refers to the presence of the allergen in the product, as listed in the regulations specified by an agency and specification or any local market regulations.	https://ref.gs1.org/voc/AllergenTypeCode	urn:gs1:std:gdsn:c-1513720680	Peanuts and its derivatives	Refers to the presence of Peanuts and its derivatives in the product. - Family/Genus/Species: Arachis hypogaea. - Also known as: Groundnut, Goober, Pindar, Monkey nut. - Disclaimer: Refers to the presence of the allergen in the product, as listed in the regulations specified by an agency and specification or any local market regulations.	AP	True	False		rdf:type + originalCodeValue + JSON sourceId/classId + GDSN codeListName/label
https://ref.gs1.org/voc/AllergenTypeCode-APL	urn:gs1:std:gdsn:cv168990	type-and-original-code	AllergenTypeCode	APL	168990	Apple and its derivatives	Definition (includes Common Name): Refers to the presence of Apple and its derivatives in the product. - Family/Genus/Species: Malus domestica. - Also known as: - Disclaimer: Refers to the presence of the allergen in the product, as listed in the regulations specified by an agency and specification or any local market regulations.	https://ref.gs1.org/voc/AllergenTypeCode	urn:gs1:std:gdsn:c-1513720680	Apple and its derivatives	Refers to the presence of Apple and its derivatives in the product. - Family/Genus/Species: Malus domestica. - Also known as: - Disclaimer: Refers to the presence of the allergen in the product, as listed in the regulations specified by an agency and specification or any local market regulations.	APL	True	False		rdf:type + originalCodeValue + JSON sourceId/classId + GDSN codeListName/label
https://ref.gs1.org/voc/AllergenTypeCode-AS	urn:gs1:std:gdsn:cv168991	type-and-original-code	AllergenTypeCode	AS	168991	Sesame Seeds and its derivatives	Definition (includes Common Name): Refers to the presence of Sesame seeds or its derivatives in the product, as listed in in the product - Family/Genus/Species: Sesamum. - Also known as: - Disclaimer: Refers to the presence of the allergen in the product, as listed in the regulations specified by an agency and specification or any local market regulations.	https://ref.gs1.org/voc/AllergenTypeCode	urn:gs1:std:gdsn:c-1513720680	Sesame Seeds and its derivatives	Refers to the presence of Sesame seeds or its derivatives in the product, as listed in in the product - Family/Genus/Species: Sesamum. - Also known as: - Disclaimer: Refers to the presence of the allergen in the product, as listed in the regulations specified by an agency and specification or any local market regulations.	AS	True	False		rdf:type + originalCodeValue + JSON sourceId/classId + GDSN codeListName/label
https://ref.gs1.org/voc/AllergenTypeCode-ASD	urn:gs1:std:gdsn:cv168992	type-and-original-code	AllergenTypeCode	ASD	168992	Aspartame and aspartame-acesulfame salt and its derivatives	Definition (includes Common Name): Refers to the presence of Aspartame and Aspartame-acesulfame salt in the product. - CAS Registry Number: 22839-47-0 - Also known as: - Disclaimer: Refers to the presence of the allergen in the product, as listed in the regulations specified by an agency and specification or any local market regulations.	https://ref.gs1.org/voc/AllergenTypeCode	urn:gs1:std:gdsn:c-1513720680	Aspartame and aspartame-acesulfame salt and its derivatives	Refers to the presence of Aspartame and Aspartame-acesulfame salt in the product. - CAS Registry Number: 22839-47-0 - Also known as: - Disclaimer: Refers to the presence of the allergen in the product, as listed in the regulations specified by an agency and specification or any local market regulations.	ASD	True	False		rdf:type + originalCodeValue + JSON sourceId/classId + GDSN codeListName/label
https://ref.gs1.org/voc/AllergenTypeCode-AU	urn:gs1:std:gdsn:cv168993	type-and-original-code	AllergenTypeCode	AU	168993	Sulfur Dioxide and Sulfits 	Definition (includes Common Name): Refers to the presence of sulfur dioxide and sulfits in the product. - CAS Registry Number: 7446-09-5 - Also known as: - Disclaimer: Refers to the presence of the allergen in the product, as listed in the regulations specified by an agency and specification or any local market regulations.	https://ref.gs1.org/voc/AllergenTypeCode	urn:gs1:std:gdsn:c-1513720680	Sulfur Dioxide and Sulfits 	Refers to the presence of sulfur dioxide and sulfits in the product. - CAS Registry Number: 7446-09-5 - Also known as: - Disclaimer: Refers to the presence of the allergen in the product, as listed in the regulations specified by an agency and specification or any local market regulations.	AU	True	False		rdf:type + originalCodeValue + JSON sourceId/classId + GDSN codeListName/label
https://ref.gs1.org/voc/AllergenTypeCode-AW	urn:gs1:std:gdsn:cv168994	type-and-original-code	AllergenTypeCode	AW	168994	Cereals and its derivatives	Definition (includes Common Name): Refers to the presence of cereal grains containing gluten (protein) and their derivatives in the product. Includes wheat grains, grains that have been demonstrated capable of triggering celiac disease (such as common wheat, durum, spelt, khorasan, emmer and einkorn), barley, rye and oats as well as any cross hybrids of these grains (such as triticale). -Family/Genus/Species: Poaceae/Gramineae. - Also known as: Grasses, Grains. - Disclaimer: Refers to the presence of the allergen in the product, as listed in the regulations specified by an agency and specification or any local market regulations.	https://ref.gs1.org/voc/AllergenTypeCode	urn:gs1:std:gdsn:c-1513720680	Cereals and its derivatives	Refers to the presence of cereal grains containing gluten (protein) and their derivatives in the product. Includes wheat grains, grains that have been demonstrated capable of triggering celiac disease (such as common wheat, durum, spelt, khorasan, emmer and einkorn), barley, rye and oats as well as any cross hybrids of these grains (such as triticale). -Family/Genus/Species: Poaceae/Gramineae. - Also known as: Grasses, Grains. - Disclaimer: Refers to the presence of the allergen in the product, as listed in the regulations specified by an agency and specification or any local market regulations.	AW	True	False		rdf:type + originalCodeValue + JSON sourceId/classId + GDSN codeListName/label
https://ref.gs1.org/voc/AllergenTypeCode-AWF	urn:gs1:std:gdsn:cv168995	type-and-original-code	AllergenTypeCode	AWF	168995	Whitefish and its derivatives	Definition (includes Common Name): Refers to the presence of Whitefish and its derivatives in the product. - Family/Genus/Species: (various) - Also known as: Humpback Whitefish, Lake Whitefish, Round Whitefish, Whitefish - Disclaimer: Refers to the presence of the allergen in the product, as listed in the regulations specified by an agency and specification or any local market regulations.	https://ref.gs1.org/voc/AllergenTypeCode	urn:gs1:std:gdsn:c-1513720680	Whitefish and its derivatives	Refers to the presence of Whitefish and its derivatives in the product. - Family/Genus/Species: (various) - Also known as: Humpback Whitefish, Lake Whitefish, Round Whitefish, Whitefish - Disclaimer: Refers to the presence of the allergen in the product, as listed in the regulations specified by an agency and specification or any local market regulations.	AWF	True	False		rdf:type + originalCodeValue + JSON sourceId/classId + GDSN codeListName/label
https://ref.gs1.org/voc/AllergenTypeCode-AY	urn:gs1:std:gdsn:cv168996	type-and-original-code	AllergenTypeCode	AY	168996	Soybean and its derivatives	Definition (includes Common Name): Refers to the presence of Soybean and its derivatives in the product, as listed in in the product. - Family/Genus/Species: Glycine max. - Also known as: Soya bean - Disclaimer: Refers to the presence of the allergen in the product, as listed in the regulations specified by an agency and specification or any local market regulations.	https://ref.gs1.org/voc/AllergenTypeCode	urn:gs1:std:gdsn:c-1513720680	Soybean and its derivatives	Refers to the presence of Soybean and its derivatives in the product, as listed in in the product. - Family/Genus/Species: Glycine max. - Also known as: Soya bean - Disclaimer: Refers to the presence of the allergen in the product, as listed in the regulations specified by an agency and specification or any local market regulations.	AY	True	False		rdf:type + originalCodeValue + JSON sourceId/classId + GDSN codeListName/label
https://ref.gs1.org/voc/AllergenTypeCode-BA	urn:gs1:std:gdsn:cv168997	type-and-original-code	AllergenTypeCode	BA	168997	Benzyl Alcohol 	Definition (includes Common Name): Refers to the presence of Benzyl Alcohol in the product. - CAS Registry Number: 100-51-6 - Also known as: - Disclaimer: Refers to the presence of the allergen in the product, as listed in the regulations specified by an agency and specification or any local market regulations.	https://ref.gs1.org/voc/AllergenTypeCode	urn:gs1:std:gdsn:c-1513720680	Benzyl Alcohol 	Refers to the presence of Benzyl Alcohol in the product. - CAS Registry Number: 100-51-6 - Also known as: - Disclaimer: Refers to the presence of the allergen in the product, as listed in the regulations specified by an agency and specification or any local market regulations.	BA	True	False		rdf:type + originalCodeValue + JSON sourceId/classId + GDSN codeListName/label
https://ref.gs1.org/voc/AllergenTypeCode-BARLEY	urn:gs1:std:gdsn:cv169046	type-and-original-code	AllergenTypeCode	GB	169046	Barley and its derivatives	Definition (includes Common Name): Refers to the presence of barley and its derivatives in the product. - Family/Genus/Species: Hordeum vulgare. - Also known as: - Disclaimer: Refers to the presence of the allergen in the product, as listed in the regulations specified by an agency and specification or any local market regulations.	https://ref.gs1.org/voc/AllergenTypeCode	urn:gs1:std:gdsn:c-1513720680	Barley and Barley Products	Refers to the presence of Barley and barley products (gluten containing grain) as listed in the regulations specified in AllergenSpecificationAgency and AllergenSpecificationName.	BARLEY	False	True	https://ref.gs1.org/voc/AllergenTypeCode-GB	rdf:type + originalCodeValue + JSON sourceId/classId + GDSN codeListName/label
https://ref.gs1.org/voc/AllergenTypeCode-BARNACLE	urn:gs1:std:gdsn:cv168950	type-and-original-code	AllergenTypeCode	ABF	168950	Barnacle and its derivatives	Definition (includes Common Name): Refers to the presence of Barnacles and its derivatives in the product. - Family/Genus/Species: (various) - Also known as: Barnacle, Goose Barnacle, Leaf Barnacle, Pico - Disclaimer: Refers to the presence of the allergen in the product, as listed in the regulations specified by an agency and specification or any local market regulations.	https://ref.gs1.org/voc/AllergenTypeCode	urn:gs1:std:gdsn:c-1513720680	Barnacle and its Derivatives	Refers to the presence of Barnacles and their derivatives in the product, as listed as listed in the regulations specified in AllergenSpecificationAgency and AllergenSpecificationName.	BARNACLE	False	True	https://ref.gs1.org/voc/AllergenTypeCode-ABF	rdf:type + originalCodeValue + JSON sourceId/classId + GDSN codeListName/label
https://ref.gs1.org/voc/AllergenTypeCode-BAS	urn:gs1:std:gdsn:cv168998	type-and-original-code	AllergenTypeCode	BAS	168998	Basa and its derivatives	Definition (includes Common Name): Refers to the presence of Basa and its derivates in the product. - Family/Genus/Species: Pangasiidae/Pangasius/P. bocourti - Also known as: Basa, Basa Fish, Bocourti, Pangasius, Panga, Pacific Dory, River Cobbler, Swai - Disclaimer: Refers to the presence of the allergen in the product, as listed in the regulations specified by an agency and specification or any local market regulations.	https://ref.gs1.org/voc/AllergenTypeCode	urn:gs1:std:gdsn:c-1513720680	Basa and its derivatives	Refers to the presence of Basa and its derivates in the product. - Family/Genus/Species: Pangasiidae/Pangasius/P. bocourti - Also known as: Basa, Basa Fish, Bocourti, Pangasius, Panga, Pacific Dory, River Cobbler, Swai - Disclaimer: Refers to the presence of the allergen in the product, as listed in the regulations specified by an agency and specification or any local market regulations.	BAS	True	False		rdf:type + originalCodeValue + JSON sourceId/classId + GDSN codeListName/label
https://ref.gs1.org/voc/AllergenTypeCode-BASA	urn:gs1:std:gdsn:cv168998	type-and-original-code	AllergenTypeCode	BAS	168998	Basa and its derivatives	Definition (includes Common Name): Refers to the presence of Basa and its derivates in the product. - Family/Genus/Species: Pangasiidae/Pangasius/P. bocourti - Also known as: Basa, Basa Fish, Bocourti, Pangasius, Panga, Pacific Dory, River Cobbler, Swai - Disclaimer: Refers to the presence of the allergen in the product, as listed in the regulations specified by an agency and specification or any local market regulations.	https://ref.gs1.org/voc/AllergenTypeCode	urn:gs1:std:gdsn:c-1513720680	Basa and its Derivatives	Refers to the presence of Basa and its derivatives in the product, as listed in the regulations specified in AllergenSpecificationAgency and AllergenSpecificationName.	BASA	False	True	https://ref.gs1.org/voc/AllergenTypeCode-BAS	rdf:type + originalCodeValue + JSON sourceId/classId + GDSN codeListName/label
https://ref.gs1.org/voc/AllergenTypeCode-BASS	urn:gs1:std:gdsn:cv168961	type-and-original-code	AllergenTypeCode	ADB	168961	Bass and its derivatives	Definition (includes Common Name): Refers to the presence of Bass and its derivatives in the product. - Family/Genus/Species: Percichthyidae Macquaria novemaculeata/Serranidae Centropristis striata/Nototheniidae Dissostichus eleginoides/Polyprionidae Stereolepis gigas - Also known as: Akamutsu, Antarctic Toothfish, Argentine Sea Bass, Atlantic Creolefish, Bank Sea Bass, Barred Sand Bass, Black Crappie, Black Sea Bass, Blackfin Seabass, Blackmouth Bass, Blacktip Grouper, Choctaw Bass, Common Name, European Sea Bass, European Seabass, Giant Perch, Giant Sea Bass, Guadalupe Bass, Hapuka, Himalayan Glassy Perchlet, Japanese SeabassLargemouth Bass, Japanese Seaperch, Kelp Bass, Largemouth Bass, Longtail Bass, Meagre, Murray Cod, Northern Rockfish, Oscar, Ozark Bass, Pacific Creolefish, Palmetto Bass, Patagonian Toothfish, Peacock Cichlid, Peruvian Sea Bass, Red Drum, Roanoke Bass, Rock Bass, Rock Sea Bass, Sea Bass, Shortfin Corvina, Smallmouth Bass, Splittail Bass, Spotted Bass, Spotted Grouper, Spotted Sand Bass, Striped Bass, Sunshine Bass, Suwannee Bass, Tripletail, Warmouth, White Bass, White Crappie, White Seabass, Wreckfish, Yellow Bass - Disclaimer: Refers to the presence of the allergen in the product, as listed in the regulations specified by an agency and specification or any local market regulations.	https://ref.gs1.org/voc/AllergenTypeCode	urn:gs1:std:gdsn:c-1513720680	Bass and its Derivatives	Refers to the presence of bass and their derivatives in the product, as listed as listed in the regulations specified in AllergenSpecificationAgency and AllergenSpecificationName.	BASS	False	True	https://ref.gs1.org/voc/AllergenTypeCode-ADB	rdf:type + originalCodeValue + JSON sourceId/classId + GDSN codeListName/label
https://ref.gs1.org/voc/AllergenTypeCode-BB	urn:gs1:std:gdsn:cv168999	type-and-original-code	AllergenTypeCode	BB	168999	Benzyl Benzoate 	Definition (includes Common Name): Refers to the presence of Benzyl Benzoate in the product. - CAS Registry Number: 120-51-4 - Also known as: - Disclaimer: Refers to the presence of the allergen in the product, as listed in the regulations specified by an agency and specification or any local market regulations.	https://ref.gs1.org/voc/AllergenTypeCode	urn:gs1:std:gdsn:c-1513720680	Benzyl Benzoate 	Refers to the presence of Benzyl Benzoate in the product. - CAS Registry Number: 120-51-4 - Also known as: - Disclaimer: Refers to the presence of the allergen in the product, as listed in the regulations specified by an agency and specification or any local market regulations.	BB	True	False		rdf:type + originalCodeValue + JSON sourceId/classId + GDSN codeListName/label
https://ref.gs1.org/voc/AllergenTypeCode-BC	urn:gs1:std:gdsn:cv169000	type-and-original-code	AllergenTypeCode	BC	169000	Celery and its derivatives	Definition (includes Common Name): Refers to the presence of celery or its derivatives in the product, as listed in in the product. - Family/Genus/Species: Apium graveolens. - Also known as: - Disclaimer: Refers to the presence of the allergen in the product, as listed in the regulations specified by an agency and specification or any local market regulations.	https://ref.gs1.org/voc/AllergenTypeCode	urn:gs1:std:gdsn:c-1513720680	Celery and its derivatives	Refers to the presence of celery or its derivatives in the product, as listed in in the product. - Family/Genus/Species: Apium graveolens. - Also known as: - Disclaimer: Refers to the presence of the allergen in the product, as listed in the regulations specified by an agency and specification or any local market regulations.	BC	True	False		rdf:type + originalCodeValue + JSON sourceId/classId + GDSN codeListName/label
https://ref.gs1.org/voc/AllergenTypeCode-BE	urn:gs1:std:gdsn:cv169001	type-and-original-code	AllergenTypeCode	BE	169001	2 (4-tert-Butylbenzyl)	Definition (includes Common Name): Refers to the presence of 2 (4-tert-Butylbenzyl) in the product. - CAS Registry Number: 80-54-6 - Also known as: Butylphenyl Methylpropional - Disclaimer: Refers to the presence of the allergen in the product, as listed in the regulations specified by an agency and specification or any local market regulations.	https://ref.gs1.org/voc/AllergenTypeCode	urn:gs1:std:gdsn:c-1513720680	2 (4-tert-Butylbenzyl)	Refers to the presence of 2 (4-tert-Butylbenzyl) in the product. - CAS Registry Number: 80-54-6 - Also known as: Butylphenyl Methylpropional - Disclaimer: Refers to the presence of the allergen in the product, as listed in the regulations specified by an agency and specification or any local market regulations.	BE	True	False		rdf:type + originalCodeValue + JSON sourceId/classId + GDSN codeListName/label
https://ref.gs1.org/voc/AllergenTypeCode-BEECH_NUTS	urn:gs1:std:gdsn:cv169114	type-and-original-code	AllergenTypeCode	SD	169114	Beech Nuts and its derivatives	Definition (includes Common Name): Refers to the presence of beech nuts and its derivatives in the product. - Family/Genus/Species: Fagus. - Also known as: Beech mast. - Disclaimer: Refers to the presence of the allergen in the product, as listed in the regulations specified by an agency and specification or any local market regulations.	https://ref.gs1.org/voc/AllergenTypeCode	urn:gs1:std:gdsn:c-1513720680	Beech Nuts and Their Derivatives	Refers to the presence of Beech nuts [Fagus spp. (Fagaceae)] and their derivatives in the product, as listed as listed in the regulations specified in AllergenSpecificationAgency and AllergenSpecificationName.	BEECH_NUTS	False	True	https://ref.gs1.org/voc/AllergenTypeCode-SD	rdf:type + originalCodeValue + JSON sourceId/classId + GDSN codeListName/label
https://ref.gs1.org/voc/AllergenTypeCode-BEEF	urn:gs1:std:gdsn:cv169002	type-and-original-code	AllergenTypeCode	BF	169002	Beef and its derivatives	Definition (includes Common Name): Refers to the presence of beef and its derivative in the product, in the product - Family/Genus/Species: Bos taurus Linnaeus - Also known as: - Disclaimer: Refers to the presence of the allergen in the product, as listed in the regulations specified by an agency and specification or any local market regulations.	https://ref.gs1.org/voc/AllergenTypeCode	urn:gs1:std:gdsn:c-1513720680	Beef and its Derivatives	Refers to the presence of beef and its derivative in the product, as listed in the regulations specified in AllergenSpecificationAgency and AllergenSpecificationName.	BEEF	False	True	https://ref.gs1.org/voc/AllergenTypeCode-BF	rdf:type + originalCodeValue + JSON sourceId/classId + GDSN codeListName/label
https://ref.gs1.org/voc/AllergenTypeCode-BENZYL_ALCOHOL	urn:gs1:std:gdsn:cv168997	type-and-original-code	AllergenTypeCode	BA	168997	Benzyl Alcohol 	Definition (includes Common Name): Refers to the presence of Benzyl Alcohol in the product. - CAS Registry Number: 100-51-6 - Also known as: - Disclaimer: Refers to the presence of the allergen in the product, as listed in the regulations specified by an agency and specification or any local market regulations.	https://ref.gs1.org/voc/AllergenTypeCode	urn:gs1:std:gdsn:c-1513720680	Benzyl Alcohol	Refers to the presence of Benzyl Alcohol as listed in the regulations specified in AllergenSpecificationAgency and AllergenSpecificationName.	BENZYL_ALCOHOL	False	True	https://ref.gs1.org/voc/AllergenTypeCode-BA	rdf:type + originalCodeValue + JSON sourceId/classId + GDSN codeListName/label
https://ref.gs1.org/voc/AllergenTypeCode-BENZYL_BENZOATE	urn:gs1:std:gdsn:cv168999	type-and-original-code	AllergenTypeCode	BB	168999	Benzyl Benzoate 	Definition (includes Common Name): Refers to the presence of Benzyl Benzoate in the product. - CAS Registry Number: 120-51-4 - Also known as: - Disclaimer: Refers to the presence of the allergen in the product, as listed in the regulations specified by an agency and specification or any local market regulations.	https://ref.gs1.org/voc/AllergenTypeCode	urn:gs1:std:gdsn:c-1513720680	Benzyl Benzoate	Refers to the presence of Benzyl Benzoate as listed in the regulations specified in AllergenSpecificationAgency and AllergenSpecificationName.	BENZYL_BENZOATE	False	True	https://ref.gs1.org/voc/AllergenTypeCode-BB	rdf:type + originalCodeValue + JSON sourceId/classId + GDSN codeListName/label
https://ref.gs1.org/voc/AllergenTypeCode-BENZYL_CINNAMATE	urn:gs1:std:gdsn:cv169005	type-and-original-code	AllergenTypeCode	BI	169005	Benzyl Cinnamate 	Definition (includes Common Name): Refers to the presence of Benzyl Cinnamate in the product. - CAS Registry Number: 103-41-3 - Also known as: - Disclaimer: Refers to the presence of the allergen in the product, as listed in the regulations specified by an agency and specification or any local market regulations.	https://ref.gs1.org/voc/AllergenTypeCode	urn:gs1:std:gdsn:c-1513720680	Benzyl Cinnamate.	Refers to the presence of Benzyl Cinnamate as listed in the regulations specified in AllergenSpecificationAgency and AllergenSpecificationName.	BENZYL_CINNAMATE	False	True	https://ref.gs1.org/voc/AllergenTypeCode-BI	rdf:type + originalCodeValue + JSON sourceId/classId + GDSN codeListName/label
https://ref.gs1.org/voc/AllergenTypeCode-BENZYL_SALICYLATE	urn:gs1:std:gdsn:cv169016	type-and-original-code	AllergenTypeCode	BS	169016	Benzyl Salicylate 	Definition (includes Common Name): Refers to the presence of Benzyl Salicylate in the product. - CAS Registry Number: 118-58-1 - Also known as: benzyl 2-hydroxybenzoate - Disclaimer: Refers to the presence of the allergen in the product, as listed in the regulations specified by an agency and specification or any local market regulations.	https://ref.gs1.org/voc/AllergenTypeCode	urn:gs1:std:gdsn:c-1513720680	Benzyl Salicylate	Refers to the presence of Benzyl Salicylate as listed in the regulations specified in AllergenSpecificationAgency and AllergenSpecificationName.	BENZYL_SALICYLATE	False	True	https://ref.gs1.org/voc/AllergenTypeCode-BS	rdf:type + originalCodeValue + JSON sourceId/classId + GDSN codeListName/label
https://ref.gs1.org/voc/AllergenTypeCode-BF	urn:gs1:std:gdsn:cv169002	type-and-original-code	AllergenTypeCode	BF	169002	Beef and its derivatives	Definition (includes Common Name): Refers to the presence of beef and its derivative in the product, in the product - Family/Genus/Species: Bos taurus Linnaeus - Also known as: - Disclaimer: Refers to the presence of the allergen in the product, as listed in the regulations specified by an agency and specification or any local market regulations.	https://ref.gs1.org/voc/AllergenTypeCode	urn:gs1:std:gdsn:c-1513720680	Beef and its derivatives	Refers to the presence of beef and its derivative in the product, in the product - Family/Genus/Species: Bos taurus Linnaeus - Also known as: - Disclaimer: Refers to the presence of the allergen in the product, as listed in the regulations specified by an agency and specification or any local market regulations.	BF	True	False		rdf:type + originalCodeValue + JSON sourceId/classId + GDSN codeListName/label
https://ref.gs1.org/voc/AllergenTypeCode-BFD	urn:gs1:std:gdsn:cv169003	type-and-original-code	AllergenTypeCode	BFD	169003	Butterfish and its derivatives	Definition (includes Common Name): Refers to the presence of Butterfish and its Derivatives in the product. - Family/Genus/Species: Stromateidae/Pampus or Peprilus or Stromateus/(various) - Also known as: Black Butterfish, Greenbone, Silver Pomfret, White Pomfret, Gulf Butterfish, Harvestfish, Pacific Pompano, Butterfish, Southwest Atlantic ButterfishCommon Name - Disclaimer: Refers to the presence of the allergen in the product, as listed in the regulations specified by an agency and specification or any local market regulations.	https://ref.gs1.org/voc/AllergenTypeCode	urn:gs1:std:gdsn:c-1513720680	Butterfish and its derivatives	Refers to the presence of Butterfish and its Derivatives in the product. - Family/Genus/Species: Stromateidae/Pampus or Peprilus or Stromateus/(various) - Also known as: Black Butterfish, Greenbone, Silver Pomfret, White Pomfret, Gulf Butterfish, Harvestfish, Pacific Pompano, Butterfish, Southwest Atlantic ButterfishCommon Name - Disclaimer: Refers to the presence of the allergen in the product, as listed in the regulations specified by an agency and specification or any local market regulations.	BFD	True	False		rdf:type + originalCodeValue + JSON sourceId/classId + GDSN codeListName/label
https://ref.gs1.org/voc/AllergenTypeCode-BFH	urn:gs1:std:gdsn:cv169004	type-and-original-code	AllergenTypeCode	BFH	169004	Bonito fish and its derivatives	Definition (includes Common Name): Refers to the presence of Bonito and its Derivatives in the product. - Family/Genus/Species: Scombridae subfamily: Scombrinae/Cybiosarda or Gymnosarda Gill or Orcynopsis Gill or Sarda/(various) - Also known as: Australian Bonito, Dogtooth Tuna, Leaping Bonito, Pacific Bonito, Plain Bonito, Striped Bonito - Disclaimer: Refers to the presence of the allergen in the product, as listed in the regulations specified by an agency and specification or any local market regulations.	https://ref.gs1.org/voc/AllergenTypeCode	urn:gs1:std:gdsn:c-1513720680	Bonito fish and its derivatives	Refers to the presence of Bonito and its Derivatives in the product. - Family/Genus/Species: Scombridae subfamily: Scombrinae/Cybiosarda or Gymnosarda Gill or Orcynopsis Gill or Sarda/(various) - Also known as: Australian Bonito, Dogtooth Tuna, Leaping Bonito, Pacific Bonito, Plain Bonito, Striped Bonito - Disclaimer: Refers to the presence of the allergen in the product, as listed in the regulations specified by an agency and specification or any local market regulations.	BFH	True	False		rdf:type + originalCodeValue + JSON sourceId/classId + GDSN codeListName/label
https://ref.gs1.org/voc/AllergenTypeCode-BI	urn:gs1:std:gdsn:cv169005	type-and-original-code	AllergenTypeCode	BI	169005	Benzyl Cinnamate 	Definition (includes Common Name): Refers to the presence of Benzyl Cinnamate in the product. - CAS Registry Number: 103-41-3 - Also known as: - Disclaimer: Refers to the presence of the allergen in the product, as listed in the regulations specified by an agency and specification or any local market regulations.	https://ref.gs1.org/voc/AllergenTypeCode	urn:gs1:std:gdsn:c-1513720680	Benzyl Cinnamate 	Refers to the presence of Benzyl Cinnamate in the product. - CAS Registry Number: 103-41-3 - Also known as: - Disclaimer: Refers to the presence of the allergen in the product, as listed in the regulations specified by an agency and specification or any local market regulations.	BI	True	False		rdf:type + originalCodeValue + JSON sourceId/classId + GDSN codeListName/label
https://ref.gs1.org/voc/AllergenTypeCode-BLF	urn:gs1:std:gdsn:cv169006	type-and-original-code	AllergenTypeCode	BLF	169006	Bluefish and its derivatives	Definition (includes Common Name): Refers to the presence of Bluefish and its derivates in the product. - Family/Genus/Species: Pomatomidae/Pomatomus/P. saltatrix - Also known as: Bluefish, Elf, Shad, Tailor, Black Sea Bass, Shortfin Corvina, Opaleye, Rudderfish, Pollock - Disclaimer: Refers to the presence of the allergen in the product, as listed in the regulations specified by an agency and specification or any local market regulations.	https://ref.gs1.org/voc/AllergenTypeCode	urn:gs1:std:gdsn:c-1513720680	Bluefish and its derivatives	Refers to the presence of Bluefish and its derivates in the product. - Family/Genus/Species: Pomatomidae/Pomatomus/P. saltatrix - Also known as: Bluefish, Elf, Shad, Tailor, Black Sea Bass, Shortfin Corvina, Opaleye, Rudderfish, Pollock - Disclaimer: Refers to the presence of the allergen in the product, as listed in the regulations specified by an agency and specification or any local market regulations.	BLF	True	False		rdf:type + originalCodeValue + JSON sourceId/classId + GDSN codeListName/label
https://ref.gs1.org/voc/AllergenTypeCode-BLUEFISH	urn:gs1:std:gdsn:cv169006	type-and-original-code	AllergenTypeCode	BLF	169006	Bluefish and its derivatives	Definition (includes Common Name): Refers to the presence of Bluefish and its derivates in the product. - Family/Genus/Species: Pomatomidae/Pomatomus/P. saltatrix - Also known as: Bluefish, Elf, Shad, Tailor, Black Sea Bass, Shortfin Corvina, Opaleye, Rudderfish, Pollock - Disclaimer: Refers to the presence of the allergen in the product, as listed in the regulations specified by an agency and specification or any local market regulations.	https://ref.gs1.org/voc/AllergenTypeCode	urn:gs1:std:gdsn:c-1513720680	Bluefish and its Derivatives	Refers to the presence of Bluefish and its derivatives in the product, as listed in the regulations specified in AllergenSpecificationAgency and AllergenSpecificationName.	BLUEFISH	False	True	https://ref.gs1.org/voc/AllergenTypeCode-BLF	rdf:type + originalCodeValue + JSON sourceId/classId + GDSN codeListName/label
https://ref.gs1.org/voc/AllergenTypeCode-BM	urn:gs1:std:gdsn:cv169007	type-and-original-code	AllergenTypeCode	BM	169007	Mustard and its derivatives	Definition (includes Common Name): Refers to the presence of Mustard or its derivatives in the product, as listed in in the product. - Family/Genus/Species: Brassicaceae. - Also known as: - Disclaimer: Refers to the presence of the allergen in the product, as listed in the regulations specified by an agency and specification or any local market regulations.	https://ref.gs1.org/voc/AllergenTypeCode	urn:gs1:std:gdsn:c-1513720680	Mustard and its derivatives	Refers to the presence of Mustard or its derivatives in the product, as listed in in the product. - Family/Genus/Species: Brassicaceae. - Also known as: - Disclaimer: Refers to the presence of the allergen in the product, as listed in the regulations specified by an agency and specification or any local market regulations.	BM	True	False		rdf:type + originalCodeValue + JSON sourceId/classId + GDSN codeListName/label
https://ref.gs1.org/voc/AllergenTypeCode-BN	urn:gs1:std:gdsn:cv169008	type-and-original-code	AllergenTypeCode	BN	169008	Isoeugenol	Definition (includes Common Name): Refers to the presence of Isoeugenol in the product - CAS Registry Number: 97-54-1 - Also known as: - Disclaimer: Refers to the presence of the allergen in the product, as listed in the regulations specified by an agency and specification or any local market regulations.	https://ref.gs1.org/voc/AllergenTypeCode	urn:gs1:std:gdsn:c-1513720680	Isoeugenol	Refers to the presence of Isoeugenol in the product - CAS Registry Number: 97-54-1 - Also known as: - Disclaimer: Refers to the presence of the allergen in the product, as listed in the regulations specified by an agency and specification or any local market regulations.	BN	True	False		rdf:type + originalCodeValue + JSON sourceId/classId + GDSN codeListName/label
https://ref.gs1.org/voc/AllergenTypeCode-BND	urn:gs1:std:gdsn:cv169009	type-and-original-code	AllergenTypeCode	BND	169009	Banana and its derivatives	Definition (includes Common Name): Refers to the presence of Banana and its derivatives in the product. - Family/Genus/Species: Musa. - Also known as: - Disclaimer: Refers to the presence of the allergen in the product, as listed in the regulations specified by an agency and specification or any local market regulations.	https://ref.gs1.org/voc/AllergenTypeCode	urn:gs1:std:gdsn:c-1513720680	Banana and its derivatives	Refers to the presence of Banana and its derivatives in the product. - Family/Genus/Species: Musa. - Also known as: - Disclaimer: Refers to the presence of the allergen in the product, as listed in the regulations specified by an agency and specification or any local market regulations.	BND	True	False		rdf:type + originalCodeValue + JSON sourceId/classId + GDSN codeListName/label
https://ref.gs1.org/voc/AllergenTypeCode-BO	urn:gs1:std:gdsn:cv169010	type-and-original-code	AllergenTypeCode	BO	169010	d-Limonene	Definition (includes Common Name): Refers to the presence of d-Limonene in the product - CAS Registry Number: 5989-27-5 - Also known as: - Disclaimer: Refers to the presence of the allergen in the product, as listed in the regulations specified by an agency and specification or any local market regulations.	https://ref.gs1.org/voc/AllergenTypeCode	urn:gs1:std:gdsn:c-1513720680	d-Limonene	Refers to the presence of d-Limonene in the product - CAS Registry Number: 5989-27-5 - Also known as: - Disclaimer: Refers to the presence of the allergen in the product, as listed in the regulations specified by an agency and specification or any local market regulations.	BO	True	False		rdf:type + originalCodeValue + JSON sourceId/classId + GDSN codeListName/label
https://ref.gs1.org/voc/AllergenTypeCode-BP	urn:gs1:std:gdsn:cv169011	type-and-original-code	AllergenTypeCode	BP	169011	Linalool	Definition (includes Common Name): Refers to the presence of Linalool in the product - CAS Registry Number: 78-70-6 - Also known as: - Disclaimer: Refers to the presence of the allergen in the product, as listed in the regulations specified by an agency and specification or any local market regulations.	https://ref.gs1.org/voc/AllergenTypeCode	urn:gs1:std:gdsn:c-1513720680	Linalool	Refers to the presence of Linalool in the product - CAS Registry Number: 78-70-6 - Also known as: - Disclaimer: Refers to the presence of the allergen in the product, as listed in the regulations specified by an agency and specification or any local market regulations.	BP	True	False		rdf:type + originalCodeValue + JSON sourceId/classId + GDSN codeListName/label
https://ref.gs1.org/voc/AllergenTypeCode-BQ	urn:gs1:std:gdsn:cv169012	type-and-original-code	AllergenTypeCode	BQ	169012	Methyl Heptine Carbonate	Definition (includes Common Name): Refers to the presence of Methyl 2-octynoate in the product - CAS Registry Number: 111-12-6 - Also known as: 2-Octynoic acid, methyl ester, Folione, Vert de violette, Methyl 2-octynate, Methyl pentylacetylenecarboxylate, NSC 72098, Methyl Heptin Carbonate, Methyl oct-2-ynoate - Disclaimer: Refers to the presence of the allergen in the product, as listed in the regulations specified by an agency and specification or any local market regulations.	https://ref.gs1.org/voc/AllergenTypeCode	urn:gs1:std:gdsn:c-1513720680	Methyl Heptine Carbonate	Refers to the presence of Methyl 2-octynoate in the product - CAS Registry Number: 111-12-6 - Also known as: 2-Octynoic acid, methyl ester, Folione, Vert de violette, Methyl 2-octynate, Methyl pentylacetylenecarboxylate, NSC 72098, Methyl Heptin Carbonate, Methyl oct-2-ynoate - Disclaimer: Refers to the presence of the allergen in the product, as listed in the regulations specified by an agency and specification or any local market regulations.	BQ	True	False		rdf:type + originalCodeValue + JSON sourceId/classId + GDSN codeListName/label
https://ref.gs1.org/voc/AllergenTypeCode-BR	urn:gs1:std:gdsn:cv169013	type-and-original-code	AllergenTypeCode	BR	169013	1,3-Bis-(2,4-diaminophenoxy) propane 	Definition (includes Common Name): Refers to the presence of 1,3-Bis-(2,4-diaminophenoxy)propane in the product. - CAS Registry Number: 81892-72-0 - Also known as: - Disclaimer: Refers to the presence of the allergen in the product, as listed in the regulations specified by an agency and specification or any local market regulations.	https://ref.gs1.org/voc/AllergenTypeCode	urn:gs1:std:gdsn:c-1513720680	1,3-Bis-(2,4-diaminophenoxy) propane 	Refers to the presence of 1,3-Bis-(2,4-diaminophenoxy)propane in the product. - CAS Registry Number: 81892-72-0 - Also known as: - Disclaimer: Refers to the presence of the allergen in the product, as listed in the regulations specified by an agency and specification or any local market regulations.	BR	True	False		rdf:type + originalCodeValue + JSON sourceId/classId + GDSN codeListName/label
https://ref.gs1.org/voc/AllergenTypeCode-BRAZIL_NUTS	urn:gs1:std:gdsn:cv169137	type-and-original-code	AllergenTypeCode	SR	169137	Brazil Nuts and its derivatives	Definition (includes Common Name): Refers to the presence of brazil nuts and its derivatives in the product. - Family/Genus/Species: Bertholletia excelsa. - Also known as: Castanha. - Disclaimer: Refers to the presence of the allergen in the product, as listed in the regulations specified by an agency and specification or any local market regulations.	https://ref.gs1.org/voc/AllergenTypeCode	urn:gs1:std:gdsn:c-1513720680	Brazil Nut and Brazil Nut Products	Refers to the presence of brazil nut and brazil nut products as listed in the regulations specified in AllergenSpecificationAgency and AllergenSpecificationName.	BRAZIL_NUTS	False	True	https://ref.gs1.org/voc/AllergenTypeCode-SR	rdf:type + originalCodeValue + JSON sourceId/classId + GDSN codeListName/label
https://ref.gs1.org/voc/AllergenTypeCode-BRC	urn:gs1:std:gdsn:cv169014	type-and-original-code	AllergenTypeCode	BRC	169014	Barracuda and its derivatives	Definition (includes Common Name): Refers to the presence of Barracuda and its Derivatives in the product. - Family/Genus/Species: Sphyraenidae/Sphyraena/(various) - Also known as: Pacific Barracuda, California Barracuda, Cuda, Barracouta, Barracuda, Great Barracuda, Short Barracuda, Picuda, Japanese Barracuda, Pickhandle Barracuda - Disclaimer: Refers to the presence of the allergen in the product, as listed in the regulations specified by an agency and specification or any local market regulations.	https://ref.gs1.org/voc/AllergenTypeCode	urn:gs1:std:gdsn:c-1513720680	Barracuda and its derivatives	Refers to the presence of Barracuda and its Derivatives in the product. - Family/Genus/Species: Sphyraenidae/Sphyraena/(various) - Also known as: Pacific Barracuda, California Barracuda, Cuda, Barracouta, Barracuda, Great Barracuda, Short Barracuda, Picuda, Japanese Barracuda, Pickhandle Barracuda - Disclaimer: Refers to the presence of the allergen in the product, as listed in the regulations specified by an agency and specification or any local market regulations.	BRC	True	False		rdf:type + originalCodeValue + JSON sourceId/classId + GDSN codeListName/label
https://ref.gs1.org/voc/AllergenTypeCode-BREAM	urn:gs1:std:gdsn:cv169015	type-and-original-code	AllergenTypeCode	BRM	169015	Bream and its derivatives	Definition (includes Common Name): Refers to the presence of Bream and its derivates in the product. - Family/Genus/Species: Cyprinidae sub. Leuciscinae/(various) - Also known as: Antarctic Butterfish, Black Sweetlips, Bloodred Snapper, Bluegill, Blue-lined Large-eye Bream, Bogue, Bream, Bronze Bream, Carp Bream, Common Bream, Common Pandora, Delagoa Threadfin Bream, Fork-tailed Threadfin Bream, Freshwater Bream, Gilthead Bream, Golden Redfish, Golden Tai, Golden Threadfin Bream, Humpnose Big-eye Bream, Japanese Threadfin Bream, Longfin Tilapia, Long-spined Red Bream, Lowfinned Drummer, Madai, Malabar Snapper, Margate, Mauvelip Threadfin Bream, Mozambique Large-eye Bream, Pacific Pomfret, Pinfish, Pumpkinseed, Puntazzo, Red Bream, Red Porgy, Redbreast Tilapia, Redear Sunfish, River Bream, Rock Flagtail, Sea Bream, Southern Rays Bream, Squirefish, Taiwan Tai, Tarakihi, Threadfin Bream, Warmouth, Western Australian Gizzard Shad - Disclaimer: Refers to the presence of the allergen in the product, as listed in the regulations specified by an agency and specification or any local market regulations.	https://ref.gs1.org/voc/AllergenTypeCode	urn:gs1:std:gdsn:c-1513720680	Bream and its Derivatives	Refers to the presence of Bream and its derivatives in the product, as listed in the regulations specified in AllergenSpecificationAgency and AllergenSpecificationName.	BREAM	False	True	https://ref.gs1.org/voc/AllergenTypeCode-BRM	rdf:type + originalCodeValue + JSON sourceId/classId + GDSN codeListName/label
https://ref.gs1.org/voc/AllergenTypeCode-BRM	urn:gs1:std:gdsn:cv169015	type-and-original-code	AllergenTypeCode	BRM	169015	Bream and its derivatives	Definition (includes Common Name): Refers to the presence of Bream and its derivates in the product. - Family/Genus/Species: Cyprinidae sub. Leuciscinae/(various) - Also known as: Antarctic Butterfish, Black Sweetlips, Bloodred Snapper, Bluegill, Blue-lined Large-eye Bream, Bogue, Bream, Bronze Bream, Carp Bream, Common Bream, Common Pandora, Delagoa Threadfin Bream, Fork-tailed Threadfin Bream, Freshwater Bream, Gilthead Bream, Golden Redfish, Golden Tai, Golden Threadfin Bream, Humpnose Big-eye Bream, Japanese Threadfin Bream, Longfin Tilapia, Long-spined Red Bream, Lowfinned Drummer, Madai, Malabar Snapper, Margate, Mauvelip Threadfin Bream, Mozambique Large-eye Bream, Pacific Pomfret, Pinfish, Pumpkinseed, Puntazzo, Red Bream, Red Porgy, Redbreast Tilapia, Redear Sunfish, River Bream, Rock Flagtail, Sea Bream, Southern Rays Bream, Squirefish, Taiwan Tai, Tarakihi, Threadfin Bream, Warmouth, Western Australian Gizzard Shad - Disclaimer: Refers to the presence of the allergen in the product, as listed in the regulations specified by an agency and specification or any local market regulations.	https://ref.gs1.org/voc/AllergenTypeCode	urn:gs1:std:gdsn:c-1513720680	Bream and its derivatives	Refers to the presence of Bream and its derivates in the product. - Family/Genus/Species: Cyprinidae sub. Leuciscinae/(various) - Also known as: Antarctic Butterfish, Black Sweetlips, Bloodred Snapper, Bluegill, Blue-lined Large-eye Bream, Bogue, Bream, Bronze Bream, Carp Bream, Common Bream, Common Pandora, Delagoa Threadfin Bream, Fork-tailed Threadfin Bream, Freshwater Bream, Gilthead Bream, Golden Redfish, Golden Tai, Golden Threadfin Bream, Humpnose Big-eye Bream, Japanese Threadfin Bream, Longfin Tilapia, Long-spined Red Bream, Lowfinned Drummer, Madai, Malabar Snapper, Margate, Mauvelip Threadfin Bream, Mozambique Large-eye Bream, Pacific Pomfret, Pinfish, Pumpkinseed, Puntazzo, Red Bream, Red Porgy, Redbreast Tilapia, Redear Sunfish, River Bream, Rock Flagtail, Sea Bream, Southern Rays Bream, Squirefish, Taiwan Tai, Tarakihi, Threadfin Bream, Warmouth, Western Australian Gizzard Shad - Disclaimer: Refers to the presence of the allergen in the product, as listed in the regulations specified by an agency and specification or any local market regulations.	BRM	True	False		rdf:type + originalCodeValue + JSON sourceId/classId + GDSN codeListName/label
https://ref.gs1.org/voc/AllergenTypeCode-BS	urn:gs1:std:gdsn:cv169016	type-and-original-code	AllergenTypeCode	BS	169016	Benzyl Salicylate 	Definition (includes Common Name): Refers to the presence of Benzyl Salicylate in the product. - CAS Registry Number: 118-58-1 - Also known as: benzyl 2-hydroxybenzoate - Disclaimer: Refers to the presence of the allergen in the product, as listed in the regulations specified by an agency and specification or any local market regulations.	https://ref.gs1.org/voc/AllergenTypeCode	urn:gs1:std:gdsn:c-1513720680	Benzyl Salicylate 	Refers to the presence of Benzyl Salicylate in the product. - CAS Registry Number: 118-58-1 - Also known as: benzyl 2-hydroxybenzoate - Disclaimer: Refers to the presence of the allergen in the product, as listed in the regulations specified by an agency and specification or any local market regulations.	BS	True	False		rdf:type + originalCodeValue + JSON sourceId/classId + GDSN codeListName/label
https://ref.gs1.org/voc/AllergenTypeCode-BUTTERNUTS	urn:gs1:std:gdsn:cv169116	type-and-original-code	AllergenTypeCode	SE	169116	Butternuts and its derivatives	Definition (includes Common Name): Refers to the presence of butternuts and its derivatives in the product. - Family/Genus/Species: Juglans cinerea. - Also known as: White walnut. - Disclaimer: Refers to the presence of the allergen in the product, as listed in the regulations specified by an agency and specification or any local market regulations.	https://ref.gs1.org/voc/AllergenTypeCode	urn:gs1:std:gdsn:c-1513720680	Butternuts and Their Derivatives	Refers to the presence of Butternuts [Juglans cinerea (Juglandaceae)] and their derivatives in the product, as listed as listed in the regulations specified in AllergenSpecificationAgency and AllergenSpecificationName.	BUTTERNUTS	False	True	https://ref.gs1.org/voc/AllergenTypeCode-SE	rdf:type + originalCodeValue + JSON sourceId/classId + GDSN codeListName/label
https://ref.gs1.org/voc/AllergenTypeCode-BUTYLPHENYL_METHYLPROPIONATE	urn:gs1:std:gdsn:cv169001	type-and-original-code	AllergenTypeCode	BE	169001	2 (4-tert-Butylbenzyl)	Definition (includes Common Name): Refers to the presence of 2 (4-tert-Butylbenzyl) in the product. - CAS Registry Number: 80-54-6 - Also known as: Butylphenyl Methylpropional - Disclaimer: Refers to the presence of the allergen in the product, as listed in the regulations specified by an agency and specification or any local market regulations.	https://ref.gs1.org/voc/AllergenTypeCode	urn:gs1:std:gdsn:c-1513720680	Butylphenyl Methylpropionate.	Refers to the presence of Butylphenyl Methylpropionate as listed in the regulations specified in AllergenSpecificationAgency and AllergenSpecificationName.	BUTYLPHENYL_METHYLPROPIONATE	False	True	https://ref.gs1.org/voc/AllergenTypeCode-BE	rdf:type + originalCodeValue + JSON sourceId/classId + GDSN codeListName/label
https://ref.gs1.org/voc/AllergenTypeCode-BWD	urn:gs1:std:gdsn:cv169017	type-and-original-code	AllergenTypeCode	BWD	169017	Buckwheat and its derivatives	Definition (includes Common Name): Refers to the presence of buckwheat and its derivatives in the product. - Family/Genus/Species: Fagopyrum. - Also known as: Common buckwheat, Tartary buckwheat, Green buckwheat and Bitter buckwheat. - Disclaimer: Refers to the presence of the allergen in the product, as listed in the regulations specified by an agency and specification or any local market regulations.	https://ref.gs1.org/voc/AllergenTypeCode	urn:gs1:std:gdsn:c-1513720680	Buckwheat and its derivatives	Refers to the presence of buckwheat and its derivatives in the product. - Family/Genus/Species: Fagopyrum. - Also known as: Common buckwheat, Tartary buckwheat, Green buckwheat and Bitter buckwheat. - Disclaimer: Refers to the presence of the allergen in the product, as listed in the regulations specified by an agency and specification or any local market regulations.	BWD	True	False		rdf:type + originalCodeValue + JSON sourceId/classId + GDSN codeListName/label
https://ref.gs1.org/voc/AllergenTypeCode-CA	urn:gs1:std:gdsn:cv169018	type-and-original-code	AllergenTypeCode	CA	169018	Cinnamyl Alcohol 	Definition (includes Common Name): Refers to the presence of Cinnamyl Alcohol in the product. - CAS Registry Number: 104-54-1 - Also known as: - Disclaimer: Refers to the presence of the allergen in the product, as listed in the regulations specified by an agency and specification or any local market regulations.	https://ref.gs1.org/voc/AllergenTypeCode	urn:gs1:std:gdsn:c-1513720680	Cinnamyl Alcohol 	Refers to the presence of Cinnamyl Alcohol in the product. - CAS Registry Number: 104-54-1 - Also known as: - Disclaimer: Refers to the presence of the allergen in the product, as listed in the regulations specified by an agency and specification or any local market regulations.	CA	True	False		rdf:type + originalCodeValue + JSON sourceId/classId + GDSN codeListName/label
https://ref.gs1.org/voc/AllergenTypeCode-CARP	urn:gs1:std:gdsn:cv168959	type-and-original-code	AllergenTypeCode	ACP	168959	Carp and its derivatives	Definition (includes Common Name): Refers to the presence of Carp and its derivatives in the product. - Family/Genus/Species: Cyprinidae /Cyprinus/(various) - Also known as: Banded Carpet Shell, Bighead Carp, Black Carp, Blue Morwong, Carp, Common Carp, Crucian Carp, Giant Barb, Golden Carpet Shell, Grass Carp, Grooved Carpet Shell, Large Razorbelly Minnow, Mola Carplet, Mottled Grouper, Mrigal, Mud Carp, Quillback, Reba Carp, River Carpsucker, Rockfish, Rudd, Silver Carp, Small Scaled Mud Carp, Smooth Nylon Shrimp, Ziege - Disclaimer: Refers to the presence of the allergen in the product, as listed in the regulations specified by an agency and specification or any local market regulations.	https://ref.gs1.org/voc/AllergenTypeCode	urn:gs1:std:gdsn:c-1513720680	Carp and its Derivatives	Refers to the presence of Carp and their derivatives in the product, as listed as listed in the regulations specified in AllergenSpecificationAgency and AllergenSpecificationName.	CARP	False	True	https://ref.gs1.org/voc/AllergenTypeCode-ACP	rdf:type + originalCodeValue + JSON sourceId/classId + GDSN codeListName/label
https://ref.gs1.org/voc/AllergenTypeCode-CARROTS	urn:gs1:std:gdsn:cv169087	type-and-original-code	AllergenTypeCode	NW	169087	Carrots and its derivatives	Definition (includes Common Name): Refers to the presence of carrot and its derivates in the product. - Family/Genus/Species: Daucus carota subsp. sativus. - Also known as: - Disclaimer: Refers to the presence of the allergen in the product, as listed in the regulations specified by an agency and specification or any local market regulations.	https://ref.gs1.org/voc/AllergenTypeCode	urn:gs1:std:gdsn:c-1513720680	Carrot and Derivatives	Refers to the presence of carrot and their derivatives in the product, as listed in as listed in the regulations specified in AllergenSpecificationAgency and AllergenSpecificationName	CARROTS	False	True	https://ref.gs1.org/voc/AllergenTypeCode-NW	rdf:type + originalCodeValue + JSON sourceId/classId + GDSN codeListName/label
https://ref.gs1.org/voc/AllergenTypeCode-CASHEW_NUTS	urn:gs1:std:gdsn:cv169112	type-and-original-code	AllergenTypeCode	SC	169112	Cashews and its derivatives	Definition (includes Common Name): Refers to the presence of Cashews and its derivatives in the product. - Family/Genus/Species: Anacardium occidentale. - Also known as: Cashew nut. - Disclaimer: Refers to the presence of the allergen in the product, as listed in the regulations specified by an agency and specification or any local market regulations.	https://ref.gs1.org/voc/AllergenTypeCode	urn:gs1:std:gdsn:c-1513720680	Cashew and Cashew Products	Refers to the presence of cashew and cashew products as listed in the regulations specified in AllergenSpecificationAgency and AllergenSpecificationName.	CASHEW_NUTS	False	True	https://ref.gs1.org/voc/AllergenTypeCode-SC	rdf:type + originalCodeValue + JSON sourceId/classId + GDSN codeListName/label
https://ref.gs1.org/voc/AllergenTypeCode-CATFISH	urn:gs1:std:gdsn:cv168963	type-and-original-code	AllergenTypeCode	ADE	168963	Catfish and its derivatives	Definition (includes Common Name): Refers to the presence of Catfish and its derivatives in the product. - Family/Genus/Species: (various) - Also known as: Asian Redtail Catfish, Atlantic Wolffish, Bagrid Catfish, Bagrid Catfishes, Black Bullhead, Blue Catfish, Broadhead Catfish, Brown Bullhead, Catfish, Channel Catfish, Couma Sea Catfish, Crucifix Sea Catfish, Flathead Catfish, Flatwhiskered Catfish, Gafftopsail Catfish, Giant Catfish, Giant River Catfish, Gilded Catfish, Gillbacker Sea Catfish, Glass Catfishes, Hardhead Catfish, Hardhead Sea Catfish, Highwaterman Catfish, Hybrid Clarias Catfish, Large Spotted Dogfish, Long Whiskered Catfish, Mekong Giant Catfish, Northern Wolffish, Pabdah Catfish, Pemecou Sea Catfish, Sharptooth Catfish, Spotted Stargazer, Spotted Wolffish, Stinging Catfish, Striped Dwarf Catfish, Sucker Catfishes, Sutchi Catfish, Tiger Sorubim, Walking Catfish, Wels Catfish, White Catfish, Yaqui Catfish, Yellowtail Catfish - Disclaimer: Refers to the presence of the allergen in the product, as listed in the regulations specified by an agency and specification or any local market regulations.	https://ref.gs1.org/voc/AllergenTypeCode	urn:gs1:std:gdsn:c-1513720680	Catfish and its Derivatives	Refers to the presence of catfish and their derivatives in the product, as listed as listed in the regulations specified in AllergenSpecificationAgency and AllergenSpecificationName.	CATFISH	False	True	https://ref.gs1.org/voc/AllergenTypeCode-ADE	rdf:type + originalCodeValue + JSON sourceId/classId + GDSN codeListName/label
https://ref.gs1.org/voc/AllergenTypeCode-CELERY	urn:gs1:std:gdsn:cv169000	type-and-original-code	AllergenTypeCode	BC	169000	Celery and its derivatives	Definition (includes Common Name): Refers to the presence of celery or its derivatives in the product, as listed in in the product. - Family/Genus/Species: Apium graveolens. - Also known as: - Disclaimer: Refers to the presence of the allergen in the product, as listed in the regulations specified by an agency and specification or any local market regulations.	https://ref.gs1.org/voc/AllergenTypeCode	urn:gs1:std:gdsn:c-1513720680	Celery or Derivatives	Refers to the presence of celery or their derivatives in the product, as listed in as listed in the regulations specified in AllergenSpecificationAgency and AllergenSpecificationName	CELERY	False	True	https://ref.gs1.org/voc/AllergenTypeCode-BC	rdf:type + originalCodeValue + JSON sourceId/classId + GDSN codeListName/label
https://ref.gs1.org/voc/AllergenTypeCode-CEREALS_CONTAINING_GLUTEN	urn:gs1:std:gdsn:cv168994	type-and-original-code	AllergenTypeCode	AW	168994	Cereals and its derivatives	Definition (includes Common Name): Refers to the presence of cereal grains containing gluten (protein) and their derivatives in the product. Includes wheat grains, grains that have been demonstrated capable of triggering celiac disease (such as common wheat, durum, spelt, khorasan, emmer and einkorn), barley, rye and oats as well as any cross hybrids of these grains (such as triticale). -Family/Genus/Species: Poaceae/Gramineae. - Also known as: Grasses, Grains. - Disclaimer: Refers to the presence of the allergen in the product, as listed in the regulations specified by an agency and specification or any local market regulations.	https://ref.gs1.org/voc/AllergenTypeCode	urn:gs1:std:gdsn:c-1513720680	Cereals Containing Gluten and Their Derivatives	Refers to the presence of Cereals containing gluten and their derivatives in the product, as listed in the regulations specified in AllergenSpecificationAgency and AllergenSpecificationName	CEREALS_CONTAINING_GLUTEN	False	True	https://ref.gs1.org/voc/AllergenTypeCode-AW	rdf:type + originalCodeValue + JSON sourceId/classId + GDSN codeListName/label
https://ref.gs1.org/voc/AllergenTypeCode-CFD	urn:gs1:std:gdsn:cv169019	type-and-original-code	AllergenTypeCode	CFD	169019	Cutlassfish and its derivatives	Definition (includes Common Name): Refers to the presence of Cutlassfish and its Derivatives in the product. - Family/Genus/Species: Trichiuridae/(various) - Also known as: Black Scabbardfish, Silver Scabbardfish, Smallhead Hairtail, Atlantic Cutlassfish - Disclaimer: Refers to the presence of the allergen in the product, as listed in the regulations specified by an agency and specification or any local market regulations.	https://ref.gs1.org/voc/AllergenTypeCode	urn:gs1:std:gdsn:c-1513720680	Cutlassfish and its derivatives	Refers to the presence of Cutlassfish and its Derivatives in the product. - Family/Genus/Species: Trichiuridae/(various) - Also known as: Black Scabbardfish, Silver Scabbardfish, Smallhead Hairtail, Atlantic Cutlassfish - Disclaimer: Refers to the presence of the allergen in the product, as listed in the regulations specified by an agency and specification or any local market regulations.	CFD	True	False		rdf:type + originalCodeValue + JSON sourceId/classId + GDSN codeListName/label
https://ref.gs1.org/voc/AllergenTypeCode-CFH	urn:gs1:std:gdsn:cv169020	type-and-original-code	AllergenTypeCode	CFH	169020	Croaker fish and its derivatives	Definition (includes Common Name): Refers to the presence of Croaker and its Derivatives in the product. - Family/Genus/Species: Sciaenidae/(various) - Also known as: Argentine Croaker, Atlantic Croaker, Bearded Jewfish, Belanger's Croaker, Bigtooth Corvina, Black Croaker, Blackmouth Croaker, Blackspotted Croaker, Blue Croaker, Bronze Croaker, Captainfish, Cob, Croceine Croaker, Donkey Croaker, Flathead Captainfish, Giant Captainfish, Gulf Corvina, Japanese Croaker, Meagre, Miiuy Croaker, Pama Croaker, Peruvian Croaker, Redlip Croaker, Reef Croaker, Shortfin Corvina, Shortfin Weakfish, Silver Croaker, Silver Croaker, Smalleye Croaker, Spotfin Croaker, Striped Croaker, Tigertooth Croaker, White Croaker, Whitemouth Drummer, Yellowfin Croaker, Donkey Croaker, Flathead Captainfish, Giant Captainfish, Gulf Corvina, Japanese Croaker, Meagre, Miiuy Croaker, Pama Croaker, Peruvian Croaker, Redlip Croaker, Reef Croaker, Shortfin Corvina, Shortfin Weakfish, Silver Croaker, Silver Croaker, Smalleye Croaker, Spotfin Croaker, Striped Croaker, Tigertooth Croaker, White Croaker, Whitemouth Drummer, Yellowfin Croaker - Disclaimer: Refers to the presence of the allergen in the product, as listed in the regulations specified by an agency and specification or any local market regulations.	https://ref.gs1.org/voc/AllergenTypeCode	urn:gs1:std:gdsn:c-1513720680	Croaker fish and its derivatives	Refers to the presence of Croaker and its Derivatives in the product. - Family/Genus/Species: Sciaenidae/(various) - Also known as: Argentine Croaker, Atlantic Croaker, Bearded Jewfish, Belanger's Croaker, Bigtooth Corvina, Black Croaker, Blackmouth Croaker, Blackspotted Croaker, Blue Croaker, Bronze Croaker, Captainfish, Cob, Croceine Croaker, Donkey Croaker, Flathead Captainfish, Giant Captainfish, Gulf Corvina, Japanese Croaker, Meagre, Miiuy Croaker, Pama Croaker, Peruvian Croaker, Redlip Croaker, Reef Croaker, Shortfin Corvina, Shortfin Weakfish, Silver Croaker, Silver Croaker, Smalleye Croaker, Spotfin Croaker, Striped Croaker, Tigertooth Croaker, White Croaker, Whitemouth Drummer, Yellowfin Croaker, Donkey Croaker, Flathead Captainfish, Giant Captainfish, Gulf Corvina, Japanese Croaker, Meagre, Miiuy Croaker, Pama Croaker, Peruvian Croaker, Redlip Croaker, Reef Croaker, Shortfin Corvina, Shortfin Weakfish, Silver Croaker, Silver Croaker, Smalleye Croaker, Spotfin Croaker, Striped Croaker, Tigertooth Croaker, White Croaker, Whitemouth Drummer, Yellowfin Croaker - Disclaimer: Refers to the presence of the allergen in the product, as listed in the regulations specified by an agency and specification or any local market regulations.	CFH	True	False		rdf:type + originalCodeValue + JSON sourceId/classId + GDSN codeListName/label
https://ref.gs1.org/voc/AllergenTypeCode-CHAR	urn:gs1:std:gdsn:cv169022	type-and-original-code	AllergenTypeCode	CHR	169022	Char and its derivatives	Definition (includes Common Name): Refers to the presence of Char and its derivates in the product. - Family/Genus/Species: Salmonidae/Salmoninae/Salvelinus - Also known as: Char, Charr, Artic Char, Lake Char, Golden Char, Cole's Char, Coomsaharn Char, Gray's Char, Blunt-snouted Irish Char, Bear Island Char, Alsatian Char, Angayukaksurak Char, Boganida Char, Cherskii's Char, Chukot Char, Dryagin's Char, Kirikuchi Char, Lake Yessey Char, Long-finned Char, Sakhalinian Char, Small-mouth Char, Southern Dolly Varden Char, Taranets Char, White Char, Whitespotted Char, Yakutian Char - Disclaimer: Refers to the presence of the allergen in the product, as listed in the regulations specified by an agency and specification or any local market regulations.	https://ref.gs1.org/voc/AllergenTypeCode	urn:gs1:std:gdsn:c-1513720680	Char and its Derivatives	Refers to the presence of Char and its derivatives in the product, as listed in the regulations specified in AllergenSpecificationAgency and AllergenSpecificationName.	CHAR	False	True	https://ref.gs1.org/voc/AllergenTypeCode-CHR	rdf:type + originalCodeValue + JSON sourceId/classId + GDSN codeListName/label
https://ref.gs1.org/voc/AllergenTypeCode-CHB	urn:gs1:std:gdsn:cv169021	type-and-original-code	AllergenTypeCode	CHB	169021	Chub and its derivatives	Definition (includes Common Name): Refers to the presence of Chub and its derivates in the product. - Family/Genus/Species: Cyprinidae or Kyphosidae/(various) - Also known as: Atlantic Chub Mackerel, Bermuda Chub, Bigeye chub, Chum Salmon, Creek Chub, European chub, Fallfish, Flame chub, Flathead chub, Hornyhead chub, Kiyi, Lake chub, Largemouth Bass, Least chub, Leatherside chub, Oregon chub, Pacific Chub Mackerel, Ponto-Caspian chub, Rudderfish, Sea Chub, Slender chub, Spotted Chub Mackerel, Western chub, Yellow Chub - Disclaimer: Refers to the presence of the allergen in the product, as listed in the regulations specified by an agency and specification or any local market regulations.	https://ref.gs1.org/voc/AllergenTypeCode	urn:gs1:std:gdsn:c-1513720680	Chub and its derivatives	Refers to the presence of Chub and its derivates in the product. - Family/Genus/Species: Cyprinidae or Kyphosidae/(various) - Also known as: Atlantic Chub Mackerel, Bermuda Chub, Bigeye chub, Chum Salmon, Creek Chub, European chub, Fallfish, Flame chub, Flathead chub, Hornyhead chub, Kiyi, Lake chub, Largemouth Bass, Least chub, Leatherside chub, Oregon chub, Pacific Chub Mackerel, Ponto-Caspian chub, Rudderfish, Sea Chub, Slender chub, Spotted Chub Mackerel, Western chub, Yellow Chub - Disclaimer: Refers to the presence of the allergen in the product, as listed in the regulations specified by an agency and specification or any local market regulations.	CHB	True	False		rdf:type + originalCodeValue + JSON sourceId/classId + GDSN codeListName/label
https://ref.gs1.org/voc/AllergenTypeCode-CHESTNUTS	urn:gs1:std:gdsn:cv169131	type-and-original-code	AllergenTypeCode	SN	169131	Chestnuts and its derivatives	Definition (includes Common Name): Refers to the presence of chestnuts and its derivatives in the product. - Family/Genus/Species: Castanea. - Also known as: Sardian nut, Jupiter's nut, and Spanish chestnut. - Disclaimer: Refers to the presence of the allergen in the product, as listed in the regulations specified by an agency and specification or any local market regulations.	https://ref.gs1.org/voc/AllergenTypeCode	urn:gs1:std:gdsn:c-1513720680	Chestnuts and Their Derivatives	Refers to the presence of Chestnuts [Castanea spp. (Fagaceae)] and their derivatives in the product, as listed as listed in the regulations specified in AllergenSpecificationAgency and AllergenSpecificationName.	CHESTNUTS	False	True	https://ref.gs1.org/voc/AllergenTypeCode-SN	rdf:type + originalCodeValue + JSON sourceId/classId + GDSN codeListName/label
https://ref.gs1.org/voc/AllergenTypeCode-CHICKEN_MEAT	urn:gs1:std:gdsn:cv169026	type-and-original-code	AllergenTypeCode	CM	169026	Chicken Meat and its derivatives	Definition (includes Common Name): Refers to the presence of chicken meat and its derivative in the product, in the product - Family/Genus/Species: Gallus domesticus - Also known as: - Disclaimer: Refers to the presence of the allergen in the product, as listed in the regulations specified by an agency and specification or any local market regulations.	https://ref.gs1.org/voc/AllergenTypeCode	urn:gs1:std:gdsn:c-1513720680	Chicken Meat and its Derivatives	Refers to the presence of chicken meat and its derivative in the product, as listed in the regulations specified in AllergenSpecificationAgency and AllergenSpecificationName.	CHICKEN_MEAT	False	True	https://ref.gs1.org/voc/AllergenTypeCode-CM	rdf:type + originalCodeValue + JSON sourceId/classId + GDSN codeListName/label
https://ref.gs1.org/voc/AllergenTypeCode-CHINQUAPINS	urn:gs1:std:gdsn:cv169117	type-and-original-code	AllergenTypeCode	SF	169117	Chinquapins and its derivatives	Definition (includes Common Name): Refers to the presence of Chinquapins and its derivatives in the product. - Family/Genus/Species: Castanea pumila. - Also known as: Allegheny chinquapin, American chinquapin and Dwarf Chetsnut. - Disclaimer: Refers to the presence of the allergen in the product, as listed in the regulations specified by an agency and specification or any local market regulations.	https://ref.gs1.org/voc/AllergenTypeCode	urn:gs1:std:gdsn:c-1513720680	Chinquapins and Their Derivatives	Refers to the presence of Chinquapins [Castanea pumila (Fagaceae)] and their derivatives in the product, as listed as listed in the regulations specified in AllergenSpecificationAgency and AllergenSpecificationName.	CHINQUAPINS	False	True	https://ref.gs1.org/voc/AllergenTypeCode-SF	rdf:type + originalCodeValue + JSON sourceId/classId + GDSN codeListName/label
https://ref.gs1.org/voc/AllergenTypeCode-CHR	urn:gs1:std:gdsn:cv169022	type-and-original-code	AllergenTypeCode	CHR	169022	Char and its derivatives	Definition (includes Common Name): Refers to the presence of Char and its derivates in the product. - Family/Genus/Species: Salmonidae/Salmoninae/Salvelinus - Also known as: Char, Charr, Artic Char, Lake Char, Golden Char, Cole's Char, Coomsaharn Char, Gray's Char, Blunt-snouted Irish Char, Bear Island Char, Alsatian Char, Angayukaksurak Char, Boganida Char, Cherskii's Char, Chukot Char, Dryagin's Char, Kirikuchi Char, Lake Yessey Char, Long-finned Char, Sakhalinian Char, Small-mouth Char, Southern Dolly Varden Char, Taranets Char, White Char, Whitespotted Char, Yakutian Char - Disclaimer: Refers to the presence of the allergen in the product, as listed in the regulations specified by an agency and specification or any local market regulations.	https://ref.gs1.org/voc/AllergenTypeCode	urn:gs1:std:gdsn:c-1513720680	Char and its derivatives	Refers to the presence of Char and its derivates in the product. - Family/Genus/Species: Salmonidae/Salmoninae/Salvelinus - Also known as: Char, Charr, Artic Char, Lake Char, Golden Char, Cole's Char, Coomsaharn Char, Gray's Char, Blunt-snouted Irish Char, Bear Island Char, Alsatian Char, Angayukaksurak Char, Boganida Char, Cherskii's Char, Chukot Char, Dryagin's Char, Kirikuchi Char, Lake Yessey Char, Long-finned Char, Sakhalinian Char, Small-mouth Char, Southern Dolly Varden Char, Taranets Char, White Char, Whitespotted Char, Yakutian Char - Disclaimer: Refers to the presence of the allergen in the product, as listed in the regulations specified by an agency and specification or any local market regulations.	CHR	True	False		rdf:type + originalCodeValue + JSON sourceId/classId + GDSN codeListName/label
https://ref.gs1.org/voc/AllergenTypeCode-CHUB	urn:gs1:std:gdsn:cv169021	type-and-original-code	AllergenTypeCode	CHB	169021	Chub and its derivatives	Definition (includes Common Name): Refers to the presence of Chub and its derivates in the product. - Family/Genus/Species: Cyprinidae or Kyphosidae/(various) - Also known as: Atlantic Chub Mackerel, Bermuda Chub, Bigeye chub, Chum Salmon, Creek Chub, European chub, Fallfish, Flame chub, Flathead chub, Hornyhead chub, Kiyi, Lake chub, Largemouth Bass, Least chub, Leatherside chub, Oregon chub, Pacific Chub Mackerel, Ponto-Caspian chub, Rudderfish, Sea Chub, Slender chub, Spotted Chub Mackerel, Western chub, Yellow Chub - Disclaimer: Refers to the presence of the allergen in the product, as listed in the regulations specified by an agency and specification or any local market regulations.	https://ref.gs1.org/voc/AllergenTypeCode	urn:gs1:std:gdsn:c-1513720680	Chub and its Derivatives	Refers to the presence of Chub and its derivatives in the product, as listed in the regulations specified in AllergenSpecificationAgency and AllergenSpecificationName.	CHUB	False	True	https://ref.gs1.org/voc/AllergenTypeCode-CHB	rdf:type + originalCodeValue + JSON sourceId/classId + GDSN codeListName/label
https://ref.gs1.org/voc/AllergenTypeCode-CINNAMAL	urn:gs1:std:gdsn:cv169024	type-and-original-code	AllergenTypeCode	CL	169024	Cinnamal 	Definition (includes Common Name): Refers to the presence of Cinnamal in the product. - CAS Registry Number: 104-55-2 - Also known as: cinnamaldehyde - Disclaimer: Refers to the presence of the allergen in the product, as listed in the regulations specified by an agency and specification or any local market regulations.	https://ref.gs1.org/voc/AllergenTypeCode	urn:gs1:std:gdsn:c-1513720680	Cinnamal	Refers to the presence of Cinnamal as listed in the regulations specified in AllergenSpecificationAgency and AllergenSpecificationName.	CINNAMAL	False	True	https://ref.gs1.org/voc/AllergenTypeCode-CL	rdf:type + originalCodeValue + JSON sourceId/classId + GDSN codeListName/label
https://ref.gs1.org/voc/AllergenTypeCode-CINNAMYL_ALCOHOL	urn:gs1:std:gdsn:cv169018	type-and-original-code	AllergenTypeCode	CA	169018	Cinnamyl Alcohol 	Definition (includes Common Name): Refers to the presence of Cinnamyl Alcohol in the product. - CAS Registry Number: 104-54-1 - Also known as: - Disclaimer: Refers to the presence of the allergen in the product, as listed in the regulations specified by an agency and specification or any local market regulations.	https://ref.gs1.org/voc/AllergenTypeCode	urn:gs1:std:gdsn:c-1513720680	Cinnamyl Alcohol	Refers to the presence of Cinnamyl Alcohol as listed in the regulations specified in AllergenSpecificationAgency and AllergenSpecificationName.	CINNAMYL_ALCOHOL	False	True	https://ref.gs1.org/voc/AllergenTypeCode-CA	rdf:type + originalCodeValue + JSON sourceId/classId + GDSN codeListName/label
https://ref.gs1.org/voc/AllergenTypeCode-CISCO	urn:gs1:std:gdsn:cv169032	type-and-original-code	AllergenTypeCode	CSC	169032	Cisco and its derivatives	Definition (includes Common Name): Refers to the presence of Cisco and its derivates in the product. - Family/Genus/Species: Salmonidae/Coregonus/(various) - Also known as: Arctic Cisco, Bering Cisco, Blackfin Cisco, Bloater, Cisco, Deepwater Cisco, European Cisco, Irish pollan, Kiyi, Lake Cisco, Lake Herring, Least Cisco, Longjaw Cisco, Northern Cisco, Peled, Sardine Cisco, Shortjaw Cisco, Shortnose Cisco, Stechlin Cisco - Disclaimer: Refers to the presence of the allergen in the product, as listed in the regulations specified by an agency and specification or any local market regulations.	https://ref.gs1.org/voc/AllergenTypeCode	urn:gs1:std:gdsn:c-1513720680	Cisco and its Derivatives	Refers to the presence of Cisco and its derivatives in the product, as listed in the regulations specified in AllergenSpecificationAgency and AllergenSpecificationName.	CISCO	False	True	https://ref.gs1.org/voc/AllergenTypeCode-CSC	rdf:type + originalCodeValue + JSON sourceId/classId + GDSN codeListName/label
https://ref.gs1.org/voc/AllergenTypeCode-CITRAL	urn:gs1:std:gdsn:cv169033	type-and-original-code	AllergenTypeCode	CT	169033	Citral 	Definition (includes Common Name): Refers to the presence of Citral in the product. - CAS Registry Number: 5392-40-5 - Also known as: - Disclaimer: Refers to the presence of the allergen in the product, as listed in the regulations specified by an agency and specification or any local market regulations.	https://ref.gs1.org/voc/AllergenTypeCode	urn:gs1:std:gdsn:c-1513720680	Citral	Refers to the presence of Citral as listed in the regulations specified in AllergenSpecificationAgency and AllergenSpecificationName.	CITRAL	False	True	https://ref.gs1.org/voc/AllergenTypeCode-CT	rdf:type + originalCodeValue + JSON sourceId/classId + GDSN codeListName/label
https://ref.gs1.org/voc/AllergenTypeCode-CITRONELLOL	urn:gs1:std:gdsn:cv169027	type-and-original-code	AllergenTypeCode	CN	169027	Citronellol 	Definition (includes Common Name): Refers to the presence of Citronellol in the product. - Family/Genus/Species: - Also known as: - Disclaimer: Refers to the presence of the allergen in the product, as listed in the regulations specified by an agency and specification or any local market regulations.	https://ref.gs1.org/voc/AllergenTypeCode	urn:gs1:std:gdsn:c-1513720680	Citronellol	Refers to the presence of Citronellol as listed in the regulations specified in AllergenSpecificationAgency and AllergenSpecificationName.	CITRONELLOL	False	True	https://ref.gs1.org/voc/AllergenTypeCode-CN	rdf:type + originalCodeValue + JSON sourceId/classId + GDSN codeListName/label
https://ref.gs1.org/voc/AllergenTypeCode-CKF	urn:gs1:std:gdsn:cv169023	type-and-original-code	AllergenTypeCode	CKF	169023	Cusk fish and its derivatives	Definition (includes Common Name): Refers to the presence of Cusk and its Derivatives in the product. - Family/Genus/Species: Lotidae/Brosme/brosme - Also known as: Cusk, Tusk, Torsk, European Cusk, Brosmius - Disclaimer: Refers to the presence of the allergen in the product, as listed in the regulations specified by an agency and specification or any local market regulations.	https://ref.gs1.org/voc/AllergenTypeCode	urn:gs1:std:gdsn:c-1513720680	Cusk fish and its derivatives	Refers to the presence of Cusk and its Derivatives in the product. - Family/Genus/Species: Lotidae/Brosme/brosme - Also known as: Cusk, Tusk, Torsk, European Cusk, Brosmius - Disclaimer: Refers to the presence of the allergen in the product, as listed in the regulations specified by an agency and specification or any local market regulations.	CKF	True	False		rdf:type + originalCodeValue + JSON sourceId/classId + GDSN codeListName/label
https://ref.gs1.org/voc/AllergenTypeCode-CL	urn:gs1:std:gdsn:cv169024	type-and-original-code	AllergenTypeCode	CL	169024	Cinnamal 	Definition (includes Common Name): Refers to the presence of Cinnamal in the product. - CAS Registry Number: 104-55-2 - Also known as: cinnamaldehyde - Disclaimer: Refers to the presence of the allergen in the product, as listed in the regulations specified by an agency and specification or any local market regulations.	https://ref.gs1.org/voc/AllergenTypeCode	urn:gs1:std:gdsn:c-1513720680	Cinnamal 	Refers to the presence of Cinnamal in the product. - CAS Registry Number: 104-55-2 - Also known as: cinnamaldehyde - Disclaimer: Refers to the presence of the allergen in the product, as listed in the regulations specified by an agency and specification or any local market regulations.	CL	True	False		rdf:type + originalCodeValue + JSON sourceId/classId + GDSN codeListName/label
https://ref.gs1.org/voc/AllergenTypeCode-CLAM	urn:gs1:std:gdsn:cv169025	type-and-original-code	AllergenTypeCode	CLM	169025	Clam and its derivatives	Definition (includes Common Name): Refers to the presence of Clam and its derivates in the product. - Family/Genus/Species: (various) - Also known as: Alaska Razor, Arctic Surfclam, Asian Clam, Atlantic Geoduck, Atlantic Jackknife, Atlantic Razor, Atlantic Sanguin, Atlantic Surfclam, Banded Carpet Shell, Bent Surfclam, Bentnose Macoma, Butter Clam, Calico Clam, California Surfclam, California Tagelus, California Venus, Caribbean Winged Surfclam, Dish Surfclam, Fat Gaper, Flat Surfclam, Fragile Surfclam, Freshwater Clam, Frilled Venus, Golden Carpet Shell, Grand Razor Shell, Green Jackknife, Grooved Carpet Shell, Grooved Razor, Hard Clam, Hardshell Clam, Hatchet Surfclam, Hemphill Surfclam, Hen Clam, Hooked Surfclam, Jackknife Clam, Japanese Littleneck Clam, Littleneck Clam, Lyrate Hard Clam, Mogai Clam, New Zealand Wedge Clam, Northern Razor, Pacific Gaper, Pacific Geoduck, Pacific Littleneck Clam, Pipi Clam, Pismo Clam, Pod Razor, Razor Shell Clam, Rosy Jackknife, Shortneck Clam, Smooth Venus, Softshell Clam, Solid Sanguin Clam, Stout Tagelus, Sunray Venus, Sword Razor, Thin-shell Littleneck Clam, Washington Clam - Disclaimer: Refers to the presence of the allergen in the product, as listed in the regulations specified by an agency and specification or any local market regulations.	https://ref.gs1.org/voc/AllergenTypeCode	urn:gs1:std:gdsn:c-1513720680	Clam and its Derivatives	Refers to the presence of Clam and its derivatives in the product, as listed in the regulations specified in AllergenSpecificationAgency and AllergenSpecificationName.	CLAM	False	True	https://ref.gs1.org/voc/AllergenTypeCode-CLM	rdf:type + originalCodeValue + JSON sourceId/classId + GDSN codeListName/label
https://ref.gs1.org/voc/AllergenTypeCode-CLM	urn:gs1:std:gdsn:cv169025	type-and-original-code	AllergenTypeCode	CLM	169025	Clam and its derivatives	Definition (includes Common Name): Refers to the presence of Clam and its derivates in the product. - Family/Genus/Species: (various) - Also known as: Alaska Razor, Arctic Surfclam, Asian Clam, Atlantic Geoduck, Atlantic Jackknife, Atlantic Razor, Atlantic Sanguin, Atlantic Surfclam, Banded Carpet Shell, Bent Surfclam, Bentnose Macoma, Butter Clam, Calico Clam, California Surfclam, California Tagelus, California Venus, Caribbean Winged Surfclam, Dish Surfclam, Fat Gaper, Flat Surfclam, Fragile Surfclam, Freshwater Clam, Frilled Venus, Golden Carpet Shell, Grand Razor Shell, Green Jackknife, Grooved Carpet Shell, Grooved Razor, Hard Clam, Hardshell Clam, Hatchet Surfclam, Hemphill Surfclam, Hen Clam, Hooked Surfclam, Jackknife Clam, Japanese Littleneck Clam, Littleneck Clam, Lyrate Hard Clam, Mogai Clam, New Zealand Wedge Clam, Northern Razor, Pacific Gaper, Pacific Geoduck, Pacific Littleneck Clam, Pipi Clam, Pismo Clam, Pod Razor, Razor Shell Clam, Rosy Jackknife, Shortneck Clam, Smooth Venus, Softshell Clam, Solid Sanguin Clam, Stout Tagelus, Sunray Venus, Sword Razor, Thin-shell Littleneck Clam, Washington Clam - Disclaimer: Refers to the presence of the allergen in the product, as listed in the regulations specified by an agency and specification or any local market regulations.	https://ref.gs1.org/voc/AllergenTypeCode	urn:gs1:std:gdsn:c-1513720680	Clam and its derivatives	Refers to the presence of Clam and its derivates in the product. - Family/Genus/Species: (various) - Also known as: Alaska Razor, Arctic Surfclam, Asian Clam, Atlantic Geoduck, Atlantic Jackknife, Atlantic Razor, Atlantic Sanguin, Atlantic Surfclam, Banded Carpet Shell, Bent Surfclam, Bentnose Macoma, Butter Clam, Calico Clam, California Surfclam, California Tagelus, California Venus, Caribbean Winged Surfclam, Dish Surfclam, Fat Gaper, Flat Surfclam, Fragile Surfclam, Freshwater Clam, Frilled Venus, Golden Carpet Shell, Grand Razor Shell, Green Jackknife, Grooved Carpet Shell, Grooved Razor, Hard Clam, Hardshell Clam, Hatchet Surfclam, Hemphill Surfclam, Hen Clam, Hooked Surfclam, Jackknife Clam, Japanese Littleneck Clam, Littleneck Clam, Lyrate Hard Clam, Mogai Clam, New Zealand Wedge Clam, Northern Razor, Pacific Gaper, Pacific Geoduck, Pacific Littleneck Clam, Pipi Clam, Pismo Clam, Pod Razor, Razor Shell Clam, Rosy Jackknife, Shortneck Clam, Smooth Venus, Softshell Clam, Solid Sanguin Clam, Stout Tagelus, Sunray Venus, Sword Razor, Thin-shell Littleneck Clam, Washington Clam - Disclaimer: Refers to the presence of the allergen in the product, as listed in the regulations specified by an agency and specification or any local market regulations.	CLM	True	False		rdf:type + originalCodeValue + JSON sourceId/classId + GDSN codeListName/label
https://ref.gs1.org/voc/AllergenTypeCode-CM	urn:gs1:std:gdsn:cv169026	type-and-original-code	AllergenTypeCode	CM	169026	Chicken Meat and its derivatives	Definition (includes Common Name): Refers to the presence of chicken meat and its derivative in the product, in the product - Family/Genus/Species: Gallus domesticus - Also known as: - Disclaimer: Refers to the presence of the allergen in the product, as listed in the regulations specified by an agency and specification or any local market regulations.	https://ref.gs1.org/voc/AllergenTypeCode	urn:gs1:std:gdsn:c-1513720680	Chicken Meat and its derivatives	Refers to the presence of chicken meat and its derivative in the product, in the product - Family/Genus/Species: Gallus domesticus - Also known as: - Disclaimer: Refers to the presence of the allergen in the product, as listed in the regulations specified by an agency and specification or any local market regulations.	CM	True	False		rdf:type + originalCodeValue + JSON sourceId/classId + GDSN codeListName/label
https://ref.gs1.org/voc/AllergenTypeCode-CN	urn:gs1:std:gdsn:cv169027	type-and-original-code	AllergenTypeCode	CN	169027	Citronellol 	Definition (includes Common Name): Refers to the presence of Citronellol in the product. - Family/Genus/Species: - Also known as: - Disclaimer: Refers to the presence of the allergen in the product, as listed in the regulations specified by an agency and specification or any local market regulations.	https://ref.gs1.org/voc/AllergenTypeCode	urn:gs1:std:gdsn:c-1513720680	Citronellol 	Refers to the presence of Citronellol in the product. - Family/Genus/Species: - Also known as: - Disclaimer: Refers to the presence of the allergen in the product, as listed in the regulations specified by an agency and specification or any local market regulations.	CN	True	False		rdf:type + originalCodeValue + JSON sourceId/classId + GDSN codeListName/label
https://ref.gs1.org/voc/AllergenTypeCode-CO	urn:gs1:std:gdsn:cv169028	type-and-original-code	AllergenTypeCode	CO	169028	Coumarin 	Definition (includes Common Name): Refers to the presence of Coumarin in the product. - Family/Genus/Species: - Also known as: - Disclaimer: Refers to the presence of the allergen in the product, as listed in the regulations specified by an agency and specification or any local market regulations.	https://ref.gs1.org/voc/AllergenTypeCode	urn:gs1:std:gdsn:c-1513720680	Coumarin 	Refers to the presence of Coumarin in the product. - Family/Genus/Species: - Also known as: - Disclaimer: Refers to the presence of the allergen in the product, as listed in the regulations specified by an agency and specification or any local market regulations.	CO	True	False		rdf:type + originalCodeValue + JSON sourceId/classId + GDSN codeListName/label
https://ref.gs1.org/voc/AllergenTypeCode-COCKLE	urn:gs1:std:gdsn:cv169029	type-and-original-code	AllergenTypeCode	COK	169029	Cockle and its derivatives	Definition (includes Common Name): Refers to the presence of Cockle and its derivates in the product. - Family/Genus/Species: Cardiidae/(various) - Also known as: Atlantic Giant Cockle, Bittersweet, Blood Cockle, California Cockle, Common Cockle, Decussate Bittersweet, Dock Cockle, Greenland Cockle, Knotted Cockle, New Zealand Cockle, Spiny Cockle, Violet Bittersweet - Disclaimer: Refers to the presence of the allergen in the product, as listed in the regulations specified by an agency and specification or any local market regulations.	https://ref.gs1.org/voc/AllergenTypeCode	urn:gs1:std:gdsn:c-1513720680	Cockle and its Derivatives	Refers to the presence of Cockle and its derivatives in the product, as listed in the regulations specified in AllergenSpecificationAgency and AllergenSpecificationName.	COCKLE	False	True	https://ref.gs1.org/voc/AllergenTypeCode-COK	rdf:type + originalCodeValue + JSON sourceId/classId + GDSN codeListName/label
https://ref.gs1.org/voc/AllergenTypeCode-COCOA	urn:gs1:std:gdsn:cv169080	type-and-original-code	AllergenTypeCode	NC	169080	Cocoa and its derivatives	Definition (includes Common Name): Refers to the presence of cocoa and its derivatives in the product, as listed in in the product. - Family/Genus/Species: Theobroma cacao. - Also known as: Cacao. - Disclaimer: Refers to the presence of the allergen in the product, as listed in the regulations specified by an agency and specification or any local market regulations.	https://ref.gs1.org/voc/AllergenTypeCode	urn:gs1:std:gdsn:c-1513720680	Cocoa and Derivatives	Refers to the presence of cocoa and their derivatives in the product, as listed in as listed in the regulations specified in AllergenSpecificationAgency and AllergenSpecificationName	COCOA	False	True	https://ref.gs1.org/voc/AllergenTypeCode-NC	rdf:type + originalCodeValue + JSON sourceId/classId + GDSN codeListName/label
https://ref.gs1.org/voc/AllergenTypeCode-COCONUTS	urn:gs1:std:gdsn:cv169132	type-and-original-code	AllergenTypeCode	SO	169132	Coconuts and its derivatives	Definition (includes Common Name): Refers to the presence of coconuts and its derivatives in the product. - Family/Genus/Species: Cocos nucifera. - Also known as: - Disclaimer: Refers to the presence of the allergen in the product, as listed in the regulations specified by an agency and specification or any local market regulations.	https://ref.gs1.org/voc/AllergenTypeCode	urn:gs1:std:gdsn:c-1513720680	Coconuts and Their Derivatives	Refers to the presence of Coconuts [Cocos (Arecaceae)] and their derivatives in the product, as listed as listed in the regulations specified in AllergenSpecificationAgency and AllergenSpecificationName.	COCONUTS	False	True	https://ref.gs1.org/voc/AllergenTypeCode-SO	rdf:type + originalCodeValue + JSON sourceId/classId + GDSN codeListName/label
https://ref.gs1.org/voc/AllergenTypeCode-COD	urn:gs1:std:gdsn:cv168964	type-and-original-code	AllergenTypeCode	ADF	168964	Cod and its derivatives	Definition (includes Common Name): Refers to the presence of Cod and its derivatives in the product. - Family/Genus/Species: Gadidae/Gadus/(various) - Also known as: Arctic Cod, Atlantic Cod, Blue Antimora, Common Mora, Greenland Cod, Longfin Codling, Maori Cod, Northern Bastard Codling, Pacific Cod, Polar Cod, Red Cod, Rock Cod, Saffron Cod, Tadpole Mora, Toothed Cod - Disclaimer: Refers to the presence of the allergen in the product, as listed in the regulations specified by an agency and specification or any local market regulations.	https://ref.gs1.org/voc/AllergenTypeCode	urn:gs1:std:gdsn:c-1513720680	Cod and its Derivatives	Refers to the presence of Cod and their derivatives in the product, as listed as listed in the regulations specified in AllergenSpecificationAgency and AllergenSpecificationName.	COD	False	True	https://ref.gs1.org/voc/AllergenTypeCode-ADF	rdf:type + originalCodeValue + JSON sourceId/classId + GDSN codeListName/label
https://ref.gs1.org/voc/AllergenTypeCode-COK	urn:gs1:std:gdsn:cv169029	type-and-original-code	AllergenTypeCode	COK	169029	Cockle and its derivatives	Definition (includes Common Name): Refers to the presence of Cockle and its derivates in the product. - Family/Genus/Species: Cardiidae/(various) - Also known as: Atlantic Giant Cockle, Bittersweet, Blood Cockle, California Cockle, Common Cockle, Decussate Bittersweet, Dock Cockle, Greenland Cockle, Knotted Cockle, New Zealand Cockle, Spiny Cockle, Violet Bittersweet - Disclaimer: Refers to the presence of the allergen in the product, as listed in the regulations specified by an agency and specification or any local market regulations.	https://ref.gs1.org/voc/AllergenTypeCode	urn:gs1:std:gdsn:c-1513720680	Cockle and its derivatives	Refers to the presence of Cockle and its derivates in the product. - Family/Genus/Species: Cardiidae/(various) - Also known as: Atlantic Giant Cockle, Bittersweet, Blood Cockle, California Cockle, Common Cockle, Decussate Bittersweet, Dock Cockle, Greenland Cockle, Knotted Cockle, New Zealand Cockle, Spiny Cockle, Violet Bittersweet - Disclaimer: Refers to the presence of the allergen in the product, as listed in the regulations specified by an agency and specification or any local market regulations.	COK	True	False		rdf:type + originalCodeValue + JSON sourceId/classId + GDSN codeListName/label
https://ref.gs1.org/voc/AllergenTypeCode-CON	urn:gs1:std:gdsn:cv169030	type-and-original-code	AllergenTypeCode	CON	169030	Conch and its derivatives	Definition (includes Common Name): Refers to the presence of Conch and its derivates in the product. - Family/Genus/Species: Strombidae/(various) - Also known as: Conch, Florida Fighting Conch, Horse Conch, Milk Conch, Queen Conch, Spider Conch, West Indian Fighting Conch - Disclaimer: Refers to the presence of the allergen in the product, as listed in the regulations specified by an agency and specification or any local market regulations.	https://ref.gs1.org/voc/AllergenTypeCode	urn:gs1:std:gdsn:c-1513720680	Conch and its derivatives	Refers to the presence of Conch and its derivates in the product. - Family/Genus/Species: Strombidae/(various) - Also known as: Conch, Florida Fighting Conch, Horse Conch, Milk Conch, Queen Conch, Spider Conch, West Indian Fighting Conch - Disclaimer: Refers to the presence of the allergen in the product, as listed in the regulations specified by an agency and specification or any local market regulations.	CON	True	False		rdf:type + originalCodeValue + JSON sourceId/classId + GDSN codeListName/label
https://ref.gs1.org/voc/AllergenTypeCode-CONCH	urn:gs1:std:gdsn:cv169030	type-and-original-code	AllergenTypeCode	CON	169030	Conch and its derivatives	Definition (includes Common Name): Refers to the presence of Conch and its derivates in the product. - Family/Genus/Species: Strombidae/(various) - Also known as: Conch, Florida Fighting Conch, Horse Conch, Milk Conch, Queen Conch, Spider Conch, West Indian Fighting Conch - Disclaimer: Refers to the presence of the allergen in the product, as listed in the regulations specified by an agency and specification or any local market regulations.	https://ref.gs1.org/voc/AllergenTypeCode	urn:gs1:std:gdsn:c-1513720680	Conch and its Derivatives	Refers to the presence of Conch and its derivatives in the product, as listed in the regulations specified in AllergenSpecificationAgency and AllergenSpecificationName.	CONCH	False	True	https://ref.gs1.org/voc/AllergenTypeCode-CON	rdf:type + originalCodeValue + JSON sourceId/classId + GDSN codeListName/label
https://ref.gs1.org/voc/AllergenTypeCode-CORIANDER	urn:gs1:std:gdsn:cv169082	type-and-original-code	AllergenTypeCode	NK	169082	Coriander and its derivatives	Definition (includes Common Name): Refers to the presence of coriander and its derivatives in the product, as listed in in the product. - Family/Genus/Species: Coriandrum sativum. - Also known as: Chinese parsley, Dhania and Cilantro. - Disclaimer: Refers to the presence of the allergen in the product, as listed in the regulations specified by an agency and specification or any local market regulations.	https://ref.gs1.org/voc/AllergenTypeCode	urn:gs1:std:gdsn:c-1513720680	Coriander Derivatives	Refers to the presence of coriander and their derivatives in the product, as listed in as listed in the regulations specified in AllergenSpecificationAgency and AllergenSpecificationName	CORIANDER	False	True	https://ref.gs1.org/voc/AllergenTypeCode-NK	rdf:type + originalCodeValue + JSON sourceId/classId + GDSN codeListName/label
https://ref.gs1.org/voc/AllergenTypeCode-CORN	urn:gs1:std:gdsn:cv169084	type-and-original-code	AllergenTypeCode	NM	169084	Corn and Its derivatives	Definition (includes Common Name): Refers to the presence of corn and its derivatives in the product. - Family/Genus/Species: Zea mays. - Also known as: Maize. - Disclaimer: Refers to the presence of the allergen in the product, as listed in the regulations specified by an agency and specification or any local market regulations.	https://ref.gs1.org/voc/AllergenTypeCode	urn:gs1:std:gdsn:c-1513720680	Corn and Derivatives	Refers to the presence of corn and their derivatives in the product, as listed in as listed in the regulations specified in AllergenSpecificationAgency and AllergenSpecificationName	CORN	False	True	https://ref.gs1.org/voc/AllergenTypeCode-NM	rdf:type + originalCodeValue + JSON sourceId/classId + GDSN codeListName/label
https://ref.gs1.org/voc/AllergenTypeCode-COTTON_SEEDS	urn:gs1:std:gdsn:cv169031	type-and-original-code	AllergenTypeCode	CS	169031	Cotton Seeds and its derivatives	Definition (includes Common Name): Refers to the presence of Cotton Seeds or its derivatives in the product in the product - Family/Genus/Species: Gossypium. - Also known as: - Disclaimer: Refers to the presence of the allergen in the product, as listed in the regulations specified by an agency and specification or any local market regulations.	https://ref.gs1.org/voc/AllergenTypeCode	urn:gs1:std:gdsn:c-1513720680	Cotton Seeds and Their Derivatives	Refers to the presence of Cotton Seeds or their derivatives in the product as listed in the regulations specified in AllergenSpecificationAgency and AllergenSpecificationName	COTTON_SEEDS	False	True	https://ref.gs1.org/voc/AllergenTypeCode-CS	rdf:type + originalCodeValue + JSON sourceId/classId + GDSN codeListName/label
https://ref.gs1.org/voc/AllergenTypeCode-COUMARIN	urn:gs1:std:gdsn:cv169028	type-and-original-code	AllergenTypeCode	CO	169028	Coumarin 	Definition (includes Common Name): Refers to the presence of Coumarin in the product. - Family/Genus/Species: - Also known as: - Disclaimer: Refers to the presence of the allergen in the product, as listed in the regulations specified by an agency and specification or any local market regulations.	https://ref.gs1.org/voc/AllergenTypeCode	urn:gs1:std:gdsn:c-1513720680	Coumarin	Refers to the presence of Coumarin as listed in the regulations specified in AllergenSpecificationAgency and AllergenSpecificationName.	COUMARIN	False	True	https://ref.gs1.org/voc/AllergenTypeCode-CO	rdf:type + originalCodeValue + JSON sourceId/classId + GDSN codeListName/label
https://ref.gs1.org/voc/AllergenTypeCode-CRAB	urn:gs1:std:gdsn:cv168951	type-and-original-code	AllergenTypeCode	ABG	168951	Crab and its derivatives	Definition (includes Common Name): Refers to the presence of Crab and its derivatives in the product. - Family/Genus/Species: Brachyura (various) - Also known as: (various) - Disclaimer: Refers to the presence of the allergen in the product, as listed in the regulations specified by an agency and specification or any local market regulations.	https://ref.gs1.org/voc/AllergenTypeCode	urn:gs1:std:gdsn:c-1513720680	Crab and its Derivatives	Refers to the presence of Crab and their derivatives in the product, as listed as listed in the regulations specified in AllergenSpecificationAgency and AllergenSpecificationName.	CRAB	False	True	https://ref.gs1.org/voc/AllergenTypeCode-ABG	rdf:type + originalCodeValue + JSON sourceId/classId + GDSN codeListName/label
https://ref.gs1.org/voc/AllergenTypeCode-CRAWFISH	urn:gs1:std:gdsn:cv168952	type-and-original-code	AllergenTypeCode	ABH	168952	Crawfish and its derivatives	Definition (includes Common Name): Refers to the presence of Crawfish and its derivatives in the product. - Family/Genus/Species: Astacidae or Cambaridae or Cambaroididae or Parastacidae/(various) - Also known as: Caribbean Spiny Lobster, Crawdad, Crawdaddy, Crawfish, Craydid, Crayfish, Freshwater Crayfish, Freshwater Lobsters, Marron, Mountain Lobsters, Mudbugs, Murray River Crayfish, Red Claw Crayfish, Red Swamp Crayfish, Rock Lobsters, Royal Spiny Lobster, White River Crayfish, Yabbie Crayfish - Disclaimer: Refers to the presence of the allergen in the product, as listed in the regulations specified by an agency and specification or any local market regulations.	https://ref.gs1.org/voc/AllergenTypeCode	urn:gs1:std:gdsn:c-1513720680	Crawfish and its Derivatives	Refers to the presence of Crawfish and their derivatives in the product, as listed as listed in the regulations specified in AllergenSpecificationAgency and AllergenSpecificationName.	CRAWFISH	False	True	https://ref.gs1.org/voc/AllergenTypeCode-ABH	rdf:type + originalCodeValue + JSON sourceId/classId + GDSN codeListName/label
https://ref.gs1.org/voc/AllergenTypeCode-CRUSTACEANS	urn:gs1:std:gdsn:cv168958	type-and-original-code	AllergenTypeCode	AC	168958	Crustaceans and its derivatives	Definition (includes Common Name): Refers to the presence of Crustaceans and its derivates in the product - Family/Genus/Species: (Subphylum: Crustacea)/(various) - Also known as: (various) - Disclaimer: Refers to the presence of the allergen in the product, as listed in the regulations specified by an agency and specification or any local market regulations.	https://ref.gs1.org/voc/AllergenTypeCode	urn:gs1:std:gdsn:c-1513720680	Crustaceans and Their Derivatives	Refers to the presence of Crustaceans and their derivatives in the product, as listed as listed in the regulations specified in AllergenSpecificationAgency and AllergenSpecificationName	CRUSTACEANS	False	True	https://ref.gs1.org/voc/AllergenTypeCode-AC	rdf:type + originalCodeValue + JSON sourceId/classId + GDSN codeListName/label
https://ref.gs1.org/voc/AllergenTypeCode-CS	urn:gs1:std:gdsn:cv169031	type-and-original-code	AllergenTypeCode	CS	169031	Cotton Seeds and its derivatives	Definition (includes Common Name): Refers to the presence of Cotton Seeds or its derivatives in the product in the product - Family/Genus/Species: Gossypium. - Also known as: - Disclaimer: Refers to the presence of the allergen in the product, as listed in the regulations specified by an agency and specification or any local market regulations.	https://ref.gs1.org/voc/AllergenTypeCode	urn:gs1:std:gdsn:c-1513720680	Cotton Seeds and its derivatives	Refers to the presence of Cotton Seeds or its derivatives in the product in the product - Family/Genus/Species: Gossypium. - Also known as: - Disclaimer: Refers to the presence of the allergen in the product, as listed in the regulations specified by an agency and specification or any local market regulations.	CS	True	False		rdf:type + originalCodeValue + JSON sourceId/classId + GDSN codeListName/label
https://ref.gs1.org/voc/AllergenTypeCode-CSC	urn:gs1:std:gdsn:cv169032	type-and-original-code	AllergenTypeCode	CSC	169032	Cisco and its derivatives	Definition (includes Common Name): Refers to the presence of Cisco and its derivates in the product. - Family/Genus/Species: Salmonidae/Coregonus/(various) - Also known as: Arctic Cisco, Bering Cisco, Blackfin Cisco, Bloater, Cisco, Deepwater Cisco, European Cisco, Irish pollan, Kiyi, Lake Cisco, Lake Herring, Least Cisco, Longjaw Cisco, Northern Cisco, Peled, Sardine Cisco, Shortjaw Cisco, Shortnose Cisco, Stechlin Cisco - Disclaimer: Refers to the presence of the allergen in the product, as listed in the regulations specified by an agency and specification or any local market regulations.	https://ref.gs1.org/voc/AllergenTypeCode	urn:gs1:std:gdsn:c-1513720680	Cisco and its derivatives	Refers to the presence of Cisco and its derivates in the product. - Family/Genus/Species: Salmonidae/Coregonus/(various) - Also known as: Arctic Cisco, Bering Cisco, Blackfin Cisco, Bloater, Cisco, Deepwater Cisco, European Cisco, Irish pollan, Kiyi, Lake Cisco, Lake Herring, Least Cisco, Longjaw Cisco, Northern Cisco, Peled, Sardine Cisco, Shortjaw Cisco, Shortnose Cisco, Stechlin Cisco - Disclaimer: Refers to the presence of the allergen in the product, as listed in the regulations specified by an agency and specification or any local market regulations.	CSC	True	False		rdf:type + originalCodeValue + JSON sourceId/classId + GDSN codeListName/label
https://ref.gs1.org/voc/AllergenTypeCode-CT	urn:gs1:std:gdsn:cv169033	type-and-original-code	AllergenTypeCode	CT	169033	Citral 	Definition (includes Common Name): Refers to the presence of Citral in the product. - CAS Registry Number: 5392-40-5 - Also known as: - Disclaimer: Refers to the presence of the allergen in the product, as listed in the regulations specified by an agency and specification or any local market regulations.	https://ref.gs1.org/voc/AllergenTypeCode	urn:gs1:std:gdsn:c-1513720680	Citral 	Refers to the presence of Citral in the product. - CAS Registry Number: 5392-40-5 - Also known as: - Disclaimer: Refers to the presence of the allergen in the product, as listed in the regulations specified by an agency and specification or any local market regulations.	CT	True	False		rdf:type + originalCodeValue + JSON sourceId/classId + GDSN codeListName/label
https://ref.gs1.org/voc/AllergenTypeCode-D-LIMONENE	urn:gs1:std:gdsn:cv169010	type-and-original-code	AllergenTypeCode	BO	169010	d-Limonene	Definition (includes Common Name): Refers to the presence of d-Limonene in the product - CAS Registry Number: 5989-27-5 - Also known as: - Disclaimer: Refers to the presence of the allergen in the product, as listed in the regulations specified by an agency and specification or any local market regulations.	https://ref.gs1.org/voc/AllergenTypeCode	urn:gs1:std:gdsn:c-1513720680	d-Limonene	Refers to the presence of d-Limonene as listed in the regulations specified in AllergenSpecificationAgency and AllergenSpecificationName	D-LIMONENE	False	True	https://ref.gs1.org/voc/AllergenTypeCode-BO	rdf:type + originalCodeValue + JSON sourceId/classId + GDSN codeListName/label
https://ref.gs1.org/voc/AllergenTypeCode-DA	urn:gs1:std:gdsn:cv169034	type-and-original-code	AllergenTypeCode	DA	169034	2,6-Dimethoxy-3,5-pyridinediamine HCl 	Definition (includes Common Name): Refers to the presence of 2,6-Dimethoxy-3,5-pyridine diamine HCl in the product. - CAS Registry Number: 56216-28-5 - Also known as: - Disclaimer: Refers to the presence of the allergen in the product, as listed in the regulations specified by an agency and specification or any local market regulations.	https://ref.gs1.org/voc/AllergenTypeCode	urn:gs1:std:gdsn:c-1513720680	2,6-Dimethoxy-3,5-pyridinediamine HCl 	Refers to the presence of 2,6-Dimethoxy-3,5-pyridine diamine HCl in the product. - CAS Registry Number: 56216-28-5 - Also known as: - Disclaimer: Refers to the presence of the allergen in the product, as listed in the regulations specified by an agency and specification or any local market regulations.	DA	True	False		rdf:type + originalCodeValue + JSON sourceId/classId + GDSN codeListName/label
https://ref.gs1.org/voc/AllergenTypeCode-DIAMINOPHENOLS	urn:gs1:std:gdsn:cv169036	type-and-original-code	AllergenTypeCode	DP	169036	Diaminophenols 	Definition (includes Common Name): Refers to the presence of Diaminophenol in the product. - CAS Registry Number: - Also known as: 137-09-7 - Disclaimer: Refers to the presence of the allergen in the product, as listed in the regulations specified by an agency and specification or any local market regulations.	https://ref.gs1.org/voc/AllergenTypeCode	urn:gs1:std:gdsn:c-1513720680	Diaminophenols	Refers to the presence of Diaminophenols as listed in the regulations specified in AllergenSpecificationAgency and AllergenSpecificationName.	DIAMINOPHENOLS	False	True	https://ref.gs1.org/voc/AllergenTypeCode-DP	rdf:type + originalCodeValue + JSON sourceId/classId + GDSN codeListName/label
https://ref.gs1.org/voc/AllergenTypeCode-DMF	urn:gs1:std:gdsn:cv169035	type-and-original-code	AllergenTypeCode	DMF	169035	Drum fish and its derivatives	Definition (includes Common Name): Refers to the presence of Drum and its Derivatives in the product. - Family/Genus/Species: Sciaenidae/(various) - Also known as: Banded Drum, Black Drum, Corb, Cubbyu, Freshwater Drum, Queenfish, Red Drum, Sand Drum, Spotted Drum, Star Drum, Totoaba - Disclaimer: Refers to the presence of the allergen in the product, as listed in the regulations specified by an agency and specification or any local market regulations.	https://ref.gs1.org/voc/AllergenTypeCode	urn:gs1:std:gdsn:c-1513720680	Drum fish and its derivatives	Refers to the presence of Drum and its Derivatives in the product. - Family/Genus/Species: Sciaenidae/(various) - Also known as: Banded Drum, Black Drum, Corb, Cubbyu, Freshwater Drum, Queenfish, Red Drum, Sand Drum, Spotted Drum, Star Drum, Totoaba - Disclaimer: Refers to the presence of the allergen in the product, as listed in the regulations specified by an agency and specification or any local market regulations.	DMF	True	False		rdf:type + originalCodeValue + JSON sourceId/classId + GDSN codeListName/label
https://ref.gs1.org/voc/AllergenTypeCode-DP	urn:gs1:std:gdsn:cv169036	type-and-original-code	AllergenTypeCode	DP	169036	Diaminophenols 	Definition (includes Common Name): Refers to the presence of Diaminophenol in the product. - CAS Registry Number: - Also known as: 137-09-7 - Disclaimer: Refers to the presence of the allergen in the product, as listed in the regulations specified by an agency and specification or any local market regulations.	https://ref.gs1.org/voc/AllergenTypeCode	urn:gs1:std:gdsn:c-1513720680	Diaminophenols 	Refers to the presence of Diaminophenol in the product. - CAS Registry Number: - Also known as: 137-09-7 - Disclaimer: Refers to the presence of the allergen in the product, as listed in the regulations specified by an agency and specification or any local market regulations.	DP	True	False		rdf:type + originalCodeValue + JSON sourceId/classId + GDSN codeListName/label
https://ref.gs1.org/voc/AllergenTypeCode-DYF	urn:gs1:std:gdsn:cv169037	type-and-original-code	AllergenTypeCode	DYF	169037	Dory fish and its derivatives	Definition (includes Common Name): Refers to the presence of Dory and its Derivatives in the product. - Family/Genus/Species: (various) - Also known as: Black Oreo Dory, Buckler Dory, John Dory, Mirror Dory, Oreo, Silver Dory, Smooth Oreo Dory - Disclaimer: Refers to the presence of the allergen in the product, as listed in the regulations specified by an agency and specification or any local market regulations.	https://ref.gs1.org/voc/AllergenTypeCode	urn:gs1:std:gdsn:c-1513720680	Dory fish and its derivatives	Refers to the presence of Dory and its Derivatives in the product. - Family/Genus/Species: (various) - Also known as: Black Oreo Dory, Buckler Dory, John Dory, Mirror Dory, Oreo, Silver Dory, Smooth Oreo Dory - Disclaimer: Refers to the presence of the allergen in the product, as listed in the regulations specified by an agency and specification or any local market regulations.	DYF	True	False		rdf:type + originalCodeValue + JSON sourceId/classId + GDSN codeListName/label
https://ref.gs1.org/voc/AllergenTypeCode-EEL	urn:gs1:std:gdsn:cv169038	type-and-original-code	AllergenTypeCode	EEL	169038	Eel and its derivatives	Definition (includes Common Name): Refers to the presence of Eel and its derivates in the product. - Family/Genus/Species: (various) - Also known as: American Eel, Bandtooth Conger, Blackedge Cusk-eel, Blacktail Moray, Blacktail Pike-conger, Broadbanded Moray, Brown Moray, Conger Eel, Daggertooth Pike Conger, European Eel, Fangtooth Moray, Fawn Cusk-eel, Freckled Pike-conger, Giant Moray, Giant Snake Eel, Goldentail Moray, Green Moray, Hardtail Conger, Honey Comb Moray, Japanese Eel, Lesser Spiny Eel, Longfin Conger, Long-finned Eel, Manytooth Conger, Margintail Conger, Mottled Cusk-eel, Murray, Pebbletooth Moray, Reticulate Moray, Sea Eel, Short-finned Eel, Spiny Eel, Spotjaw Moray, Spotted Pike-conger, Stout Moray, Tiretrack Eel, Whiptail Conger, White Eel, Yellow Conger - Disclaimer: Refers to the presence of the allergen in the product, as listed in the regulations specified by an agency and specification or any local market regulations.	https://ref.gs1.org/voc/AllergenTypeCode	urn:gs1:std:gdsn:c-1513720680	Eel and its Derivatives | Eel and its derivatives	Refers to the presence of Eel and its derivates in the product. - Family/Genus/Species: (various) - Also known as: American Eel, Bandtooth Conger, Blackedge Cusk-eel, Blacktail Moray, Blacktail Pike-conger, Broadbanded Moray, Brown Moray, Conger Eel, Daggertooth Pike Conger, European Eel, Fangtooth Moray, Fawn Cusk-eel, Freckled Pike-conger, Giant Moray, Giant Snake Eel, Goldentail Moray, Green Moray, Hardtail Conger, Honey Comb Moray, Japanese Eel, Lesser Spiny Eel, Longfin Conger, Long-finned Eel, Manytooth Conger, Margintail Conger, Mottled Cusk-eel, Murray, Pebbletooth Moray, Reticulate Moray, Sea Eel, Short-finned Eel, Spiny Eel, Spotjaw Moray, Spotted Pike-conger, Stout Moray, Tiretrack Eel, Whiptail Conger, White Eel, Yellow Conger - Disclaimer: Refers to the presence of the allergen in the product, as listed in the regulations specified by an agency and specification or any local market regulations. | Refers to the presence of Eel and its derivatives in the product, as listed in the regulations specified in AllergenSpecificationAgency and AllergenSpecificationName.	EEL	True	True	https://ref.gs1.org/voc/AllergenTypeCode-EEL	rdf:type + originalCodeValue + JSON sourceId/classId + GDSN codeListName/label
https://ref.gs1.org/voc/AllergenTypeCode-EG	urn:gs1:std:gdsn:cv169039	type-and-original-code	AllergenTypeCode	EG	169039	Eugenol 	Definition (includes Common Name): Refers to the presence of Eugenol in the product. - CAS Registry Number: 97-53-0 - Also known as: clove oil - Disclaimer: Refers to the presence of the allergen in the product, as listed in the regulations specified by an agency and specification or any local market regulations.	https://ref.gs1.org/voc/AllergenTypeCode	urn:gs1:std:gdsn:c-1513720680	Eugenol 	Refers to the presence of Eugenol in the product. - CAS Registry Number: 97-53-0 - Also known as: clove oil - Disclaimer: Refers to the presence of the allergen in the product, as listed in the regulations specified by an agency and specification or any local market regulations.	EG	True	False		rdf:type + originalCodeValue + JSON sourceId/classId + GDSN codeListName/label
https://ref.gs1.org/voc/AllergenTypeCode-EGGS	urn:gs1:std:gdsn:cv168980	type-and-original-code	AllergenTypeCode	AE	168980	Eggs and its derivatives	Definition (includes Common Name): Refers to the presence of eggs and its derivates in the product - Family/Genus/Species: - Also known as: Ovum - Disclaimer: Refers to the presence of the allergen in the product, as listed in the regulations specified by an agency and specification or any local market regulations.	https://ref.gs1.org/voc/AllergenTypeCode	urn:gs1:std:gdsn:c-1513720680	Eggs and Their Derivatives	Refers to the presence of eggs and their derivatives in the product, as listed as listed in the regulations specified in AllergenSpecificationAgency and AllergenSpecificationName	EGGS	False	True	https://ref.gs1.org/voc/AllergenTypeCode-AE	rdf:type + originalCodeValue + JSON sourceId/classId + GDSN codeListName/label
https://ref.gs1.org/voc/AllergenTypeCode-EOD	urn:gs1:std:gdsn:cv169040	type-and-original-code	AllergenTypeCode	EOD	169040	Escolar and its derivatives	Definition (includes Common Name): Refers to the presence of Escolar and its Derivatives in the product. - Family/Genus/Species: Gempylidae/Lepidocybium/flavobrunneum - Also known as: Escolar - Disclaimer: Refers to the presence of the allergen in the product, as listed in the regulations specified by an agency and specification or any local market regulations.	https://ref.gs1.org/voc/AllergenTypeCode	urn:gs1:std:gdsn:c-1513720680	Escolar and its derivatives	Refers to the presence of Escolar and its Derivatives in the product. - Family/Genus/Species: Gempylidae/Lepidocybium/flavobrunneum - Also known as: Escolar - Disclaimer: Refers to the presence of the allergen in the product, as listed in the regulations specified by an agency and specification or any local market regulations.	EOD	True	False		rdf:type + originalCodeValue + JSON sourceId/classId + GDSN codeListName/label
https://ref.gs1.org/voc/AllergenTypeCode-EP	urn:gs1:std:gdsn:cv169041	type-and-original-code	AllergenTypeCode	EP	169041	Oak Moss Extract and its derivatives	Definition (includes Common Name): Refers to the presence of Oakmoss extract in the product. - Family/Genus/Species: Evernia prunastri. - CAS Registry Number: 90028-68-5 - Also known as: - Disclaimer: Refers to the presence of the allergen in the product, as listed in the regulations specified by an agency and specification or any local market regulations.	https://ref.gs1.org/voc/AllergenTypeCode	urn:gs1:std:gdsn:c-1513720680	Oak Moss Extract and its derivatives	Refers to the presence of Oakmoss extract in the product. - Family/Genus/Species: Evernia prunastri. - CAS Registry Number: 90028-68-5 - Also known as: - Disclaimer: Refers to the presence of the allergen in the product, as listed in the regulations specified by an agency and specification or any local market regulations.	EP	True	False		rdf:type + originalCodeValue + JSON sourceId/classId + GDSN codeListName/label
https://ref.gs1.org/voc/AllergenTypeCode-EUGENOL	urn:gs1:std:gdsn:cv169039	type-and-original-code	AllergenTypeCode	EG	169039	Eugenol 	Definition (includes Common Name): Refers to the presence of Eugenol in the product. - CAS Registry Number: 97-53-0 - Also known as: clove oil - Disclaimer: Refers to the presence of the allergen in the product, as listed in the regulations specified by an agency and specification or any local market regulations.	https://ref.gs1.org/voc/AllergenTypeCode	urn:gs1:std:gdsn:c-1513720680	Eugenol	Refers to the presence of Eugenol as listed in the regulations specified in AllergenSpecificationAgency and AllergenSpecificationName.	EUGENOL	False	True	https://ref.gs1.org/voc/AllergenTypeCode-EG	rdf:type + originalCodeValue + JSON sourceId/classId + GDSN codeListName/label
https://ref.gs1.org/voc/AllergenTypeCode-EV	urn:gs1:std:gdsn:cv169042	type-and-original-code	AllergenTypeCode	EV	169042	Treemoss Extract and its derivatives	Definition (includes Common Name): Refers to the presence of Treemoss extract in the product - Family/Genus/Species: Evernia Furfuracea - CAS Registry Number: 90028-67-4 - Also known as: - Disclaimer: Refers to the presence of the allergen in the product, as listed in the regulations specified by an agency and specification or any local market regulations.	https://ref.gs1.org/voc/AllergenTypeCode	urn:gs1:std:gdsn:c-1513720680	Treemoss Extract and its derivatives	Refers to the presence of Treemoss extract in the product - Family/Genus/Species: Evernia Furfuracea - CAS Registry Number: 90028-67-4 - Also known as: - Disclaimer: Refers to the presence of the allergen in the product, as listed in the regulations specified by an agency and specification or any local market regulations.	EV	True	False		rdf:type + originalCodeValue + JSON sourceId/classId + GDSN codeListName/label
https://ref.gs1.org/voc/AllergenTypeCode-EVERNIA_FURFURACEA	urn:gs1:std:gdsn:cv169042	type-and-original-code	AllergenTypeCode	EV	169042	Treemoss Extract and its derivatives	Definition (includes Common Name): Refers to the presence of Treemoss extract in the product - Family/Genus/Species: Evernia Furfuracea - CAS Registry Number: 90028-67-4 - Also known as: - Disclaimer: Refers to the presence of the allergen in the product, as listed in the regulations specified by an agency and specification or any local market regulations.	https://ref.gs1.org/voc/AllergenTypeCode	urn:gs1:std:gdsn:c-1513720680	Evernia Furfuracea	Refers to the presence of Evernia Furfuracea as listed in the regulations specified in AllergenSpecificationAgency and AllergenSpecificationName.	EVERNIA_FURFURACEA	False	True	https://ref.gs1.org/voc/AllergenTypeCode-EV	rdf:type + originalCodeValue + JSON sourceId/classId + GDSN codeListName/label
https://ref.gs1.org/voc/AllergenTypeCode-EVERNIA_PRUNASTRI	urn:gs1:std:gdsn:cv169041	type-and-original-code	AllergenTypeCode	EP	169041	Oak Moss Extract and its derivatives	Definition (includes Common Name): Refers to the presence of Oakmoss extract in the product. - Family/Genus/Species: Evernia prunastri. - CAS Registry Number: 90028-68-5 - Also known as: - Disclaimer: Refers to the presence of the allergen in the product, as listed in the regulations specified by an agency and specification or any local market regulations.	https://ref.gs1.org/voc/AllergenTypeCode	urn:gs1:std:gdsn:c-1513720680	Evernia Prunastri	Refers to the presence of Evernia Prunastri as listed in the regulations specified in AllergenSpecificationAgency and AllergenSpecificationName.	EVERNIA_PRUNASTRI	False	True	https://ref.gs1.org/voc/AllergenTypeCode-EP	rdf:type + originalCodeValue + JSON sourceId/classId + GDSN codeListName/label
https://ref.gs1.org/voc/AllergenTypeCode-FA	urn:gs1:std:gdsn:cv169043	type-and-original-code	AllergenTypeCode	FA	169043	Farnesol 	Definition (includes Common Name): Refers to the presence of Farnesol in the product. - CAS Registry Number: 4602-84-0 - Also known as: - Disclaimer: Refers to the presence of the allergen in the product, as listed in the regulations specified by an agency and specification or any local market regulations.	https://ref.gs1.org/voc/AllergenTypeCode	urn:gs1:std:gdsn:c-1513720680	Farnesol 	Refers to the presence of Farnesol in the product. - CAS Registry Number: 4602-84-0 - Also known as: - Disclaimer: Refers to the presence of the allergen in the product, as listed in the regulations specified by an agency and specification or any local market regulations.	FA	True	False		rdf:type + originalCodeValue + JSON sourceId/classId + GDSN codeListName/label
https://ref.gs1.org/voc/AllergenTypeCode-FARNESOL	urn:gs1:std:gdsn:cv169043	type-and-original-code	AllergenTypeCode	FA	169043	Farnesol 	Definition (includes Common Name): Refers to the presence of Farnesol in the product. - CAS Registry Number: 4602-84-0 - Also known as: - Disclaimer: Refers to the presence of the allergen in the product, as listed in the regulations specified by an agency and specification or any local market regulations.	https://ref.gs1.org/voc/AllergenTypeCode	urn:gs1:std:gdsn:c-1513720680	Farnesol	Refers to the presence of Farnesol as listed in the regulations specified in AllergenSpecificationAgency and AllergenSpecificationName.	FARNESOL	False	True	https://ref.gs1.org/voc/AllergenTypeCode-FA	rdf:type + originalCodeValue + JSON sourceId/classId + GDSN codeListName/label
https://ref.gs1.org/voc/AllergenTypeCode-FH	urn:gs1:std:gdsn:cv169044	type-and-original-code	AllergenTypeCode	FH	169044	4-Hydroxy-propylamino-3-nitrophenol 	Definition (includes Common Name): Refers to the presence of 4-Hydroxy-propyl amino-3-nitrophenol in the product. - CAS Registry Number: 92952-81-3 - Also known as: - Disclaimer: Refers to the presence of the allergen in the product, as listed in the regulations specified by an agency and specification or any local market regulations.	https://ref.gs1.org/voc/AllergenTypeCode	urn:gs1:std:gdsn:c-1513720680	4-Hydroxy-propylamino-3-nitrophenol 	Refers to the presence of 4-Hydroxy-propyl amino-3-nitrophenol in the product. - CAS Registry Number: 92952-81-3 - Also known as: - Disclaimer: Refers to the presence of the allergen in the product, as listed in the regulations specified by an agency and specification or any local market regulations.	FH	True	False		rdf:type + originalCodeValue + JSON sourceId/classId + GDSN codeListName/label
https://ref.gs1.org/voc/AllergenTypeCode-FISH	urn:gs1:std:gdsn:cv168981	type-and-original-code	AllergenTypeCode	AF	168981	Fish and its derivatives	Definition (includes Common Name): Refers to the presence of Fish and its derivates in the product. - Family/Genus/Species: (various) - Also known as: (various) - Disclaimer: Refers to the presence of the allergen in the product, as listed in the regulations specified by an agency and specification or any local market regulations.	https://ref.gs1.org/voc/AllergenTypeCode	urn:gs1:std:gdsn:c-1513720680	Fish and Their Derivatives	Refers to the presence of Fish and their derivatives in the product, as listed in as listed in the regulations specified in AllergenSpecificationAgency and AllergenSpecificationName	FISH	False	True	https://ref.gs1.org/voc/AllergenTypeCode-AF	rdf:type + originalCodeValue + JSON sourceId/classId + GDSN codeListName/label
https://ref.gs1.org/voc/AllergenTypeCode-FLOUNDER	urn:gs1:std:gdsn:cv168965	type-and-original-code	AllergenTypeCode	ADG	168965	Flounder and its derivatives	Definition (includes Common Name): Refers to the presence of Flounder and its derivatives in the product. - Family/Genus/Species: Achiropsettidae or Bothidae or Pleuronectidae or Paralichthyidae or Samaridae/(various) - Also known as: Arctic Flounder, Arrowtooth Flounder, Bering Flounder, Bigmouth Flounder, Black Flounder, Blackback, Brill, Broad Flounder, California Flounder, Common Dab, Cortez Halibut, European Flounder, Eyed Flounder, Fivespot Flounder, Fluke, Fourspot Flounder, Fourspot Megrim, Greenback Flounder, Gulf Flounder, Indian Ocean Spiny Halibut, Kamchatka Flounder, Largetoothed Flounder, Longhead Dab, Megrim, Mexican Flounder, New Zealand Brill, Olive Flounder, Panther Flounder, Patagonian Flounder, Peacock Flounder, Pelican Flounder, Sand Flounder, Slime Flounder, Smalleye Flounder, Smalltoothed Flounder, Sohachi Flounder, Southern Flounder, Speckled Flounder, Starry Flounder, Summer Flounder, Three-eye Flounder, Threespot Righteye Flounder, Tropical Flounder, Windowpane, Winter Flounder, Witch, Witch Flounder, Yellowbelly Flounder, Yellowtail Flounder - Disclaimer: Refers to the presence of the allergen in the product, as listed in the regulations specified by an agency and specification or any local market regulations.	https://ref.gs1.org/voc/AllergenTypeCode	urn:gs1:std:gdsn:c-1513720680	Flounder and its Derivatives	Refers to the presence of Flounder and their derivatives in the product, as listed as listed in the regulations specified in AllergenSpecificationAgency and AllergenSpecificationName.	FLOUNDER	False	True	https://ref.gs1.org/voc/AllergenTypeCode-ADG	rdf:type + originalCodeValue + JSON sourceId/classId + GDSN codeListName/label
https://ref.gs1.org/voc/AllergenTypeCode-FT	urn:gs1:std:gdsn:cv169045	type-and-original-code	AllergenTypeCode	FT	169045	4-Amino-3-nitrophenol 	Definition (includes Common Name): Refers to the presence of 4-Amino-3-nitrophenol in the product. - CAS Registry Number: 610-81-1 - Also known as: - Disclaimer: Refers to the presence of the allergen in the product, as listed in the regulations specified by an agency and specification or any local market regulations.	https://ref.gs1.org/voc/AllergenTypeCode	urn:gs1:std:gdsn:c-1513720680	4-Amino-3-nitrophenol 	Refers to the presence of 4-Amino-3-nitrophenol in the product. - CAS Registry Number: 610-81-1 - Also known as: - Disclaimer: Refers to the presence of the allergen in the product, as listed in the regulations specified by an agency and specification or any local market regulations.	FT	True	False		rdf:type + originalCodeValue + JSON sourceId/classId + GDSN codeListName/label
https://ref.gs1.org/voc/AllergenTypeCode-GB	urn:gs1:std:gdsn:cv169046	type-and-original-code	AllergenTypeCode	GB	169046	Barley and its derivatives	Definition (includes Common Name): Refers to the presence of barley and its derivatives in the product. - Family/Genus/Species: Hordeum vulgare. - Also known as: - Disclaimer: Refers to the presence of the allergen in the product, as listed in the regulations specified by an agency and specification or any local market regulations.	https://ref.gs1.org/voc/AllergenTypeCode	urn:gs1:std:gdsn:c-1513720680	Barley and its derivatives	Refers to the presence of barley and its derivatives in the product. - Family/Genus/Species: Hordeum vulgare. - Also known as: - Disclaimer: Refers to the presence of the allergen in the product, as listed in the regulations specified by an agency and specification or any local market regulations.	GB	True	False		rdf:type + originalCodeValue + JSON sourceId/classId + GDSN codeListName/label
https://ref.gs1.org/voc/AllergenTypeCode-GE	urn:gs1:std:gdsn:cv169047	type-and-original-code	AllergenTypeCode	GE	169047	Geraniol 	Definition (includes Common Name): Refers to the presence of Geraniol in the product. - CAS Registry Number: 106-24-1 - Also known as: - Disclaimer: Refers to the presence of the allergen in the product, as listed in the regulations specified by an agency and specification or any local market regulations.	https://ref.gs1.org/voc/AllergenTypeCode	urn:gs1:std:gdsn:c-1513720680	Geraniol 	Refers to the presence of Geraniol in the product. - CAS Registry Number: 106-24-1 - Also known as: - Disclaimer: Refers to the presence of the allergen in the product, as listed in the regulations specified by an agency and specification or any local market regulations.	GE	True	False		rdf:type + originalCodeValue + JSON sourceId/classId + GDSN codeListName/label
https://ref.gs1.org/voc/AllergenTypeCode-GERANIOL	urn:gs1:std:gdsn:cv169047	type-and-original-code	AllergenTypeCode	GE	169047	Geraniol 	Definition (includes Common Name): Refers to the presence of Geraniol in the product. - CAS Registry Number: 106-24-1 - Also known as: - Disclaimer: Refers to the presence of the allergen in the product, as listed in the regulations specified by an agency and specification or any local market regulations.	https://ref.gs1.org/voc/AllergenTypeCode	urn:gs1:std:gdsn:c-1513720680	Geraniol	Refers to the presence of Geraniol as listed in the regulations specified in AllergenSpecificationAgency and AllergenSpecificationName.	GERANIOL	False	True	https://ref.gs1.org/voc/AllergenTypeCode-GE	rdf:type + originalCodeValue + JSON sourceId/classId + GDSN codeListName/label
https://ref.gs1.org/voc/AllergenTypeCode-GINKGO_NUTS	urn:gs1:std:gdsn:cv169120	type-and-original-code	AllergenTypeCode	SG	169120	Ginkgo Nuts and its derivatives	Definition (includes Common Name): Refers to the presence of Ginkgo nuts and its derivatives in the product. - Family/Genus/Species: Ginkgo. - Also known as: Ginkgo seeds, Gingko. - Disclaimer: Refers to the presence of the allergen in the product, as listed in the regulations specified by an agency and specification or any local market regulations.	https://ref.gs1.org/voc/AllergenTypeCode	urn:gs1:std:gdsn:c-1513720680	Ginkgo Nuts and Their Derivatives	Refers to the presence of Ginkgo nuts [Ginkgo biloba L. (Ginkgoaceae)] and their derivatives in the product, as listed as listed in the regulations specified in AllergenSpecificationAgency and AllergenSpecificationName.	GINKGO_NUTS	False	True	https://ref.gs1.org/voc/AllergenTypeCode-SG	rdf:type + originalCodeValue + JSON sourceId/classId + GDSN codeListName/label
https://ref.gs1.org/voc/AllergenTypeCode-GK	urn:gs1:std:gdsn:cv169048	type-and-original-code	AllergenTypeCode	GK	169048	Khorasan wheat and its derivatives	Definition (includes Common Name): Refers to the presence of khorasan wheat and its derivatives in the product. - Family/Genus/Species: Triticum turanicum. - Also known as: Kamut, Oriental wheat. - Disclaimer: Refers to the presence of the allergen in the product, as listed in the regulations specified by an agency and specification or any local market regulations.	https://ref.gs1.org/voc/AllergenTypeCode	urn:gs1:std:gdsn:c-1513720680	Kamut and its derivatives	Refers to the presence of kamut and its derivatives in the product. - Family/Genus/Species: Triticum turanicum. - Also known as: Khorasan wheat, Oriental wheat. - Disclaimer: Refers to the presence of the allergen in the product, as listed in the regulations specified by an agency and specification or any local market regulations.	GK	True	False		rdf:type + originalCodeValue + JSON sourceId/classId + GDSN codeListName/label
https://ref.gs1.org/voc/AllergenTypeCode-GL	urn:gs1:std:gdsn:cv169049	type-and-original-code	AllergenTypeCode	GL	169049	Glutamate and its derivatives	Definition (includes Common Name): Refers to the presence of Glutamate and its derivatives in the product. - Family/Genus/Species: - Also known as: Glutamic acid. - Disclaimer: Refers to the presence of the allergen in the product, as listed in the regulations specified by an agency and specification or any local market regulations.	https://ref.gs1.org/voc/AllergenTypeCode	urn:gs1:std:gdsn:c-1513720680	Glutamate and its derivatives	Refers to the presence of Glutamate and its derivatives in the product. - Family/Genus/Species: - Also known as: Glutamic acid. - Disclaimer: Refers to the presence of the allergen in the product, as listed in the regulations specified by an agency and specification or any local market regulations.	GL	True	False		rdf:type + originalCodeValue + JSON sourceId/classId + GDSN codeListName/label
https://ref.gs1.org/voc/AllergenTypeCode-GLUTAMATE	urn:gs1:std:gdsn:cv169049	type-and-original-code	AllergenTypeCode	GL	169049	Glutamate and its derivatives	Definition (includes Common Name): Refers to the presence of Glutamate and its derivatives in the product. - Family/Genus/Species: - Also known as: Glutamic acid. - Disclaimer: Refers to the presence of the allergen in the product, as listed in the regulations specified by an agency and specification or any local market regulations.	https://ref.gs1.org/voc/AllergenTypeCode	urn:gs1:std:gdsn:c-1513720680	Glutamate and Their Derivatives	Refers to the presence of glutamate and its derivative in the product, as listed in the regulations specified in AllergenSpecificationAgency and AllergenSpecificationName.	GLUTAMATE	False	True	https://ref.gs1.org/voc/AllergenTypeCode-GL	rdf:type + originalCodeValue + JSON sourceId/classId + GDSN codeListName/label
https://ref.gs1.org/voc/AllergenTypeCode-GO	urn:gs1:std:gdsn:cv169050	type-and-original-code	AllergenTypeCode	GO	169050	Oats and its derivatives	Definition (includes Common Name): Refers to the presence of Oat and its derivatives in the product. - Family/Genus/Species: Avena sativa. - Also known as: Common oat. - Disclaimer: Refers to the presence of the allergen in the product, as listed in the regulations specified by an agency and specification or any local market regulations.	https://ref.gs1.org/voc/AllergenTypeCode	urn:gs1:std:gdsn:c-1513720680	Oats and its derivatives	Refers to the presence of Oat and its derivatives in the product. - Family/Genus/Species: Avena sativa. - Also known as: Common oat. - Disclaimer: Refers to the presence of the allergen in the product, as listed in the regulations specified by an agency and specification or any local market regulations.	GO	True	False		rdf:type + originalCodeValue + JSON sourceId/classId + GDSN codeListName/label
https://ref.gs1.org/voc/AllergenTypeCode-GOM	urn:gs1:std:gdsn:cv169054	type-and-original-code	AllergenTypeCode	GOM	169054	Goat Milk	Definition (includes Common Name): Refers to the presence of Goat milk and its derivatives in the product, as listed in in the product. - Family/Genus/Species: Capra - Also known as: - Disclaimer: Refers to the presence of the allergen in the product, as listed in the regulations specified by an agency and specification or any local market regulations.	https://ref.gs1.org/voc/AllergenTypeCode	urn:gs1:std:gdsn:c-1513720680	Goat Milk	Refers to the presence of Goat milk and its derivatives in the product, as listed in in the product. - Family/Genus/Species: Capra - Also known as: - Disclaimer: Refers to the presence of the allergen in the product, as listed in the regulations specified by an agency and specification or any local market regulations.	GOM	True	False		rdf:type + originalCodeValue + JSON sourceId/classId + GDSN codeListName/label
https://ref.gs1.org/voc/AllergenTypeCode-GROUPER	urn:gs1:std:gdsn:cv168966	type-and-original-code	AllergenTypeCode	ADH	168966	Grouper and its derivatives	Definition (includes Common Name): Refers to the presence of Grouper and its derivatives in the product. - Family/Genus/Species: Serranidae subfamily Epinephelina/(various) - Also known as: Banded Grouper, Black Grouper, Blacktip Grouper, Bridled Grouper, Broomtail Grouper, Brownspotted Rockcod, Camouflage Grouper, Chevron Tailed Grouper, Comb Grouper, Comet Grouper, Coney, Coral Hind, Dot-dash Grouper, Dusky Grouper, Dusty Tail Grouper, Gag, Giant Grouper, Goliath, Graysby, Greasy Rockcod, Grouper, Gulf Coney, Gulf Grouper, Halfmoon Grouper, Hawaiian Grouper, Highfin Grouper, Hong Kong Grouper, Leopard Coralgrouper, Longspine Grouper, Malabar Grouper, Marbled Grouper, Misty Grouper, Mottled Grouper, Nassau Grouper, Netfin Grouper, Oblique-banded Grouper, Orange-spotted Grouper, Persian Grouper, Purplespotted Grouper, Red Grouper, Red Hind, Redmouth Grouper, Sabah Grouper, Sand Perch, Scamp, Sixbar Grouper, Slender Grouper, Snowy Grouper, Snubnose Grouper, Speckled Blue Grouper, Speckled Dwarf Grouper, Spinycheek Grouper, Spotted Grouper, Squaretail Coralgrouper, Starspotted Grouper, Star-studded grouper, Strawberry Hind, Striped Grouper, Tiger Grouper, Tomato Hind, Warsaw Grouper, Wavy Lined Grouper, White Grouper, White-blotched Grouper, Yellowedge Grouper, Yellow-edged Lyretail, Yellowfin Grouper, Yellowmouth Grouper - Disclaimer: Refers to the presence of the allergen in the product, as listed in the regulations specified by an agency and specification or any local market regulations.	https://ref.gs1.org/voc/AllergenTypeCode	urn:gs1:std:gdsn:c-1513720680	Grouper and its Derivatives	Refers to the presence of Grouper and their derivatives in the product, as listed as listed in the regulations specified in AllergenSpecificationAgency and AllergenSpecificationName.	GROUPER	False	True	https://ref.gs1.org/voc/AllergenTypeCode-ADH	rdf:type + originalCodeValue + JSON sourceId/classId + GDSN codeListName/label
https://ref.gs1.org/voc/AllergenTypeCode-GS	urn:gs1:std:gdsn:cv169051	type-and-original-code	AllergenTypeCode	GS	169051	Spelt and its derivatives	Definition (includes Common Name): Refers to the presence of Spelt and its derivatives in the product. - Family/Genus/Species: Pooideae/Triticum/T. spelta - Also known as: Spelt, Dinkel Wheat, Hulled Wheat - Disclaimer: Refers to the presence of the allergen in the product, as listed in the regulations specified by an agency and specification or any local market regulations.	https://ref.gs1.org/voc/AllergenTypeCode	urn:gs1:std:gdsn:c-1513720680	Spelt and its derivatives	Refers to the presence of Spelt and its derivatives in the product. - Family/Genus/Species: Pooideae/Triticum/T. spelta - Also known as: Spelt, Dinkel Wheat, Hulled Wheat - Disclaimer: Refers to the presence of the allergen in the product, as listed in the regulations specified by an agency and specification or any local market regulations.	GS	True	False		rdf:type + originalCodeValue + JSON sourceId/classId + GDSN codeListName/label
https://ref.gs1.org/voc/AllergenTypeCode-GTD	urn:gs1:std:gdsn:cv169052	type-and-original-code	AllergenTypeCode	GTD	169052	Gelatine and its derivatives	Definition (includes Common Name): Refers to the presence of Gelatine in the product. - CAS Registry Number: 9000-70-8 - Also known as: Gelatin - Disclaimer: Refers to the presence of the allergen in the product, as listed in the regulations specified by an agency and specification or any local market regulations.	https://ref.gs1.org/voc/AllergenTypeCode	urn:gs1:std:gdsn:c-1513720680	Gelatine and its derivatives	Refers to the presence of Gelatine in the product. - CAS Registry Number: 9000-70-8 - Also known as: Gelatin - Disclaimer: Refers to the presence of the allergen in the product, as listed in the regulations specified by an agency and specification or any local market regulations.	GTD	True	False		rdf:type + originalCodeValue + JSON sourceId/classId + GDSN codeListName/label
https://ref.gs1.org/voc/AllergenTypeCode-HADDOCK	urn:gs1:std:gdsn:cv168967	type-and-original-code	AllergenTypeCode	ADI	168967	Haddock and its derivatives	Definition (includes Common Name): Refers to the presence of Haddock and its derivatives in the product. - Family/Genus/Species: Gadidae/Melanogrammus/Melanogrammus aeglefinus - Also known as: - Disclaimer: Refers to the presence of the allergen in the product, as listed in the regulations specified by an agency and specification or any local market regulations.	https://ref.gs1.org/voc/AllergenTypeCode	urn:gs1:std:gdsn:c-1513720680	Haddock and its Derivatives	Refers to the presence of Haddock and their derivatives in the product, as listed as listed in the regulations specified in AllergenSpecificationAgency and AllergenSpecificationName.	HADDOCK	False	True	https://ref.gs1.org/voc/AllergenTypeCode-ADI	rdf:type + originalCodeValue + JSON sourceId/classId + GDSN codeListName/label
https://ref.gs1.org/voc/AllergenTypeCode-HAKE	urn:gs1:std:gdsn:cv168968	type-and-original-code	AllergenTypeCode	ADJ	168968	Hake and its derivatives	Definition (includes Common Name): Refers to the presence of Hake and its derivatives in the product. - Family/Genus/Species: Merlucciidae or Phycidae or Gadidae subfamily Phycinae/(various) - Also known as: Argentine hake, Benguela hake, Brazilian Hake, Carolina Hake, Deep-water hake, European hake, Gayi hake, Gulf Hake, Longfin Hake, North Pacific hake, Offshore hake, Panama hake, Red Hake, Senegalese hake, Shallow-water hake, Silver hake, Southern Hake, Southern hake, Spotted Hake, White Hake - Disclaimer: Refers to the presence of the allergen in the product, as listed in the regulations specified by an agency and specification or any local market regulations.	https://ref.gs1.org/voc/AllergenTypeCode	urn:gs1:std:gdsn:c-1513720680	Hake and its Derivatives	Refers to the presence of Hake and their derivatives in the product, as listed as listed in the regulations specified in AllergenSpecificationAgency and AllergenSpecificationName.	HAKE	False	True	https://ref.gs1.org/voc/AllergenTypeCode-ADJ	rdf:type + originalCodeValue + JSON sourceId/classId + GDSN codeListName/label
https://ref.gs1.org/voc/AllergenTypeCode-HALIBUT	urn:gs1:std:gdsn:cv168969	type-and-original-code	AllergenTypeCode	ADK	168969	Halibut and its derivatives	Definition (includes Common Name): Refers to the presence of Halibut and its derivatives in the product. - FFamily/Genus/Species: Pleuronectidae/Hippoglossus/Hippoglossus hippoglossus or Hippoglossus stenolepis or Reinhardtius hippoglossoides - Also known as: Atlantic Halibut, Pacific Halibut, Greenland Halibut - Disclaimer: Refers to the presence of the allergen in the product, as listed in the regulations specified by an agency and specification or any local market regulations.	https://ref.gs1.org/voc/AllergenTypeCode	urn:gs1:std:gdsn:c-1513720680	Halibut and its Derivatives	Refers to the presence of Halibut and their derivatives in the product, as listed as listed in the regulations specified in AllergenSpecificationAgency and AllergenSpecificationName.	HALIBUT	False	True	https://ref.gs1.org/voc/AllergenTypeCode-ADK	rdf:type + originalCodeValue + JSON sourceId/classId + GDSN codeListName/label
https://ref.gs1.org/voc/AllergenTypeCode-HAZELNUTS	urn:gs1:std:gdsn:cv169121	type-and-original-code	AllergenTypeCode	SH	169121	Hazelnuts and its derivatives	Definition (includes Common Name): Refers to the presence of Hazelnuts and its derivatives in the product. - Family/Genus/Species: Corylus. - Also known as: Cobnuts, Filberts. - Disclaimer: Refers to the presence of the allergen in the product, as listed in the regulations specified by an agency and specification or any local market regulations.	https://ref.gs1.org/voc/AllergenTypeCode	urn:gs1:std:gdsn:c-1513720680	Hazelnut and Hazelnut Products	Refers to the presence of hazelnut and hazelnut products as listed in the regulations specified in AllergenSpecificationAgency and AllergenSpecificationName.	HAZELNUTS	False	True	https://ref.gs1.org/voc/AllergenTypeCode-SH	rdf:type + originalCodeValue + JSON sourceId/classId + GDSN codeListName/label
https://ref.gs1.org/voc/AllergenTypeCode-HB	urn:gs1:std:gdsn:cv169053	type-and-original-code	AllergenTypeCode	HB	169053	HC Blue No 12 	Definition (includes Common Name): Refers to the presence of HC Blue No 12 in the product. - CAS Registry Number: 132885-85-9 - Also known as: 1-(alpha-hydroxyethyl)amino-2-nitro-4,N-ethyl-N-(alpha-​hydroxyethyl)aminobenzene - Disclaimer: Refers to the presence of the allergen in the product, as listed in the regulations specified by an agency and specification or any local market regulations.	https://ref.gs1.org/voc/AllergenTypeCode	urn:gs1:std:gdsn:c-1513720680	HC Blue No 12 	Refers to the presence of HC Blue No 12 in the product. - CAS Registry Number: 132885-85-9 - Also known as: 1-(alpha-hydroxyethyl)amino-2-nitro-4,N-ethyl-N-(alpha-hydroxyethyl)aminobenzene - Disclaimer: Refers to the presence of the allergen in the product, as listed in the regulations specified by an agency and specification or any local market regulations.	HB	True	False		rdf:type + originalCodeValue + JSON sourceId/classId + GDSN codeListName/label
https://ref.gs1.org/voc/AllergenTypeCode-HC	urn:gs1:std:gdsn:cv169055	type-and-original-code	AllergenTypeCode	HC	169055	Hydroxyisohexyl 3-Cyclohexene Carboxaldehyde	Definition (includes Common Name): Refers to the presence of Hydroxyisohexyl 3-Cyclohexene Carboxaldehyde in the product. - CAS Registry Number: 31906-04-4 - Also known as: Hydroxy-methylpentylcyclohexenecarboxaldehyde - Disclaimer: Refers to the presence of the allergen in the product, as listed in the regulations specified by an agency and specification or any local market regulations.	https://ref.gs1.org/voc/AllergenTypeCode	urn:gs1:std:gdsn:c-1513720680	Hydroxyisohexyl 3-Cyclohexene Carboxaldehyde	Refers to the presence of Hydroxyisohexyl 3-Cyclohexene Carboxaldehyde in the product. - CAS Registry Number: 31906-04-4 - Also known as: Hydroxy-methylpentylcyclohexenecarboxaldehyde - Disclaimer: Refers to the presence of the allergen in the product, as listed in the regulations specified by an agency and specification or any local market regulations.	HC	True	False		rdf:type + originalCodeValue + JSON sourceId/classId + GDSN codeListName/label
https://ref.gs1.org/voc/AllergenTypeCode-HC_BLUE_NO_11	urn:gs1:std:gdsn:cv169056	type-and-original-code	AllergenTypeCode	HD	169056	HC Blue No 11 	Definition (includes Common Name): Refers to the presence of HC Blue No 11 in the product. - CAS Registry Number: 23920-15-2 - Also known as: 2,2'-((4-((2-methoxyethyl)amino)-3-nitrophenyl)imino)diethanol - Disclaimer: Refers to the presence of the allergen in the product, as listed in the regulations specified by an agency and specification or any local market regulations.	https://ref.gs1.org/voc/AllergenTypeCode	urn:gs1:std:gdsn:c-1513720680	HC Blue No 11	Refers to the presence of HC Blue No 11 as listed in the regulations specified in AllergenSpecificationAgency and AllergenSpecificationName.	HC_BLUE_NO_11	False	True	https://ref.gs1.org/voc/AllergenTypeCode-HD	rdf:type + originalCodeValue + JSON sourceId/classId + GDSN codeListName/label
https://ref.gs1.org/voc/AllergenTypeCode-HC_BLUE_NO_12	urn:gs1:std:gdsn:cv169053	type-and-original-code	AllergenTypeCode	HB	169053	HC Blue No 12 	Definition (includes Common Name): Refers to the presence of HC Blue No 12 in the product. - CAS Registry Number: 132885-85-9 - Also known as: 1-(alpha-hydroxyethyl)amino-2-nitro-4,N-ethyl-N-(alpha-​hydroxyethyl)aminobenzene - Disclaimer: Refers to the presence of the allergen in the product, as listed in the regulations specified by an agency and specification or any local market regulations.	https://ref.gs1.org/voc/AllergenTypeCode	urn:gs1:std:gdsn:c-1513720680	HC Blue No 12	Refers to the presence of HC Blue No 12 as listed in the regulations specified in AllergenSpecificationAgency and AllergenSpecificationName.	HC_BLUE_NO_12	False	True	https://ref.gs1.org/voc/AllergenTypeCode-HB	rdf:type + originalCodeValue + JSON sourceId/classId + GDSN codeListName/label
https://ref.gs1.org/voc/AllergenTypeCode-HD	urn:gs1:std:gdsn:cv169056	type-and-original-code	AllergenTypeCode	HD	169056	HC Blue No 11 	Definition (includes Common Name): Refers to the presence of HC Blue No 11 in the product. - CAS Registry Number: 23920-15-2 - Also known as: 2,2'-((4-((2-methoxyethyl)amino)-3-nitrophenyl)imino)diethanol - Disclaimer: Refers to the presence of the allergen in the product, as listed in the regulations specified by an agency and specification or any local market regulations.	https://ref.gs1.org/voc/AllergenTypeCode	urn:gs1:std:gdsn:c-1513720680	HC Blue No 11 	Refers to the presence of HC Blue No 11 in the product. - CAS Registry Number: 23920-15-2 - Also known as: 2,2'-((4-((2-methoxyethyl)amino)-3-nitrophenyl)imino)diethanol - Disclaimer: Refers to the presence of the allergen in the product, as listed in the regulations specified by an agency and specification or any local market regulations.	HD	True	False		rdf:type + originalCodeValue + JSON sourceId/classId + GDSN codeListName/label
https://ref.gs1.org/voc/AllergenTypeCode-HE	urn:gs1:std:gdsn:cv169057	type-and-original-code	AllergenTypeCode	HE	169057	Hydroxybenzomorpholine 	Definition (includes Common Name): Refers to the presence of Hydroxybenzomorpholine in the product. - CAS Registry Number: 26021-57-8 - Also known as: 6-Hydroxybenzomorpholine - Disclaimer: Refers to the presence of the allergen in the product, as listed in the regulations specified by an agency and specification or any local market regulations.	https://ref.gs1.org/voc/AllergenTypeCode	urn:gs1:std:gdsn:c-1513720680	Hydroxybenzomorpholine 	Refers to the presence of Hydroxybenzomorpholine in the product. - CAS Registry Number: 26021-57-8 - Also known as: 6-Hydroxybenzomorpholine - Disclaimer: Refers to the presence of the allergen in the product, as listed in the regulations specified by an agency and specification or any local market regulations.	HE	True	False		rdf:type + originalCodeValue + JSON sourceId/classId + GDSN codeListName/label
https://ref.gs1.org/voc/AllergenTypeCode-HERRING	urn:gs1:std:gdsn:cv168970	type-and-original-code	AllergenTypeCode	ADL	168970	Herring and its derivatives	Definition (includes Common Name): Refers to the presence of Herring and its derivatives in the product. - Family/Genus/Species: Clupeidae/Clupea/(various) - Also known as: African Ilisha, Araucanian herring, Atlantic Herring, Atlantic Thread Herring, Bigeye Ilisha, Blackstripe herring, Blueback Herring, Day's round herring, Deepbody Thread Herring, Denticle herring, Dogtooth herring, Dwarf round herring, Flatiron Herring, Galapagos thread herring, Gilchrist's round herring, Graceful herring, Indian Ilisha, Indian Pellona, Javan Ilisha, Little-eye round herring, Middling thread herring, Pacific Flatiron herring, Pacific Herring, Pacific thread herring, Panamanian Ilisha, Pugnose Ilisha, Red-eye round herring, Round Herring, Sanaga pygmy herring, Silver Darlings, Silver-stripe round herring, Skipjack Herring, Slender thread herring, Striped herring, Tardoore, Toothed river herring, Two-finned round herring, Venezuelan herring, West African pygmy herring, Whitehead's round herring - Disclaimer: Refers to the presence of the allergen in the product, as listed in the regulations specified by an agency and specification or any local market regulations.	https://ref.gs1.org/voc/AllergenTypeCode	urn:gs1:std:gdsn:c-1513720680	Herring and its Derivatives	Refers to the presence of Herring and their derivatives in the product, as listed as listed in the regulations specified in AllergenSpecificationAgency and AllergenSpecificationName.	HERRING	False	True	https://ref.gs1.org/voc/AllergenTypeCode-ADL	rdf:type + originalCodeValue + JSON sourceId/classId + GDSN codeListName/label
https://ref.gs1.org/voc/AllergenTypeCode-HEXYL_CINNAMAL	urn:gs1:std:gdsn:cv169061	type-and-original-code	AllergenTypeCode	HX	169061	Hexyl Cinnamaldehyde 	Definition (includes Common Name): Refers to the presence of Hexyl Cinnamaldehyde in the product. - CAS Registry Number: 101-86-0 - Also known as: hexyl cinnamal - Disclaimer: Refers to the presence of the allergen in the product, as listed in the regulations specified by an agency and specification or any local market regulations.	https://ref.gs1.org/voc/AllergenTypeCode	urn:gs1:std:gdsn:c-1513720680	Hexyl Cinnamal	Refers to the presence of Hexyl Cinnamal as listed in the regulations specified in AllergenSpecificationAgency and AllergenSpecificationName.	HEXYL_CINNAMAL	False	True	https://ref.gs1.org/voc/AllergenTypeCode-HX	rdf:type + originalCodeValue + JSON sourceId/classId + GDSN codeListName/label
https://ref.gs1.org/voc/AllergenTypeCode-HH	urn:gs1:std:gdsn:cv169058	type-and-original-code	AllergenTypeCode	HH	169058	Hydroxypropyl bis(N-hydroxyethyl-p-phenyldiamine) HCl 	Definition (includes Common Name): Refers to the presence of Hydroxypropyl bis(N-hydroxyethyl-p-phenylenediamine) HCl in the product. - CAS Registry Number: 128729-28-2 - Also known as: - Disclaimer: Refers to the presence of the allergen in the product, as listed in the regulations specified by an agency and specification or any local market regulations.	https://ref.gs1.org/voc/AllergenTypeCode	urn:gs1:std:gdsn:c-1513720680	Hydroxypropyl bis(N-hydroxyethyl-p-phenyldiamine) HCl 	Refers to the presence of Hydroxypropyl bis(N-hydroxyethyl-p-phenylenediamine) HCl in the product. - CAS Registry Number: 128729-28-2 - Also known as: - Disclaimer: Refers to the presence of the allergen in the product, as listed in the regulations specified by an agency and specification or any local market regulations.	HH	True	False		rdf:type + originalCodeValue + JSON sourceId/classId + GDSN codeListName/label
https://ref.gs1.org/voc/AllergenTypeCode-HICKORY_NUTS	urn:gs1:std:gdsn:cv169124	type-and-original-code	AllergenTypeCode	SI	169124	Hickory Nuts and its derivatives	Definition (includes Common Name): Refers to the presence of hickory nuts and its derivatives in the product. - Family/Genus/Species: Carya. - Also known as: - Disclaimer: Refers to the presence of the allergen in the product, as listed in the regulations specified by an agency and specification or any local market regulations.	https://ref.gs1.org/voc/AllergenTypeCode	urn:gs1:std:gdsn:c-1513720680	Hickory Nuts and Their Derivatives	Refers to the presence of hickory nuts [Carya spp. (Junglandacease)] and their derivatives in the product, as listed as listed in the regulations specified in AllergenSpecificationAgency and AllergenSpecificationName.	HICKORY_NUTS	False	True	https://ref.gs1.org/voc/AllergenTypeCode-SI	rdf:type + originalCodeValue + JSON sourceId/classId + GDSN codeListName/label
https://ref.gs1.org/voc/AllergenTypeCode-HN	urn:gs1:std:gdsn:cv169059	type-and-original-code	AllergenTypeCode	HN	169059	Hydroxyethyl-2-nitro-p-toluidine 	Definition (includes Common Name): Refers to the presence of Hydroxyethyl-2-nitro-p-toluidine in the product. - CAS Registry Number: 100418-33-5 - Also known as: - Disclaimer: Refers to the presence of the allergen in the product, as listed in the regulations specified by an agency and specification or any local market regulations.	https://ref.gs1.org/voc/AllergenTypeCode	urn:gs1:std:gdsn:c-1513720680	Hydroxyethyl-2-nitro-p-toluidine 	Refers to the presence of Hydroxyethyl-2-nitro-p-toluidine in the product. - CAS Registry Number: 100418-33-5 - Also known as: - Disclaimer: Refers to the presence of the allergen in the product, as listed in the regulations specified by an agency and specification or any local market regulations.	HN	True	False		rdf:type + originalCodeValue + JSON sourceId/classId + GDSN codeListName/label
https://ref.gs1.org/voc/AllergenTypeCode-HP	urn:gs1:std:gdsn:cv169060	type-and-original-code	AllergenTypeCode	HP	169060	2-Hydroxyethyl-picramic Acid 	Definition (includes Common Name): Refers to the presence of 2-Hydroxyethyl-picramic acid in the product. - CAS Registry Number: 99610-72-7 - Also known as: - Disclaimer: Refers to the presence of the allergen in the product, as listed in the regulations specified by an agency and specification or any local market regulations.	https://ref.gs1.org/voc/AllergenTypeCode	urn:gs1:std:gdsn:c-1513720680	2-Hydroxyethyl-picramic Acid 	Refers to the presence of 2-Hydroxyethyl-picramic acid in the product. - CAS Registry Number: 99610-72-7 - Also known as: - Disclaimer: Refers to the presence of the allergen in the product, as listed in the regulations specified by an agency and specification or any local market regulations.	HP	True	False		rdf:type + originalCodeValue + JSON sourceId/classId + GDSN codeListName/label
https://ref.gs1.org/voc/AllergenTypeCode-HX	urn:gs1:std:gdsn:cv169061	type-and-original-code	AllergenTypeCode	HX	169061	Hexyl Cinnamaldehyde 	Definition (includes Common Name): Refers to the presence of Hexyl Cinnamaldehyde in the product. - CAS Registry Number: 101-86-0 - Also known as: hexyl cinnamal - Disclaimer: Refers to the presence of the allergen in the product, as listed in the regulations specified by an agency and specification or any local market regulations.	https://ref.gs1.org/voc/AllergenTypeCode	urn:gs1:std:gdsn:c-1513720680	Hexyl Cinnamaldehyde 	Refers to the presence of Hexyl Cinnamaldehyde in the product. - CAS Registry Number: 101-86-0 - Also known as: hexyl cinnamal - Disclaimer: Refers to the presence of the allergen in the product, as listed in the regulations specified by an agency and specification or any local market regulations.	HX	True	False		rdf:type + originalCodeValue + JSON sourceId/classId + GDSN codeListName/label
https://ref.gs1.org/voc/AllergenTypeCode-HY	urn:gs1:std:gdsn:cv169062	type-and-original-code	AllergenTypeCode	HY	169062	Hydroxycitronellal 	Definition (includes Common Name): Refers to the presence of Hydroxycitronellal in the product. - CAS Registry Number: 107-75-5 - Also known as: - Disclaimer: Refers to the presence of the allergen in the product, as listed in the regulations specified by an agency and specification or any local market regulations.	https://ref.gs1.org/voc/AllergenTypeCode	urn:gs1:std:gdsn:c-1513720680	Hydroxycitronellal 	Refers to the presence of Hydroxycitronellal in the product. - CAS Registry Number: 107-75-5 - Also known as: - Disclaimer: Refers to the presence of the allergen in the product, as listed in the regulations specified by an agency and specification or any local market regulations.	HY	True	False		rdf:type + originalCodeValue + JSON sourceId/classId + GDSN codeListName/label
https://ref.gs1.org/voc/AllergenTypeCode-HYDROXYBENZOMORPHOLINE	urn:gs1:std:gdsn:cv169057	type-and-original-code	AllergenTypeCode	HE	169057	Hydroxybenzomorpholine 	Definition (includes Common Name): Refers to the presence of Hydroxybenzomorpholine in the product. - CAS Registry Number: 26021-57-8 - Also known as: 6-Hydroxybenzomorpholine - Disclaimer: Refers to the presence of the allergen in the product, as listed in the regulations specified by an agency and specification or any local market regulations.	https://ref.gs1.org/voc/AllergenTypeCode	urn:gs1:std:gdsn:c-1513720680	Hydroxybenzomorpholine	Refers to the presence of Hydroxybenzomorpholine as listed in the regulations specified in AllergenSpecificationAgency and AllergenSpecificationName.	HYDROXYBENZOMORPHOLINE	False	True	https://ref.gs1.org/voc/AllergenTypeCode-HE	rdf:type + originalCodeValue + JSON sourceId/classId + GDSN codeListName/label
https://ref.gs1.org/voc/AllergenTypeCode-HYDROXYCITRONELLAL	urn:gs1:std:gdsn:cv169062	type-and-original-code	AllergenTypeCode	HY	169062	Hydroxycitronellal 	Definition (includes Common Name): Refers to the presence of Hydroxycitronellal in the product. - CAS Registry Number: 107-75-5 - Also known as: - Disclaimer: Refers to the presence of the allergen in the product, as listed in the regulations specified by an agency and specification or any local market regulations.	https://ref.gs1.org/voc/AllergenTypeCode	urn:gs1:std:gdsn:c-1513720680	Hydroxycitronellal	Refers to the presence of Hydroxycitronellal as listed in the regulations specified in AllergenSpecificationAgency and AllergenSpecificationName.	HYDROXYCITRONELLAL	False	True	https://ref.gs1.org/voc/AllergenTypeCode-HY	rdf:type + originalCodeValue + JSON sourceId/classId + GDSN codeListName/label
https://ref.gs1.org/voc/AllergenTypeCode-HYDROXYETHYL-2-NITRO-P-TOLUIDINE	urn:gs1:std:gdsn:cv169059	type-and-original-code	AllergenTypeCode	HN	169059	Hydroxyethyl-2-nitro-p-toluidine 	Definition (includes Common Name): Refers to the presence of Hydroxyethyl-2-nitro-p-toluidine in the product. - CAS Registry Number: 100418-33-5 - Also known as: - Disclaimer: Refers to the presence of the allergen in the product, as listed in the regulations specified by an agency and specification or any local market regulations.	https://ref.gs1.org/voc/AllergenTypeCode	urn:gs1:std:gdsn:c-1513720680	Hydroxyethyl-2-nitro-p-toluidine	Refers to the presence of Hydroxyethyl-2-nitro-p-toluidine as listed in the regulations specified in AllergenSpecificationAgency and AllergenSpecificationName.	HYDROXYETHYL-2-NITRO-P-TOLUIDINE	False	True	https://ref.gs1.org/voc/AllergenTypeCode-HN	rdf:type + originalCodeValue + JSON sourceId/classId + GDSN codeListName/label
https://ref.gs1.org/voc/AllergenTypeCode-HYDROXYISOHEXYL_3-CYCLOHEXENE_CARBOXALDEHYDE_ISOEUGENOL_LIMONENE_LINAL	urn:gs1:std:gdsn:cv169055	type-and-original-code	AllergenTypeCode	HC	169055	Hydroxyisohexyl 3-Cyclohexene Carboxaldehyde	Definition (includes Common Name): Refers to the presence of Hydroxyisohexyl 3-Cyclohexene Carboxaldehyde in the product. - CAS Registry Number: 31906-04-4 - Also known as: Hydroxy-methylpentylcyclohexenecarboxaldehyde - Disclaimer: Refers to the presence of the allergen in the product, as listed in the regulations specified by an agency and specification or any local market regulations.	https://ref.gs1.org/voc/AllergenTypeCode	urn:gs1:std:gdsn:c-1513720680	Hydroxyisohexyl 3-Cyclohexene Carboxaldehyde Isoeugenol Limonene Linal	Refers to the presence of Hydroxyisohexyl 3-Cyclohexene Carboxaldehyde Isoeugenol Limonene Linal as listed in the regulations specified in AllergenSpecificationAgency and llergenSpecificationName.	HYDROXYISOHEXYL_3-CYCLOHEXENE_CARBOXALDEHYDE_ISOEUGENOL_LIMONENE_LINAL	False	True	https://ref.gs1.org/voc/AllergenTypeCode-HC	rdf:type + originalCodeValue + JSON sourceId/classId + GDSN codeListName/label
https://ref.gs1.org/voc/AllergenTypeCode-HYDROXYPROPYL_BIS%28N-HYDROXYETHYL-P-PHENYLDIAMINE%29_HCL	urn:gs1:std:gdsn:cv169058	type-and-original-code	AllergenTypeCode	HH	169058	Hydroxypropyl bis(N-hydroxyethyl-p-phenyldiamine) HCl 	Definition (includes Common Name): Refers to the presence of Hydroxypropyl bis(N-hydroxyethyl-p-phenylenediamine) HCl in the product. - CAS Registry Number: 128729-28-2 - Also known as: - Disclaimer: Refers to the presence of the allergen in the product, as listed in the regulations specified by an agency and specification or any local market regulations.	https://ref.gs1.org/voc/AllergenTypeCode	urn:gs1:std:gdsn:c-1513720680	Hydroxypropyl bis(N-hydroxyethyl-p-phenyldiamine) HCl	Refers to the presence of Hydroxypropyl bis(N-hydroxyethyl-p-phenyldiamine) HCl as listed in the regulations specified in AllergenSpecificationAgency and AllergenSpecificationName.	HYDROXYPROPYL_BIS(N-HYDROXYETHYL-P-PHENYLDIAMINE)_HCL	False	True	https://ref.gs1.org/voc/AllergenTypeCode-HH	rdf:type + originalCodeValue + JSON sourceId/classId + GDSN codeListName/label
https://ref.gs1.org/voc/AllergenTypeCode-ISOEUGENOL	urn:gs1:std:gdsn:cv169008	type-and-original-code	AllergenTypeCode	BN	169008	Isoeugenol	Definition (includes Common Name): Refers to the presence of Isoeugenol in the product - CAS Registry Number: 97-54-1 - Also known as: - Disclaimer: Refers to the presence of the allergen in the product, as listed in the regulations specified by an agency and specification or any local market regulations.	https://ref.gs1.org/voc/AllergenTypeCode	urn:gs1:std:gdsn:c-1513720680	Isoeugenol	Refers to the presence of Isoeugenol as listed in the regulations specified in AllergenSpecificationAgency and AllergenSpecificationName	ISOEUGENOL	False	True	https://ref.gs1.org/voc/AllergenTypeCode-BN	rdf:type + originalCodeValue + JSON sourceId/classId + GDSN codeListName/label
https://ref.gs1.org/voc/AllergenTypeCode-JCH	urn:gs1:std:gdsn:cv169063	type-and-original-code	AllergenTypeCode	JCH	169063	Japanese horse chestnut and its derivatives	Definition (includes Common Name): Refers to the presence of Japanese horse chestnuts and its derivatives in the product. - Family/Genus/Species: Aesculus turbinata. - Also known as: - Disclaimer: Refers to the presence of the allergen in the product, as listed in the regulations specified by an agency and specification or any local market regulations.	https://ref.gs1.org/voc/AllergenTypeCode	urn:gs1:std:gdsn:c-1513720680	Japanese horse chestnut and its derivatives	Refers to the presence of Japanese horse chestnuts and its derivatives in the product. - Family/Genus/Species: Aesculus turbinata. - Also known as: - Disclaimer: Refers to the presence of the allergen in the product, as listed in the regulations specified by an agency and specification or any local market regulations.	JCH	True	False		rdf:type + originalCodeValue + JSON sourceId/classId + GDSN codeListName/label
https://ref.gs1.org/voc/AllergenTypeCode-JFD	urn:gs1:std:gdsn:cv169064	type-and-original-code	AllergenTypeCode	JFD	169064	Jack fish and its derivatives	"Definition (includes Common Name): Refers to the presence of Jack and its Derivatives in the product. - Family/Genus/Species: (various) - Also known as: (Mix of fish in the ""jack"" families) - Disclaimer: Refers to the presence of the allergen in the product, as listed in the regulations specified by an agency and specification or any local market regulations."	https://ref.gs1.org/voc/AllergenTypeCode	urn:gs1:std:gdsn:c-1513720680	Jack fish and its derivatives	Refers to the presence of Jack and its Derivatives in the product. - Family/Genus/Species: (various) - Also known as: (Mix of fish in the 'jack' families) - Disclaimer: Refers to the presence of the allergen in the product, as listed in the regulations specified by an agency and specification or any local market regulations.	JFD	True	False		rdf:type + originalCodeValue + JSON sourceId/classId + GDSN codeListName/label
https://ref.gs1.org/voc/AllergenTypeCode-KAMUT	urn:gs1:std:gdsn:cv169048	type-and-original-code	AllergenTypeCode	GK	169048	Khorasan wheat and its derivatives	Definition (includes Common Name): Refers to the presence of khorasan wheat and its derivatives in the product. - Family/Genus/Species: Triticum turanicum. - Also known as: Kamut, Oriental wheat. - Disclaimer: Refers to the presence of the allergen in the product, as listed in the regulations specified by an agency and specification or any local market regulations.	https://ref.gs1.org/voc/AllergenTypeCode	urn:gs1:std:gdsn:c-1513720680	Kamut and Kamut Products	Refers to the presence of kamut and kamut products (glutencontaining grain) as listed in the regulations specified in AllergenSpecificationAgency and AllergenSpecificationName.	KAMUT	False	True	https://ref.gs1.org/voc/AllergenTypeCode-GK	rdf:type + originalCodeValue + JSON sourceId/classId + GDSN codeListName/label
https://ref.gs1.org/voc/AllergenTypeCode-KRILL	urn:gs1:std:gdsn:cv168953	type-and-original-code	AllergenTypeCode	ABI	168953	Krill and its derivatives	"Definition (includes Common Name): Refers to the presence of Krill and its derivatives in the product. - Family/Genus/Species: 	Euphausiacea (various) - Also known as: - Disclaimer: Refers to the presence of the allergen in the product, as listed in the regulations specified by an agency and specification or any local market regulations."	https://ref.gs1.org/voc/AllergenTypeCode	urn:gs1:std:gdsn:c-1513720680	Krill and its Derivatives	Refers to the presence of Krill and their derivatives in the product, as listed as listed in the regulations specified in AllergenSpecificationAgency and AllergenSpecificationName.	KRILL	False	True	https://ref.gs1.org/voc/AllergenTypeCode-ABI	rdf:type + originalCodeValue + JSON sourceId/classId + GDSN codeListName/label
https://ref.gs1.org/voc/AllergenTypeCode-KWD	urn:gs1:std:gdsn:cv169065	type-and-original-code	AllergenTypeCode	KWD	169065	Kiwi and its derivatives	Definition (includes Common Name): Refers to the presence of Kiwi and its derivatives in the product. - Family/Genus/Species: Actinidia. - Also known as: Chinese Gooseberry. - Disclaimer: Refers to the presence of the allergen in the product, as listed in the regulations specified by an agency and specification or any local market regulations.	https://ref.gs1.org/voc/AllergenTypeCode	urn:gs1:std:gdsn:c-1513720680	Kiwi and its derivatives	Refers to the presence of Kiwi and its derivatives in the product. - Family/Genus/Species: Actinidia. - Also known as: Chinese Gooseberry. - Disclaimer: Refers to the presence of the allergen in the product, as listed in the regulations specified by an agency and specification or any local market regulations.	KWD	True	False		rdf:type + originalCodeValue + JSON sourceId/classId + GDSN codeListName/label
https://ref.gs1.org/voc/AllergenTypeCode-LACTOSE	urn:gs1:std:gdsn:cv169075	type-and-original-code	AllergenTypeCode	ML	169075	Lactose 	Definition (includes Common Name): Refers to the presence of lactose in the product. - Family/Genus/Species: - Also known as: Milk sugar, Lactobiose, 4-O-β-D-Galactopyranosyl-D-glucose - Disclaimer: Refers to the presence of the allergen in the product, as listed in the regulations specified by an agency and specification or any local market regulations.	https://ref.gs1.org/voc/AllergenTypeCode	urn:gs1:std:gdsn:c-1513720680	Lactose	Refers to the presence of lactose as listed in the regulations specified in AllergenSpecificationAgency and AllergenSpecificationName.	LACTOSE	False	True	https://ref.gs1.org/voc/AllergenTypeCode-ML	rdf:type + originalCodeValue + JSON sourceId/classId + GDSN codeListName/label
https://ref.gs1.org/voc/AllergenTypeCode-LAND	urn:gs1:std:gdsn:cv169068	type-and-original-code	AllergenTypeCode	LSN	169068	Land and sea snails (Escargot) and its derivatives	Definition (includes Common Name): Refers to the presence of Land and sea snails (Escargot) and its derivates in the product. - Family/Genus/Species: Gastropoda (various) - Also known as: (various) - Disclaimer: Refers to the presence of the allergen in the product, as listed in the regulations specified by an agency and specification or any local market regulations.	https://ref.gs1.org/voc/AllergenTypeCode	urn:gs1:std:gdsn:c-1513720680	Land and sea snails (Escargot) and its Derivatives	Refers to the presence of Land and sea snails (Escargot) and its derivatives in the product, as listed in the regulations specified in AllergenSpecificationAgency and AllergenSpecificationName.	LAND	False	True	https://ref.gs1.org/voc/AllergenTypeCode-LSN	rdf:type + originalCodeValue + JSON sourceId/classId + GDSN codeListName/label
https://ref.gs1.org/voc/AllergenTypeCode-LGD	urn:gs1:std:gdsn:cv169066	type-and-original-code	AllergenTypeCode	LGD	169066	Lingcod and its derivatives	Definition (includes Common Name): Refers to the presence of Lingcod and its Derivatives in the product. - Family/Genus/Species: Hexagrammidae/Ophiodon/elongatus - Also known as: Lingcod, Ling Cod, Buffalo cod, Cultus cod - Disclaimer: Refers to the presence of the allergen in the product, as listed in the regulations specified by an agency and specification or any local market regulations.	https://ref.gs1.org/voc/AllergenTypeCode	urn:gs1:std:gdsn:c-1513720680	Lingcod and its derivatives	Refers to the presence of Lingcod and its Derivatives in the product. - Family/Genus/Species: Hexagrammidae/Ophiodon/elongatus - Also known as: Lingcod, Ling Cod, Buffalo cod, Cultus cod - Disclaimer: Refers to the presence of the allergen in the product, as listed in the regulations specified by an agency and specification or any local market regulations.	LGD	True	False		rdf:type + originalCodeValue + JSON sourceId/classId + GDSN codeListName/label
https://ref.gs1.org/voc/AllergenTypeCode-LICHEE_NUTS	urn:gs1:std:gdsn:cv169127	type-and-original-code	AllergenTypeCode	SL	169127	Lichee Nuts and its derivatives	Definition (includes Common Name): Refers to the presence of Lichee nuts and its derivatives in the product. - Family/Genus/Species: Litchi chinensis. - Also known as: Lichee seeds. - Disclaimer: Refers to the presence of the allergen in the product, as listed in the regulations specified by an agency and specification or any local market regulations.	https://ref.gs1.org/voc/AllergenTypeCode	urn:gs1:std:gdsn:c-1513720680	Lichee Nuts and Their Derivatives	Refers to the presence of Lichee nuts [Litchi chinensis Sonn. (Sapindaceae)] and their derivatives in the product, as listed as listed in the regulations specified in AllergenSpecificationAgency and AllergenSpecificationName.	LICHEE_NUTS	False	True	https://ref.gs1.org/voc/AllergenTypeCode-SL	rdf:type + originalCodeValue + JSON sourceId/classId + GDSN codeListName/label
https://ref.gs1.org/voc/AllergenTypeCode-LIMPETS	urn:gs1:std:gdsn:cv169067	type-and-original-code	AllergenTypeCode	LMT	169067	Limpets and its derivatives	Definition (includes Common Name): Refers to the presence of Limpets and its derivates in the product. - Family/Genus/Species: Patellogastropoda (various) - Also known as: Hoof Snail, Keyhole Limpet, Keyhole Limpte, Lake Limpet, Limpet, Limpets, Owl Limpet, Plant Limpet, Purple Keyhole Limpet, Rayed Mediterranean Limpet, Rough Keyhole Limpet, Rver Limpet, Slipper Snail, Slit Limpet, Umbrella Slugs - Disclaimer: Refers to the presence of the allergen in the product, as listed in the regulations specified by an agency and specification or any local market regulations.	https://ref.gs1.org/voc/AllergenTypeCode	urn:gs1:std:gdsn:c-1513720680	Limpets and its Derivatives	Refers to the presence of Limpets and its derivatives in the product, as listed in the regulations specified in AllergenSpecificationAgency and AllergenSpecificationName.	LIMPETS	False	True	https://ref.gs1.org/voc/AllergenTypeCode-LMT	rdf:type + originalCodeValue + JSON sourceId/classId + GDSN codeListName/label
https://ref.gs1.org/voc/AllergenTypeCode-LINALOOL	urn:gs1:std:gdsn:cv169011	type-and-original-code	AllergenTypeCode	BP	169011	Linalool	Definition (includes Common Name): Refers to the presence of Linalool in the product - CAS Registry Number: 78-70-6 - Also known as: - Disclaimer: Refers to the presence of the allergen in the product, as listed in the regulations specified by an agency and specification or any local market regulations.	https://ref.gs1.org/voc/AllergenTypeCode	urn:gs1:std:gdsn:c-1513720680	Linalool	Refers to the presence of Linalool as listed in the regulations specified in AllergenSpecificationAgency and AllergenSpecificationName	LINALOOL	False	True	https://ref.gs1.org/voc/AllergenTypeCode-BP	rdf:type + originalCodeValue + JSON sourceId/classId + GDSN codeListName/label
https://ref.gs1.org/voc/AllergenTypeCode-LMT	urn:gs1:std:gdsn:cv169067	type-and-original-code	AllergenTypeCode	LMT	169067	Limpets and its derivatives	Definition (includes Common Name): Refers to the presence of Limpets and its derivates in the product. - Family/Genus/Species: Patellogastropoda (various) - Also known as: Hoof Snail, Keyhole Limpet, Keyhole Limpte, Lake Limpet, Limpet, Limpets, Owl Limpet, Plant Limpet, Purple Keyhole Limpet, Rayed Mediterranean Limpet, Rough Keyhole Limpet, Rver Limpet, Slipper Snail, Slit Limpet, Umbrella Slugs - Disclaimer: Refers to the presence of the allergen in the product, as listed in the regulations specified by an agency and specification or any local market regulations.	https://ref.gs1.org/voc/AllergenTypeCode	urn:gs1:std:gdsn:c-1513720680	Limpets and its derivatives	Refers to the presence of Limpets and its derivates in the product. - Family/Genus/Species: Patellogastropoda (various) - Also known as: Hoof Snail, Keyhole Limpet, Keyhole Limpte, Lake Limpet, Limpet, Limpets, Owl Limpet, Plant Limpet, Purple Keyhole Limpet, Rayed Mediterranean Limpet, Rough Keyhole Limpet, Rver Limpet, Slipper Snail, Slit Limpet, Umbrella Slugs - Disclaimer: Refers to the presence of the allergen in the product, as listed in the regulations specified by an agency and specification or any local market regulations.	LMT	True	False		rdf:type + originalCodeValue + JSON sourceId/classId + GDSN codeListName/label
https://ref.gs1.org/voc/AllergenTypeCode-LOBSTER	urn:gs1:std:gdsn:cv168954	type-and-original-code	AllergenTypeCode	ABJ	168954	Lobster and its derivatives	Definition (includes Common Name): Refers to the presence of Lobster and its derivatives in the product. - Family/Genus/Species: Nephropidae/(various) - Also known as: American Lobster, Blue Spiny Lobster, Blunt Slipper Lobster, Brazilian Slipper Lobster, California Spiny Lobster, Cape Spiny Lobster, Caribbean Lobsterette, Caribbean Spiny Lobster, Colorado Langostino, Common Spiny Lobster, Eastern Spiny Lobster, European Lobster, Flathead Locust Lobster, Florida Lobsterette, Gilchrist Spiny Lobster, Green Spiny Lobster, Hawaiian Spiny Lobster, Japanese Fan Lobster, Japanese Spiny Lobster, Lobsterette, Mud Spiny Lobster, Natal Spiny Lobster, Norway Lobster, Ornate Spiny Lobster, Painted Spiny Lobster, Pelagic Crab, Pink Spiny Lobster, Pronghorn Spiny Lobster, Red-banded Lobster, Ridged Slipper Lobster, Royal Spiny Lobster, Scalloped Spiny Lobster, Smoothtail Spiny Lobster, Southern Rock Lobster, Spanish Slipper Lobster, St. Paul Spiny Lobster, Swarming Squat Lobster, Urugavian Lobster, Western Red Lobster - Disclaimer: Refers to the presence of the allergen in the product, as listed in the regulations specified by an agency and specification or any local market regulations.	https://ref.gs1.org/voc/AllergenTypeCode	urn:gs1:std:gdsn:c-1513720680	Lobster and its Derivatives	Refers to the presence of Lobster and their derivatives in the product, as listed as listed in the regulations specified in AllergenSpecificationAgency and AllergenSpecificationName.	LOBSTER	False	True	https://ref.gs1.org/voc/AllergenTypeCode-ABJ	rdf:type + originalCodeValue + JSON sourceId/classId + GDSN codeListName/label
https://ref.gs1.org/voc/AllergenTypeCode-LSN	urn:gs1:std:gdsn:cv169068	type-and-original-code	AllergenTypeCode	LSN	169068	Land and sea snails (Escargot) and its derivatives	Definition (includes Common Name): Refers to the presence of Land and sea snails (Escargot) and its derivates in the product. - Family/Genus/Species: Gastropoda (various) - Also known as: (various) - Disclaimer: Refers to the presence of the allergen in the product, as listed in the regulations specified by an agency and specification or any local market regulations.	https://ref.gs1.org/voc/AllergenTypeCode	urn:gs1:std:gdsn:c-1513720680	Land and sea snails (Escargot) and its derivatives	Refers to the presence of Land and sea snails (Escargot) and its derivates in the product. - Family/Genus/Species: Gastropoda (various) - Also known as: (various) - Disclaimer: Refers to the presence of the allergen in the product, as listed in the regulations specified by an agency and specification or any local market regulations.	LSN	True	False		rdf:type + originalCodeValue + JSON sourceId/classId + GDSN codeListName/label
https://ref.gs1.org/voc/AllergenTypeCode-LUPINE	urn:gs1:std:gdsn:cv169083	type-and-original-code	AllergenTypeCode	NL	169083	Lupine and its derivatives	Definition (includes Common Name): Refers to the presence of Lupine and its derivatives in the product, as listed in in the product. - Family/Genus/Species: Lupinus. - Also known as: Lupin and Bluebonnet. - Disclaimer: Refers to the presence of the allergen in the product, as listed in the regulations specified by an agency and specification or any local market regulations.	https://ref.gs1.org/voc/AllergenTypeCode	urn:gs1:std:gdsn:c-1513720680	Lupine and Derivatives	Refers to the presence of Lupine and their derivatives in the product, as listed in as listed in the regulations specified in AllergenSpecificationAgency and AllergenSpecificationName	LUPINE	False	True	https://ref.gs1.org/voc/AllergenTypeCode-NL	rdf:type + originalCodeValue + JSON sourceId/classId + GDSN codeListName/label
https://ref.gs1.org/voc/AllergenTypeCode-LX	urn:gs1:std:gdsn:cv169069	type-and-original-code	AllergenTypeCode	LX	169069	Latex	Definition (includes Common Name): Refers to the presence of latex in the product. - CAS Registry Number: 9006-04-6 - Also known as: - Disclaimer: Refers to the presence of the allergen in the product, as listed in the regulations specified by an agency and specification or any local market regulations.	https://ref.gs1.org/voc/AllergenTypeCode	urn:gs1:std:gdsn:c-1513720680	Latex	Refers to the presence of latex in the product. - CAS Registry Number: 9006-04-6 - Also known as: - Disclaimer: Refers to the presence of the allergen in the product, as listed in the regulations specified by an agency and specification or any local market regulations.	LX	True	False		rdf:type + originalCodeValue + JSON sourceId/classId + GDSN codeListName/label
https://ref.gs1.org/voc/AllergenTypeCode-MAC	urn:gs1:std:gdsn:cv169070	type-and-original-code	AllergenTypeCode	MAC	169070	Mackerel and its derivatives	Definition (includes Common Name): Refers to the presence of Mackerel and its derivates in the product. - Family/Genus/Species: Acanthocybium or Grammatorcynus or Rastrelliger or Scombridae or Scomberomorus/(various) - Also known as: Atka Mackerel, Atlantic Mackerel, Atlantic Sierra, Atlantic Spanish Mackerel, Australian Spotted Mackerel, Blue Mackerel, Broadbarred King Mackerel, Butterfly Mackerel, Cero, Cero Mackerel, Chinese Mackerel, Double-lined Mackerel, Gulf Sierra, Indian Mackerel, Indo-Pacific king Mackerel, Island Mackerel, Japanese Seer, Japanese Spanish Mackerel, King Mackerel, Korean Mackerel, Monterey Spanish Mackerel, Narrow-barred Mackerel, Narrow-barred Spanish Mackerel, Pacific Sierra, Papuan Spanish Mackerel, Queen Mackerel, Queensland School Mackerel, Serra Spanish Mackerel, Shark Mackerel, Short Mackerel, Spanish Mackerel, Spotted Seerfish - Disclaimer: Refers to the presence of the allergen in the product, as listed in the regulations specified by an agency and specification or any local market regulations.	https://ref.gs1.org/voc/AllergenTypeCode	urn:gs1:std:gdsn:c-1513720680	Mackerel and its derivatives	Refers to the presence of Mackerel and its derivates in the product. - Family/Genus/Species: Acanthocybium or Grammatorcynus or Rastrelliger or Scombridae or Scomberomorus/(various) - Also known as: Atka Mackerel, Atlantic Mackerel, Atlantic Sierra, Atlantic Spanish Mackerel, Australian Spotted Mackerel, Blue Mackerel, Broadbarred King Mackerel, Butterfly Mackerel, Cero, Cero Mackerel, Chinese Mackerel, Double-lined Mackerel, Gulf Sierra, Indian Mackerel, Indo-Pacific king Mackerel, Island Mackerel, Japanese Seer, Japanese Spanish Mackerel, King Mackerel, Korean Mackerel, Monterey Spanish Mackerel, Narrow-barred Mackerel, Narrow-barred Spanish Mackerel, Pacific Sierra, Papuan Spanish Mackerel, Queen Mackerel, Queensland School Mackerel, Serra Spanish Mackerel, Shark Mackerel, Short Mackerel, Spanish Mackerel, Spotted Seerfish - Disclaimer: Refers to the presence of the allergen in the product, as listed in the regulations specified by an agency and specification or any local market regulations.	MAC	True	False		rdf:type + originalCodeValue + JSON sourceId/classId + GDSN codeListName/label
https://ref.gs1.org/voc/AllergenTypeCode-MACADAMIA_NUTS	urn:gs1:std:gdsn:cv169128	type-and-original-code	AllergenTypeCode	SM	169128	Macadamia Nuts and its derivatives	Definition (includes Common Name): Refers to the presence of Macadamia nuts and its derivatives in the product. - Family/Genus/Species: Macadamia. - Also known as: Queensland nut, Bush nut, Maroochi nut, Bauple nut and Hawaii nut. - Disclaimer: Refers to the presence of the allergen in the product, as listed in the regulations specified by an agency and specification or any local market regulations.	https://ref.gs1.org/voc/AllergenTypeCode	urn:gs1:std:gdsn:c-1513720680	Macadamia Nut and Macadamia Nut Products	Refers to the presence of macadamia nut and macadamia nut products as listed in the regulations specified in AllergenSpecificationAgency and AllergenSpecificationName	MACADAMIA_NUTS	False	True	https://ref.gs1.org/voc/AllergenTypeCode-SM	rdf:type + originalCodeValue + JSON sourceId/classId + GDSN codeListName/label
https://ref.gs1.org/voc/AllergenTypeCode-MACKEREL	urn:gs1:std:gdsn:cv169070	type-and-original-code	AllergenTypeCode	MAC	169070	Mackerel and its derivatives	Definition (includes Common Name): Refers to the presence of Mackerel and its derivates in the product. - Family/Genus/Species: Acanthocybium or Grammatorcynus or Rastrelliger or Scombridae or Scomberomorus/(various) - Also known as: Atka Mackerel, Atlantic Mackerel, Atlantic Sierra, Atlantic Spanish Mackerel, Australian Spotted Mackerel, Blue Mackerel, Broadbarred King Mackerel, Butterfly Mackerel, Cero, Cero Mackerel, Chinese Mackerel, Double-lined Mackerel, Gulf Sierra, Indian Mackerel, Indo-Pacific king Mackerel, Island Mackerel, Japanese Seer, Japanese Spanish Mackerel, King Mackerel, Korean Mackerel, Monterey Spanish Mackerel, Narrow-barred Mackerel, Narrow-barred Spanish Mackerel, Pacific Sierra, Papuan Spanish Mackerel, Queen Mackerel, Queensland School Mackerel, Serra Spanish Mackerel, Shark Mackerel, Short Mackerel, Spanish Mackerel, Spotted Seerfish - Disclaimer: Refers to the presence of the allergen in the product, as listed in the regulations specified by an agency and specification or any local market regulations.	https://ref.gs1.org/voc/AllergenTypeCode	urn:gs1:std:gdsn:c-1513720680	Mackerel and its Derivatives	Refers to the presence of Mackerel and its derivatives in the product, as listed in the regulations specified in AllergenSpecificationAgency and AllergenSpecificationName.	MACKEREL	False	True	https://ref.gs1.org/voc/AllergenTypeCode-MAC	rdf:type + originalCodeValue + JSON sourceId/classId + GDSN codeListName/label
https://ref.gs1.org/voc/AllergenTypeCode-MAHI_MAHI	urn:gs1:std:gdsn:cv168971	type-and-original-code	AllergenTypeCode	ADM	168971	Mahi mahi and its derivatives	Definition (includes Common Name): Refers to the presence of Mahi Mahi and its derivatives in the product. - Family/Genus/Species: Coryphaenidae/Coryphaena/C. hippurus - Also known as: Mahi, Mahi-Mahi, Common Dolphinfish, Dorado, Pompano Dolphin - Disclaimer: Refers to the presence of the allergen in the product, as listed in the regulations specified by an agency and specification or any local market regulations.	https://ref.gs1.org/voc/AllergenTypeCode	urn:gs1:std:gdsn:c-1513720680	Mahi mahi and its Derivatives	Refers to the presence of Mahi Mahi and their derivatives in the product, as listed as listed in the regulations specified in AllergenSpecificationAgency and AllergenSpecificationName.	MAHI_MAHI	False	True	https://ref.gs1.org/voc/AllergenTypeCode-ADM	rdf:type + originalCodeValue + JSON sourceId/classId + GDSN codeListName/label
https://ref.gs1.org/voc/AllergenTypeCode-MAL	urn:gs1:std:gdsn:cv169071	type-and-original-code	AllergenTypeCode	MAL	169071	Marlin and its derivatives	Definition (includes Common Name): Refers to the presence of Marlin and its derivates in the product. - Family/Genus/Species: Istiophoridae/(various) - Also known as: Atlantic Blue Marlin, Atlantic Sailfish, Black Marlin, Indo-Pacific Blue Marlin, Indo-Pacific Sailfish, Longbill Spearfish, Mediterranean Spearfish, Roundscale Spearfish, Shortbill Spearfish, Striped Marlin, White Marlin - Disclaimer: Refers to the presence of the allergen in the product, as listed in the regulations specified by an agency and specification or any local market regulations.	https://ref.gs1.org/voc/AllergenTypeCode	urn:gs1:std:gdsn:c-1513720680	Marlin and its derivatives	Refers to the presence of Marlin and its derivates in the product. - Family/Genus/Species: Istiophoridae/(various) - Also known as: Atlantic Blue Marlin, Atlantic Sailfish, Black Marlin, Indo-Pacific Blue Marlin, Indo-Pacific Sailfish, Longbill Spearfish, Mediterranean Spearfish, Roundscale Spearfish, Shortbill Spearfish, Striped Marlin, White Marlin - Disclaimer: Refers to the presence of the allergen in the product, as listed in the regulations specified by an agency and specification or any local market regulations.	MAL	True	False		rdf:type + originalCodeValue + JSON sourceId/classId + GDSN codeListName/label
https://ref.gs1.org/voc/AllergenTypeCode-MARLIN	urn:gs1:std:gdsn:cv169071	type-and-original-code	AllergenTypeCode	MAL	169071	Marlin and its derivatives	Definition (includes Common Name): Refers to the presence of Marlin and its derivates in the product. - Family/Genus/Species: Istiophoridae/(various) - Also known as: Atlantic Blue Marlin, Atlantic Sailfish, Black Marlin, Indo-Pacific Blue Marlin, Indo-Pacific Sailfish, Longbill Spearfish, Mediterranean Spearfish, Roundscale Spearfish, Shortbill Spearfish, Striped Marlin, White Marlin - Disclaimer: Refers to the presence of the allergen in the product, as listed in the regulations specified by an agency and specification or any local market regulations.	https://ref.gs1.org/voc/AllergenTypeCode	urn:gs1:std:gdsn:c-1513720680	Marlin and its Derivatives	Refers to the presence of Marlin and its derivatives in the product, as listed in the regulations specified in AllergenSpecificationAgency and AllergenSpecificationName.	MARLIN	False	True	https://ref.gs1.org/voc/AllergenTypeCode-MAL	rdf:type + originalCodeValue + JSON sourceId/classId + GDSN codeListName/label
https://ref.gs1.org/voc/AllergenTypeCode-MELATONIN	urn:gs1:std:gdsn:cv169076	type-and-original-code	AllergenTypeCode	MM	169076	Melatonin	Definition (includes Common Name): Refers to the presence of Melatonin, a hormone secreted by the pineal gland that inhibits melanin formation and is thought to be concerned with regulating the reproductive cycle. - CAS Registry Number: 73-31-4 - Also known as: N-acetyl-5-methoxy tryptamine - Disclaimer: Refers to the presence of the allergen in the product, as listed in the regulations specified by an agency and specification or any local market regulations.	https://ref.gs1.org/voc/AllergenTypeCode	urn:gs1:std:gdsn:c-1513720680	Melatonin	Refers to the presence of Melatonin, a hormone secreted by the pineal gland that inhibits melanin formation and is thought to be concerned with regulating the reproductive cycle.	MELATONIN	False	True	https://ref.gs1.org/voc/AllergenTypeCode-MM	rdf:type + originalCodeValue + JSON sourceId/classId + GDSN codeListName/label
https://ref.gs1.org/voc/AllergenTypeCode-METHYL_HEPTIN_CARBONATE	urn:gs1:std:gdsn:cv169012	type-and-original-code	AllergenTypeCode	BQ	169012	Methyl Heptine Carbonate	Definition (includes Common Name): Refers to the presence of Methyl 2-octynoate in the product - CAS Registry Number: 111-12-6 - Also known as: 2-Octynoic acid, methyl ester, Folione, Vert de violette, Methyl 2-octynate, Methyl pentylacetylenecarboxylate, NSC 72098, Methyl Heptin Carbonate, Methyl oct-2-ynoate - Disclaimer: Refers to the presence of the allergen in the product, as listed in the regulations specified by an agency and specification or any local market regulations.	https://ref.gs1.org/voc/AllergenTypeCode	urn:gs1:std:gdsn:c-1513720680	Methyl Heptin Carbonate	Refers to the presence of Methyl heptin carbonate as listed in the regulations specified in AllergenSpecificationAgency and AllergenSpecificationName	METHYL_HEPTIN_CARBONATE	False	True	https://ref.gs1.org/voc/AllergenTypeCode-BQ	rdf:type + originalCodeValue + JSON sourceId/classId + GDSN codeListName/label
https://ref.gs1.org/voc/AllergenTypeCode-MFD	urn:gs1:std:gdsn:cv169072	type-and-original-code	AllergenTypeCode	MFD	169072	Milkfish and its derivatives	Definition (includes Common Name): Refers to the presence of Milkfish and its Derivatives in the product. - Family/Genus/Species: Chanidae/Chanos/chanos - Also known as: False Trevalliesm Milkfish - Disclaimer: Refers to the presence of the allergen in the product, as listed in the regulations specified by an agency and specification or any local market regulations.	https://ref.gs1.org/voc/AllergenTypeCode	urn:gs1:std:gdsn:c-1513720680	Milkfish and its derivatives	Refers to the presence of Milkfish and its Derivatives in the product. - Family/Genus/Species: Chanidae/Chanos/chanos - Also known as: False Trevalliesm Milkfish - Disclaimer: Refers to the presence of the allergen in the product, as listed in the regulations specified by an agency and specification or any local market regulations.	MFD	True	False		rdf:type + originalCodeValue + JSON sourceId/classId + GDSN codeListName/label
https://ref.gs1.org/voc/AllergenTypeCode-MH	urn:gs1:std:gdsn:cv169073	type-and-original-code	AllergenTypeCode	MH	169073	2-Methyl-5-hydroxyethylaminophenol 	Definition (includes Common Name): Refers to the presence of 2-Methyl-5-hydroxyethylaminophenol in the product. - CAS Registry Number: 55302-96-0 - Also known as: - Disclaimer: Refers to the presence of the allergen in the product, as listed in the regulations specified by an agency and specification or any local market regulations.	https://ref.gs1.org/voc/AllergenTypeCode	urn:gs1:std:gdsn:c-1513720680	2-Methyl-5-hydroxyethylaminophenol 	Refers to the presence of 2-Methyl-5-hydroxyethylaminophenol in the product. - CAS Registry Number: 55302-96-0 - Also known as: - Disclaimer: Refers to the presence of the allergen in the product, as listed in the regulations specified by an agency and specification or any local market regulations.	MH	True	False		rdf:type + originalCodeValue + JSON sourceId/classId + GDSN codeListName/label
https://ref.gs1.org/voc/AllergenTypeCode-MILK	urn:gs1:std:gdsn:cv168986	type-and-original-code	AllergenTypeCode	AM	168986	Milk and its derivatives	Definition (includes Common Name): Refers to the presence of milk and its derivatives in the product, as listed in in the product. - Family/Genus/Species: - Also known as: - Disclaimer: Refers to the presence of the allergen in the product, as listed in the regulations specified by an agency and specification or any local market regulations.	https://ref.gs1.org/voc/AllergenTypeCode	urn:gs1:std:gdsn:c-1513720680	Milk and Derivatives	Refers to the presence of milk and their derivatives in the product, as listed in as listed in the regulations specified in AllergenSpecificationAgency and AllergenSpecificationName	MILK	False	True	https://ref.gs1.org/voc/AllergenTypeCode-AM	rdf:type + originalCodeValue + JSON sourceId/classId + GDSN codeListName/label
https://ref.gs1.org/voc/AllergenTypeCode-MKF	urn:gs1:std:gdsn:cv169074	type-and-original-code	AllergenTypeCode	MKF	169074	Monkfish (Anglerfish, Lotte) and its derivatives	Definition (includes Common Name): Refers to the presence of Monkfish (Anglerfish, Lotte) and its derivates in the product. - Family/Genus/Species: Lophiidae/Lophius/(various) - Also known as: American Angler, Angler, Anglerfish, Blackbellied Angelr, Blackfin Goosefish, Blackfin Monkfish, Devil Angelfish, Fishing-Frogs, Frog-Fish, Goosefish, Monkfish, Sea-Devils, Shortspine African Angelr, Yellow Goosefish, Yellow Goosfish - Disclaimer: Refers to the presence of the allergen in the product, as listed in the regulations specified by an agency and specification or any local market regulations.	https://ref.gs1.org/voc/AllergenTypeCode	urn:gs1:std:gdsn:c-1513720680	Monkfish (Anglerfish, Lotte) and its derivatives	Refers to the presence of Monkfish (Anglerfish, Lotte) and its derivates in the product. - Family/Genus/Species: Lophiidae/Lophius/(various) - Also known as: American Angler, Angler, Anglerfish, Blackbellied Angelr, Blackfin Goosefish, Blackfin Monkfish, Devil Angelfish, Fishing-Frogs, Frog-Fish, Goosefish, Monkfish, Sea-Devils, Shortspine African Angelr, Yellow Goosefish, Yellow Goosfish - Disclaimer: Refers to the presence of the allergen in the product, as listed in the regulations specified by an agency and specification or any local market regulations.	MKF	True	False		rdf:type + originalCodeValue + JSON sourceId/classId + GDSN codeListName/label
https://ref.gs1.org/voc/AllergenTypeCode-ML	urn:gs1:std:gdsn:cv169075	type-and-original-code	AllergenTypeCode	ML	169075	Lactose 	Definition (includes Common Name): Refers to the presence of lactose in the product. - Family/Genus/Species: - Also known as: Milk sugar, Lactobiose, 4-O-β-D-Galactopyranosyl-D-glucose - Disclaimer: Refers to the presence of the allergen in the product, as listed in the regulations specified by an agency and specification or any local market regulations.	https://ref.gs1.org/voc/AllergenTypeCode	urn:gs1:std:gdsn:c-1513720680	Lactose 	Refers to the presence of lactose in the product. - Family/Genus/Species: - Also known as: Milk sugar, Lactobiose, 4-O-β-D-Galactopyranosyl-D-glucose - Disclaimer: Refers to the presence of the allergen in the product, as listed in the regulations specified by an agency and specification or any local market regulations.	ML	True	False		rdf:type + originalCodeValue + JSON sourceId/classId + GDSN codeListName/label
https://ref.gs1.org/voc/AllergenTypeCode-MM	urn:gs1:std:gdsn:cv169076	type-and-original-code	AllergenTypeCode	MM	169076	Melatonin	Definition (includes Common Name): Refers to the presence of Melatonin, a hormone secreted by the pineal gland that inhibits melanin formation and is thought to be concerned with regulating the reproductive cycle. - CAS Registry Number: 73-31-4 - Also known as: N-acetyl-5-methoxy tryptamine - Disclaimer: Refers to the presence of the allergen in the product, as listed in the regulations specified by an agency and specification or any local market regulations.	https://ref.gs1.org/voc/AllergenTypeCode	urn:gs1:std:gdsn:c-1513720680	Melatonin	Refers to the presence of Melatonin, a hormone secreted by the pineal gland that inhibits melanin formation and is thought to be concerned with regulating the reproductive cycle. - CAS Registry Number: 73-31-4 - Also known as: N-acetyl-5-methoxy tryptamine - Disclaimer: Refers to the presence of the allergen in the product, as listed in the regulations specified by an agency and specification or any local market regulations.	MM	True	False		rdf:type + originalCodeValue + JSON sourceId/classId + GDSN codeListName/label
https://ref.gs1.org/voc/AllergenTypeCode-MMD	urn:gs1:std:gdsn:cv169077	type-and-original-code	AllergenTypeCode	MMD	169077	Matsutake mushroom and its derivatives	Definition (includes Common Name): Refers to the presence of Matsutake mushroom and its derivatives in the product. - Family/Genus/Species: Tricholoma matsutake. - Also known as: - Disclaimer: Refers to the presence of the allergen in the product, as listed in the regulations specified by an agency and specification or any local market regulations.	https://ref.gs1.org/voc/AllergenTypeCode	urn:gs1:std:gdsn:c-1513720680	Matsutake mushroom and its derivatives	Refers to the presence of Matsutake mushroom and its derivatives in the product. - Family/Genus/Species: Tricholoma matsutake. - Also known as: - Disclaimer: Refers to the presence of the allergen in the product, as listed in the regulations specified by an agency and specification or any local market regulations.	MMD	True	False		rdf:type + originalCodeValue + JSON sourceId/classId + GDSN codeListName/label
https://ref.gs1.org/voc/AllergenTypeCode-MOD	urn:gs1:std:gdsn:cv169078	type-and-original-code	AllergenTypeCode	MOD	169078	Mango and its derivatives	Definition (includes Common Name): Refers to the presence of Mango and its derivatives in the product. - Family/Genus/Species: Mangifera. - Also known as: - Disclaimer: Refers to the presence of the allergen in the product, as listed in the regulations specified by an agency and specification or any local market regulations.	https://ref.gs1.org/voc/AllergenTypeCode	urn:gs1:std:gdsn:c-1513720680	Mango and its derivatives	Refers to the presence of Mango and its derivatives in the product. - Family/Genus/Species: Mangifera. - Also known as: - Disclaimer: Refers to the presence of the allergen in the product, as listed in the regulations specified by an agency and specification or any local market regulations.	MOD	True	False		rdf:type + originalCodeValue + JSON sourceId/classId + GDSN codeListName/label
https://ref.gs1.org/voc/AllergenTypeCode-MOLLUSCS	urn:gs1:std:gdsn:cv169150	type-and-original-code	AllergenTypeCode	UM	169150	Molluscs and its derivatives	Definition (includes Common Name): Refers to the presence of molluscs and its derivates in the product. - Family/Genus/Species: Mollusca (various) - Also known as: (various) - Disclaimer: Refers to the presence of the allergen in the product, as listed in the regulations specified by an agency and specification or any local market regulations.	https://ref.gs1.org/voc/AllergenTypeCode	urn:gs1:std:gdsn:c-1513720680	Molluscs and Their Derivatives	Refers to the presence of molluscs and their derivatives in the product, as listed in as listed in the regulations specified in AllergenSpecificationAgency and AllergenSpecificationName	MOLLUSCS	False	True	https://ref.gs1.org/voc/AllergenTypeCode-UM	rdf:type + originalCodeValue + JSON sourceId/classId + GDSN codeListName/label
https://ref.gs1.org/voc/AllergenTypeCode-MONKFISH_%28ANGLERFISH%2C_LOTTE%29	urn:gs1:std:gdsn:cv169074	type-and-original-code	AllergenTypeCode	MKF	169074	Monkfish (Anglerfish, Lotte) and its derivatives	Definition (includes Common Name): Refers to the presence of Monkfish (Anglerfish, Lotte) and its derivates in the product. - Family/Genus/Species: Lophiidae/Lophius/(various) - Also known as: American Angler, Angler, Anglerfish, Blackbellied Angelr, Blackfin Goosefish, Blackfin Monkfish, Devil Angelfish, Fishing-Frogs, Frog-Fish, Goosefish, Monkfish, Sea-Devils, Shortspine African Angelr, Yellow Goosefish, Yellow Goosfish - Disclaimer: Refers to the presence of the allergen in the product, as listed in the regulations specified by an agency and specification or any local market regulations.	https://ref.gs1.org/voc/AllergenTypeCode	urn:gs1:std:gdsn:c-1513720680	Monkfish (Anglerfish, Lotte) and its Derivatives	Refers to the presence of Monkfish (Anglerfish, Lotte) and its derivatives in the product, as listed in the regulations specified in AllergenSpecificationAgency and AllergenSpecificationName.	MONKFISH_(ANGLERFISH,_LOTTE)	False	True	https://ref.gs1.org/voc/AllergenTypeCode-MKF	rdf:type + originalCodeValue + JSON sourceId/classId + GDSN codeListName/label
https://ref.gs1.org/voc/AllergenTypeCode-MSS	urn:gs1:std:gdsn:cv169079	type-and-original-code	AllergenTypeCode	MSS	169079	Mussels and its derivatives	Definition (includes Common Name): Refers to the presence of Mussels and its derivates in the product. - Family/Genus/Species: (various) - Also known as: American Angler, Bearded Horse Mussel, Blue Mussel, California Mussel, Chilean Mussel, Cholga Mussel, Mediterranean Mussel, Mussel, New Zealand Green Mussel, Northern Horse Mussel - Disclaimer: Refers to the presence of the allergen in the product, as listed in the regulations specified by an agency and specification or any local market regulations.	https://ref.gs1.org/voc/AllergenTypeCode	urn:gs1:std:gdsn:c-1513720680	Mussels and its derivatives	Refers to the presence of Mussels and its derivates in the product. - Family/Genus/Species: (various) - Also known as: American Angler, Bearded Horse Mussel, Blue Mussel, California Mussel, Chilean Mussel, Cholga Mussel, Mediterranean Mussel, Mussel, New Zealand Green Mussel, Northern Horse Mussel - Disclaimer: Refers to the presence of the allergen in the product, as listed in the regulations specified by an agency and specification or any local market regulations.	MSS	True	False		rdf:type + originalCodeValue + JSON sourceId/classId + GDSN codeListName/label
https://ref.gs1.org/voc/AllergenTypeCode-MUSSELS	urn:gs1:std:gdsn:cv169079	type-and-original-code	AllergenTypeCode	MSS	169079	Mussels and its derivatives	Definition (includes Common Name): Refers to the presence of Mussels and its derivates in the product. - Family/Genus/Species: (various) - Also known as: American Angler, Bearded Horse Mussel, Blue Mussel, California Mussel, Chilean Mussel, Cholga Mussel, Mediterranean Mussel, Mussel, New Zealand Green Mussel, Northern Horse Mussel - Disclaimer: Refers to the presence of the allergen in the product, as listed in the regulations specified by an agency and specification or any local market regulations.	https://ref.gs1.org/voc/AllergenTypeCode	urn:gs1:std:gdsn:c-1513720680	Mussels and its Derivatives	Refers to the presence of Mussels and its derivatives in the product, as listed in the regulations specified in AllergenSpecificationAgency and AllergenSpecificationName.	MUSSELS	False	True	https://ref.gs1.org/voc/AllergenTypeCode-MSS	rdf:type + originalCodeValue + JSON sourceId/classId + GDSN codeListName/label
https://ref.gs1.org/voc/AllergenTypeCode-MUSTARD	urn:gs1:std:gdsn:cv169007	type-and-original-code	AllergenTypeCode	BM	169007	Mustard and its derivatives	Definition (includes Common Name): Refers to the presence of Mustard or its derivatives in the product, as listed in in the product. - Family/Genus/Species: Brassicaceae. - Also known as: - Disclaimer: Refers to the presence of the allergen in the product, as listed in the regulations specified by an agency and specification or any local market regulations.	https://ref.gs1.org/voc/AllergenTypeCode	urn:gs1:std:gdsn:c-1513720680	Mustard and Derivatives	Refers to the presence of mustard or their derivatives in the product, as listed in as listed in the regulations specified in AllergenSpecificationAgency and AllergenSpecificationName	MUSTARD	False	True	https://ref.gs1.org/voc/AllergenTypeCode-BM	rdf:type + originalCodeValue + JSON sourceId/classId + GDSN codeListName/label
https://ref.gs1.org/voc/AllergenTypeCode-NC	urn:gs1:std:gdsn:cv169080	type-and-original-code	AllergenTypeCode	NC	169080	Cocoa and its derivatives	Definition (includes Common Name): Refers to the presence of cocoa and its derivatives in the product, as listed in in the product. - Family/Genus/Species: Theobroma cacao. - Also known as: Cacao. - Disclaimer: Refers to the presence of the allergen in the product, as listed in the regulations specified by an agency and specification or any local market regulations.	https://ref.gs1.org/voc/AllergenTypeCode	urn:gs1:std:gdsn:c-1513720680	Cocoa and its derivatives	Refers to the presence of cocoa and its derivatives in the product, as listed in in the product. - Family/Genus/Species: Theobroma cacao. - Also known as: Cacao. - Disclaimer: Refers to the presence of the allergen in the product, as listed in the regulations specified by an agency and specification or any local market regulations.	NC	True	False		rdf:type + originalCodeValue + JSON sourceId/classId + GDSN codeListName/label
https://ref.gs1.org/voc/AllergenTypeCode-NE	urn:gs1:std:gdsn:cv169081	type-and-original-code	AllergenTypeCode	NE	169081	Peas and its derivatives	Definition (includes Common Name): Refers to the presence of Peas and its derivatives in the product. - Family/Genus/Species: Pisum sativum. - Also known as: - Disclaimer: Refers to the presence of the allergen in the product, as listed in the regulations specified by an agency and specification or any local market regulations.	https://ref.gs1.org/voc/AllergenTypeCode	urn:gs1:std:gdsn:c-1513720680	Peas and its derivatives	Refers to the presence of Peas and its derivatives in the product. - Family/Genus/Species: Pisum sativum. - Also known as: - Disclaimer: Refers to the presence of the allergen in the product, as listed in the regulations specified by an agency and specification or any local market regulations.	NE	True	False		rdf:type + originalCodeValue + JSON sourceId/classId + GDSN codeListName/label
https://ref.gs1.org/voc/AllergenTypeCode-NK	urn:gs1:std:gdsn:cv169082	type-and-original-code	AllergenTypeCode	NK	169082	Coriander and its derivatives	Definition (includes Common Name): Refers to the presence of coriander and its derivatives in the product, as listed in in the product. - Family/Genus/Species: Coriandrum sativum. - Also known as: Chinese parsley, Dhania and Cilantro. - Disclaimer: Refers to the presence of the allergen in the product, as listed in the regulations specified by an agency and specification or any local market regulations.	https://ref.gs1.org/voc/AllergenTypeCode	urn:gs1:std:gdsn:c-1513720680	Coriander and its derivatives	Refers to the presence of coriander and its derivatives in the product, as listed in in the product. - Family/Genus/Species: Coriandrum sativum. - Also known as: Chinese parsley, Dhania and Cilantro. - Disclaimer: Refers to the presence of the allergen in the product, as listed in the regulations specified by an agency and specification or any local market regulations.	NK	True	False		rdf:type + originalCodeValue + JSON sourceId/classId + GDSN codeListName/label
https://ref.gs1.org/voc/AllergenTypeCode-NL	urn:gs1:std:gdsn:cv169083	type-and-original-code	AllergenTypeCode	NL	169083	Lupine and its derivatives	Definition (includes Common Name): Refers to the presence of Lupine and its derivatives in the product, as listed in in the product. - Family/Genus/Species: Lupinus. - Also known as: Lupin and Bluebonnet. - Disclaimer: Refers to the presence of the allergen in the product, as listed in the regulations specified by an agency and specification or any local market regulations.	https://ref.gs1.org/voc/AllergenTypeCode	urn:gs1:std:gdsn:c-1513720680	Lupine and its derivatives	Refers to the presence of Lupine and its derivatives in the product, as listed in in the product. - Family/Genus/Species: Lupinus. - Also known as: Lupin and Bluebonnet. - Disclaimer: Refers to the presence of the allergen in the product, as listed in the regulations specified by an agency and specification or any local market regulations.	NL	True	False		rdf:type + originalCodeValue + JSON sourceId/classId + GDSN codeListName/label
https://ref.gs1.org/voc/AllergenTypeCode-NM	urn:gs1:std:gdsn:cv169084	type-and-original-code	AllergenTypeCode	NM	169084	Corn and Its derivatives	Definition (includes Common Name): Refers to the presence of corn and its derivatives in the product. - Family/Genus/Species: Zea mays. - Also known as: Maize. - Disclaimer: Refers to the presence of the allergen in the product, as listed in the regulations specified by an agency and specification or any local market regulations.	https://ref.gs1.org/voc/AllergenTypeCode	urn:gs1:std:gdsn:c-1513720680	Corn and Its derivatives	Refers to the presence of corn and its derivatives in the product. - Family/Genus/Species: Zea mays. - Also known as: Maize. - Disclaimer: Refers to the presence of the allergen in the product, as listed in the regulations specified by an agency and specification or any local market regulations.	NM	True	False		rdf:type + originalCodeValue + JSON sourceId/classId + GDSN codeListName/label
https://ref.gs1.org/voc/AllergenTypeCode-NO_DECLARED_ALLERGENS	urn:gs1:std:gdsn:cv169156	type-and-original-code	AllergenTypeCode	X99	169156	Does not contain declaration obligatory allergens	Definition (includes Common Name): Does not contain declaration obligatory allergens in the product. - Also known as: - Disclaimer: Refers to the absence of allergens in the product, as listed in the regulations specified by an agency and specification or any local market regulations.	https://ref.gs1.org/voc/AllergenTypeCode	urn:gs1:std:gdsn:c-1513720680	No Declaration Obligatory Allergens	Does not contain declaration obligatory allergens as listed in the regulations specified in AllergenSpecificationAgency and AllergenSpecificationName.	NO_DECLARED_ALLERGENS	False	True	https://ref.gs1.org/voc/AllergenTypeCode-X99	rdf:type + originalCodeValue + JSON sourceId/classId + GDSN codeListName/label
https://ref.gs1.org/voc/AllergenTypeCode-NP	urn:gs1:std:gdsn:cv169085	type-and-original-code	AllergenTypeCode	NP	169085	Pod Fruits and its derivatives	Definition (includes Common Name): Refers to the presence of Pod fruits and its derivates in the product. - Family/Genus/Species: Fabaceae - Also known as: Legume. - Disclaimer: Refers to the presence of the allergen in the product, as listed in the regulations specified by an agency and specification or any local market regulations.	https://ref.gs1.org/voc/AllergenTypeCode	urn:gs1:std:gdsn:c-1513720680	Pod Fruits and its derivatives	Refers to the presence of Pod fruits and its derivates in the product. - Family/Genus/Species: Fabaceae - Also known as: Legume. - Disclaimer: Refers to the presence of the allergen in the product, as listed in the regulations specified by an agency and specification or any local market regulations.	NP	True	False		rdf:type + originalCodeValue + JSON sourceId/classId + GDSN codeListName/label
https://ref.gs1.org/voc/AllergenTypeCode-NR	urn:gs1:std:gdsn:cv169086	type-and-original-code	AllergenTypeCode	NR	169086	Rye and its derivatives	Definition (includes Common Name): Refers to the presence of Rye and its derivatives in the product. - Family/Genus/Species: Secale cereale. - Also known as: - Disclaimer: Refers to the presence of the allergen in the product, as listed in the regulations specified by an agency and specification or any local market regulations.	https://ref.gs1.org/voc/AllergenTypeCode	urn:gs1:std:gdsn:c-1513720680	Rye and its derivatives	Refers to the presence of Rye and its derivatives in the product. - Family/Genus/Species: Secale cereale. - Also known as: - Disclaimer: Refers to the presence of the allergen in the product, as listed in the regulations specified by an agency and specification or any local market regulations.	NR	True	False		rdf:type + originalCodeValue + JSON sourceId/classId + GDSN codeListName/label
https://ref.gs1.org/voc/AllergenTypeCode-NW	urn:gs1:std:gdsn:cv169087	type-and-original-code	AllergenTypeCode	NW	169087	Carrots and its derivatives	Definition (includes Common Name): Refers to the presence of carrot and its derivates in the product. - Family/Genus/Species: Daucus carota subsp. sativus. - Also known as: - Disclaimer: Refers to the presence of the allergen in the product, as listed in the regulations specified by an agency and specification or any local market regulations.	https://ref.gs1.org/voc/AllergenTypeCode	urn:gs1:std:gdsn:c-1513720680	Carrots and its derivatives	Refers to the presence of carrot and its derivates in the product. - Family/Genus/Species: Daucus carota subsp. sativus. - Also known as: - Disclaimer: Refers to the presence of the allergen in the product, as listed in the regulations specified by an agency and specification or any local market regulations.	NW	True	False		rdf:type + originalCodeValue + JSON sourceId/classId + GDSN codeListName/label
https://ref.gs1.org/voc/AllergenTypeCode-OAT	urn:gs1:std:gdsn:cv169050	type-and-original-code	AllergenTypeCode	GO	169050	Oats and its derivatives	Definition (includes Common Name): Refers to the presence of Oat and its derivatives in the product. - Family/Genus/Species: Avena sativa. - Also known as: Common oat. - Disclaimer: Refers to the presence of the allergen in the product, as listed in the regulations specified by an agency and specification or any local market regulations.	https://ref.gs1.org/voc/AllergenTypeCode	urn:gs1:std:gdsn:c-1513720680	Oat and Oat Products	Refers to the presence of oat and oat products (gluten containing grain) as listed in the regulations specified in AllergenSpecificationAgency and AllergenSpecificationName.	OAT	False	True	https://ref.gs1.org/voc/AllergenTypeCode-GO	rdf:type + originalCodeValue + JSON sourceId/classId + GDSN codeListName/label
https://ref.gs1.org/voc/AllergenTypeCode-OCT	urn:gs1:std:gdsn:cv169088	type-and-original-code	AllergenTypeCode	OCT	169088	Octopus and its derivatives	Definition (includes Common Name): Refers to the presence of Octopus and its derivates in the product. - Family/Genus/Species: Octopus - Also known as: Octopus, Giant Octopus, Veined Octopus, Common Octopus - Disclaimer: Refers to the presence of the allergen in the product, as listed in the regulations specified by an agency and specification or any local market regulations.	https://ref.gs1.org/voc/AllergenTypeCode	urn:gs1:std:gdsn:c-1513720680	Octopus and its derivatives	Refers to the presence of Octopus and its derivates in the product. - Family/Genus/Species: Octopus - Also known as: Octopus, Giant Octopus, Veined Octopus, Common Octopus - Disclaimer: Refers to the presence of the allergen in the product, as listed in the regulations specified by an agency and specification or any local market regulations.	OCT	True	False		rdf:type + originalCodeValue + JSON sourceId/classId + GDSN codeListName/label
https://ref.gs1.org/voc/AllergenTypeCode-OCTOPUS	urn:gs1:std:gdsn:cv169088	type-and-original-code	AllergenTypeCode	OCT	169088	Octopus and its derivatives	Definition (includes Common Name): Refers to the presence of Octopus and its derivates in the product. - Family/Genus/Species: Octopus - Also known as: Octopus, Giant Octopus, Veined Octopus, Common Octopus - Disclaimer: Refers to the presence of the allergen in the product, as listed in the regulations specified by an agency and specification or any local market regulations.	https://ref.gs1.org/voc/AllergenTypeCode	urn:gs1:std:gdsn:c-1513720680	Octopus and its Derivatives	Refers to the presence of Octopus and its derivatives in the product, as listed in the regulations specified in AllergenSpecificationAgency and AllergenSpecificationName.	OCTOPUS	False	True	https://ref.gs1.org/voc/AllergenTypeCode-OCT	rdf:type + originalCodeValue + JSON sourceId/classId + GDSN codeListName/label
https://ref.gs1.org/voc/AllergenTypeCode-OFD	urn:gs1:std:gdsn:cv169089	type-and-original-code	AllergenTypeCode	OFD	169089	Oilfish and its derivatives	Definition (includes Common Name): Refers to the presence of Oilfish and its Derivatives in the product. - Family/Genus/Species: Gempylidae/Ruvettus/pretiosus - Also known as: Oilfish - Disclaimer: Refers to the presence of the allergen in the product, as listed in the regulations specified by an agency and specification or any local market regulations.	https://ref.gs1.org/voc/AllergenTypeCode	urn:gs1:std:gdsn:c-1513720680	Oilfish and its derivatives	Refers to the presence of Oilfish and its Derivatives in the product. - Family/Genus/Species: Gempylidae/Ruvettus/pretiosus - Also known as: Oilfish - Disclaimer: Refers to the presence of the allergen in the product, as listed in the regulations specified by an agency and specification or any local market regulations.	OFD	True	False		rdf:type + originalCodeValue + JSON sourceId/classId + GDSN codeListName/label
https://ref.gs1.org/voc/AllergenTypeCode-OGD	urn:gs1:std:gdsn:cv169090	type-and-original-code	AllergenTypeCode	OGD	169090	Orange and its derivatives	Definition (includes Common Name): Refers to the presence of Orange and its derivatives in the product. - Family/Genus/Species: Rutaceae. - Also known as: - Disclaimer: Refers to the presence of the allergen in the product, as listed in the regulations specified by an agency and specification or any local market regulations.	https://ref.gs1.org/voc/AllergenTypeCode	urn:gs1:std:gdsn:c-1513720680	Orange and its derivatives	Refers to the presence of Orange and its derivatives in the product. - Family/Genus/Species: Rutaceae. - Also known as: - Disclaimer: Refers to the presence of the allergen in the product, as listed in the regulations specified by an agency and specification or any local market regulations.	OGD	True	False		rdf:type + originalCodeValue + JSON sourceId/classId + GDSN codeListName/label
https://ref.gs1.org/voc/AllergenTypeCode-ON	urn:gs1:std:gdsn:cv169091	type-and-original-code	AllergenTypeCode	ON	169091	1-Naphthol 	Definition (includes Common Name): Refers to the presence of 1-Naphthol in the product. - CAS Registry Number: 90-15-3 - Also known as: α-naphthol - Disclaimer: Refers to the presence of the allergen in the product, as listed in the regulations specified by an agency and specification or any local market regulations.	https://ref.gs1.org/voc/AllergenTypeCode	urn:gs1:std:gdsn:c-1513720680	1-Naphthol 	Refers to the presence of 1-Naphthol in the product. - CAS Registry Number: 90-15-3 - Also known as: α-naphthol - Disclaimer: Refers to the presence of the allergen in the product, as listed in the regulations specified by an agency and specification or any local market regulations.	ON	True	False		rdf:type + originalCodeValue + JSON sourceId/classId + GDSN codeListName/label
https://ref.gs1.org/voc/AllergenTypeCode-ORANGE_ROUGHY	urn:gs1:std:gdsn:cv169092	type-and-original-code	AllergenTypeCode	ORR	169092	Orange roughy and its derivatives	Definition (includes Common Name): Refers to the presence of Orange roughy and its derivates in the product. - Family/Genus/Species: Trachichthyidae/Hoplostethus/H. atlanticus - Also known as: Orange Roughy, Red Roughy, Alimehead, Deep Sea Perch - Disclaimer: Refers to the presence of the allergen in the product, as listed in the regulations specified by an agency and specification or any local market regulations.	https://ref.gs1.org/voc/AllergenTypeCode	urn:gs1:std:gdsn:c-1513720680	Orange roughy and its Derivatives	Refers to the presence of Orange roughy and its derivatives in the product, as listed in the regulations specified in AllergenSpecificationAgency and AllergenSpecificationName.	ORANGE_ROUGHY	False	True	https://ref.gs1.org/voc/AllergenTypeCode-ORR	rdf:type + originalCodeValue + JSON sourceId/classId + GDSN codeListName/label
https://ref.gs1.org/voc/AllergenTypeCode-ORR	urn:gs1:std:gdsn:cv169092	type-and-original-code	AllergenTypeCode	ORR	169092	Orange roughy and its derivatives	Definition (includes Common Name): Refers to the presence of Orange roughy and its derivates in the product. - Family/Genus/Species: Trachichthyidae/Hoplostethus/H. atlanticus - Also known as: Orange Roughy, Red Roughy, Alimehead, Deep Sea Perch - Disclaimer: Refers to the presence of the allergen in the product, as listed in the regulations specified by an agency and specification or any local market regulations.	https://ref.gs1.org/voc/AllergenTypeCode	urn:gs1:std:gdsn:c-1513720680	Orange roughy and its derivatives	Refers to the presence of Orange roughy and its derivates in the product. - Family/Genus/Species: Trachichthyidae/Hoplostethus/H. atlanticus - Also known as: Orange Roughy, Red Roughy, Alimehead, Deep Sea Perch - Disclaimer: Refers to the presence of the allergen in the product, as listed in the regulations specified by an agency and specification or any local market regulations.	ORR	True	False		rdf:type + originalCodeValue + JSON sourceId/classId + GDSN codeListName/label
https://ref.gs1.org/voc/AllergenTypeCode-OYS	urn:gs1:std:gdsn:cv169093	type-and-original-code	AllergenTypeCode	OYS	169093	Oysters and its derivatives	Definition (includes Common Name): Refers to the presence Oysters and its derivates in the product. - Family/Genus/Species: Ostreidae or Pteriidae/(various) - Also known as: Chilean Oyster, Eastern Oyster, Edible Oyster, European Flat Oyster, Kumamoto Oyster, New Zealand Dredge Oyster, New Zealand Rock Oyster, Olympia Oyster, Pacific Oyster, Portuguese Oyster, Sydney Rock Oyster, Tautog - Disclaimer: Refers to the presence of the allergen in the product, as listed in the regulations specified by an agency and specification or any local market regulations.	https://ref.gs1.org/voc/AllergenTypeCode	urn:gs1:std:gdsn:c-1513720680	Oysters and its derivatives	Refers to the presence Oysters and its derivates in the product. - Family/Genus/Species: Ostreidae or Pteriidae/(various) - Also known as: Chilean Oyster, Eastern Oyster, Edible Oyster, European Flat Oyster, Kumamoto Oyster, New Zealand Dredge Oyster, New Zealand Rock Oyster, Olympia Oyster, Pacific Oyster, Portuguese Oyster, Sydney Rock Oyster, Tautog - Disclaimer: Refers to the presence of the allergen in the product, as listed in the regulations specified by an agency and specification or any local market regulations.	OYS	True	False		rdf:type + originalCodeValue + JSON sourceId/classId + GDSN codeListName/label
https://ref.gs1.org/voc/AllergenTypeCode-OYSTERS	urn:gs1:std:gdsn:cv169093	type-and-original-code	AllergenTypeCode	OYS	169093	Oysters and its derivatives	Definition (includes Common Name): Refers to the presence Oysters and its derivates in the product. - Family/Genus/Species: Ostreidae or Pteriidae/(various) - Also known as: Chilean Oyster, Eastern Oyster, Edible Oyster, European Flat Oyster, Kumamoto Oyster, New Zealand Dredge Oyster, New Zealand Rock Oyster, Olympia Oyster, Pacific Oyster, Portuguese Oyster, Sydney Rock Oyster, Tautog - Disclaimer: Refers to the presence of the allergen in the product, as listed in the regulations specified by an agency and specification or any local market regulations.	https://ref.gs1.org/voc/AllergenTypeCode	urn:gs1:std:gdsn:c-1513720680	Oysters and its Derivatives	Refers to the presence Oysters and its derivatives in the product, as listed in the regulations specified in AllergenSpecificationAgency and AllergenSpecificationName.	OYSTERS	False	True	https://ref.gs1.org/voc/AllergenTypeCode-OYS	rdf:type + originalCodeValue + JSON sourceId/classId + GDSN codeListName/label
https://ref.gs1.org/voc/AllergenTypeCode-P-METHYLAMINOPHENOL	urn:gs1:std:gdsn:cv169099	type-and-original-code	AllergenTypeCode	PM	169099	p-Methylaminophenol 	Definition (includes Common Name): Refers to the presence of p-Methylaminophenol in the product. - CAS Registry Number: 55-55-0 - Also known as: - Disclaimer: Refers to the presence of the allergen in the product, as listed in the regulations specified by an agency and specification or any local market regulations.	https://ref.gs1.org/voc/AllergenTypeCode	urn:gs1:std:gdsn:c-1513720680	p-Methylaminophenol	Refers to the presence of p-Methylaminophenol as listed in the regulations specified in AllergenSpecificationAgency and AllergenSpecificationName.	P-METHYLAMINOPHENOL	False	True	https://ref.gs1.org/voc/AllergenTypeCode-PM	rdf:type + originalCodeValue + JSON sourceId/classId + GDSN codeListName/label
https://ref.gs1.org/voc/AllergenTypeCode-P-PHENYLENEDIAMINE	urn:gs1:std:gdsn:cv169103	type-and-original-code	AllergenTypeCode	PP	169103	p-Phenylenediamine	Definition (includes Common Name): Refers to the presence of p-Phenylenediamine in the product in the product. - CAS Registry Number: 106-50-3 - Also known as: - Disclaimer: Refers to the presence of the allergen in the product, as listed in the regulations specified by an agency and specification or any local market regulations.	https://ref.gs1.org/voc/AllergenTypeCode	urn:gs1:std:gdsn:c-1513720680	p-Phenylenediamine	Refers to the presence of p-Phenylenediamine in the product as listed in the regulations specified in AllergenSpecificationAgency and AllergenSpecificationName.	P-PHENYLENEDIAMINE	False	True	https://ref.gs1.org/voc/AllergenTypeCode-PP	rdf:type + originalCodeValue + JSON sourceId/classId + GDSN codeListName/label
https://ref.gs1.org/voc/AllergenTypeCode-PEANUTS	urn:gs1:std:gdsn:cv168989	type-and-original-code	AllergenTypeCode	AP	168989	Peanuts and its derivatives	Definition (includes Common Name): Refers to the presence of Peanuts and its derivatives in the product. - Family/Genus/Species: Arachis hypogaea. - Also known as: Groundnut, Goober, Pindar, Monkey nut. - Disclaimer: Refers to the presence of the allergen in the product, as listed in the regulations specified by an agency and specification or any local market regulations.	https://ref.gs1.org/voc/AllergenTypeCode	urn:gs1:std:gdsn:c-1513720680	Peanuts and Their Derivatives	Refers to the presence of peanuts and their derivatives in the product, as listed in as listed in the regulations specified in AllergenSpecificationAgency and AllergenSpecificationName	PEANUTS	False	True	https://ref.gs1.org/voc/AllergenTypeCode-AP	rdf:type + originalCodeValue + JSON sourceId/classId + GDSN codeListName/label
https://ref.gs1.org/voc/AllergenTypeCode-PEAS	urn:gs1:std:gdsn:cv169081	type-and-original-code	AllergenTypeCode	NE	169081	Peas and its derivatives	Definition (includes Common Name): Refers to the presence of Peas and its derivatives in the product. - Family/Genus/Species: Pisum sativum. - Also known as: - Disclaimer: Refers to the presence of the allergen in the product, as listed in the regulations specified by an agency and specification or any local market regulations.	https://ref.gs1.org/voc/AllergenTypeCode	urn:gs1:std:gdsn:c-1513720680	Peas and Pea Products	Refers to the presence of peas and pea products as listed in the regulations specified in AllergenSpecificationAgency and AllergenSpecificationName.	PEAS	False	True	https://ref.gs1.org/voc/AllergenTypeCode-NE	rdf:type + originalCodeValue + JSON sourceId/classId + GDSN codeListName/label
https://ref.gs1.org/voc/AllergenTypeCode-PECAN_NUTS	urn:gs1:std:gdsn:cv169133	type-and-original-code	AllergenTypeCode	SP	169133	Pecan Nuts and its derivatives	Definition (includes Common Name): Refers to the presence of Pecan nuts and its derivatives in the product. - Family/Genus/Species: Carya illinoinensis. - Also known as: - Disclaimer: Refers to the presence of the allergen in the product, as listed in the regulations specified by an agency and specification or any local market regulations.	https://ref.gs1.org/voc/AllergenTypeCode	urn:gs1:std:gdsn:c-1513720680	Pecan Nut and Pecan Nut	Refers to the presence of pecan nut and pecan nut products as listed in the regulations specified in AllergenSpecificationAgency and AllergenSpecificationName.	PECAN_NUTS	False	True	https://ref.gs1.org/voc/AllergenTypeCode-SP	rdf:type + originalCodeValue + JSON sourceId/classId + GDSN codeListName/label
https://ref.gs1.org/voc/AllergenTypeCode-PER	urn:gs1:std:gdsn:cv169094	type-and-original-code	AllergenTypeCode	PER	169094	Periwinkle and its derivatives	Definition (includes Common Name): Refers to the presence of Periwinkle and its derivates in the product. - Family/Genus/Species: Littorina. - Also known as: - Disclaimer: Refers to the presence of the allergen in the product, as listed in the regulations specified by an agency and specification or any local market regulations.	https://ref.gs1.org/voc/AllergenTypeCode	urn:gs1:std:gdsn:c-1513720680	Periwinkle and its derivatives	Refers to the presence of Periwinkle and its derivates in the product. - Family/Genus/Species: Littorina. - Also known as: - Disclaimer: Refers to the presence of the allergen in the product, as listed in the regulations specified by an agency and specification or any local market regulations.	PER	True	False		rdf:type + originalCodeValue + JSON sourceId/classId + GDSN codeListName/label
https://ref.gs1.org/voc/AllergenTypeCode-PERCH	urn:gs1:std:gdsn:cv168988	type-and-original-code	AllergenTypeCode	ANO	168988	Perch and its derivatives	Definition (includes Common Name): Refers to the presence of Perch and its derivatives in the product. - Family/Genus/Species: Percidae subfamily Percinae/Perca/(various) - Also known as: Acadian Redfish, Argentinian Sandperch, Barred Surfperch, Black Surfperch, Blue Cod, Calico Surfperch, Chilean Sandperch, Climbing Perch, Deepwater Redfish, Eurasian Perch, Golden Perch, Golden Redfish, Grass Goby, Namorado Sandperch, Nile Perch, Norway Redfish, Pacific Ocean Perch, Painted Comber, Pile Perch, Redtail Surfperch, Rockfish, Rubberlip Seaperch, Sandperch, Sauger, Shiner Surfperch, Silver Perch, Striped Surfperch, Thicktail Cardinalfish, Volga Pikeperch, Walleye Surfperch, White Perch, Yellow Perch, Zander, Zebra Perch - Disclaimer: Refers to the presence of the allergen in the product, as listed in the regulations specified by an agency and specification or any local market regulations.	https://ref.gs1.org/voc/AllergenTypeCode	urn:gs1:std:gdsn:c-1513720680	Perch and its Derivatives	Refers to the presence of Perch and their derivatives in the product, as listed as listed in the regulations specified in AllergenSpecificationAgency and AllergenSpecificationName.	PERCH	False	True	https://ref.gs1.org/voc/AllergenTypeCode-ANO	rdf:type + originalCodeValue + JSON sourceId/classId + GDSN codeListName/label
https://ref.gs1.org/voc/AllergenTypeCode-PERIWINKLE	urn:gs1:std:gdsn:cv169094	type-and-original-code	AllergenTypeCode	PER	169094	Periwinkle and its derivatives	Definition (includes Common Name): Refers to the presence of Periwinkle and its derivates in the product. - Family/Genus/Species: Littorina. - Also known as: - Disclaimer: Refers to the presence of the allergen in the product, as listed in the regulations specified by an agency and specification or any local market regulations.	https://ref.gs1.org/voc/AllergenTypeCode	urn:gs1:std:gdsn:c-1513720680	Periwinkle and its Derivatives	Refers to the presence of Periwinkle and its derivatives in the product, as listed in the regulations specified in AllergenSpecificationAgency and AllergenSpecificationName.	PERIWINKLE	False	True	https://ref.gs1.org/voc/AllergenTypeCode-PER	rdf:type + originalCodeValue + JSON sourceId/classId + GDSN codeListName/label
https://ref.gs1.org/voc/AllergenTypeCode-PFD	urn:gs1:std:gdsn:cv169095	type-and-original-code	AllergenTypeCode	PFD	169095	Puffer fish and its derivatives	Definition (includes Common Name): Refers to the presence of Puffer and its Derivatives in the product. - Family/Genus/Species: Tetraodontidae/(various) - Also known as: Balloonfish, Bandtail Puffer, Blowfish, Blowies, Blunthead Puffer, Bubblefish, Bullseye Puffer, Checkered Puffer, Common Puffers, Globefish, Honey toads, Least Puffer, Longnose Puffer, Marbled Puffer, Moontail Blassop, Northern Puffer, Oceanic Puffer, Pufferfish, Puffers, Sea squab, Sharpnosed Puffers, Smooth Puffer, Southern Puffer, Sugar toads, Swellfish, Toadfish, Toadies - Disclaimer: Refers to the presence of the allergen in the product, as listed in the regulations specified by an agency and specification or any local market regulations.	https://ref.gs1.org/voc/AllergenTypeCode	urn:gs1:std:gdsn:c-1513720680	Puffer fish and its derivatives	Refers to the presence of Puffer and its Derivatives in the product. - Family/Genus/Species: Tetraodontidae/(various) - Also known as: Balloonfish, Bandtail Puffer, Blowfish, Blowies, Blunthead Puffer, Bubblefish, Bullseye Puffer, Checkered Puffer, Common Puffers, Globefish, Honey toads, Least Puffer, Longnose Puffer, Marbled Puffer, Moontail Blassop, Northern Puffer, Oceanic Puffer, Pufferfish, Puffers, Sea squab, Sharpnosed Puffers, Smooth Puffer, Southern Puffer, Sugar toads, Swellfish, Toadfish, Toadies - Disclaimer: Refers to the presence of the allergen in the product, as listed in the regulations specified by an agency and specification or any local market regulations.	PFD	True	False		rdf:type + originalCodeValue + JSON sourceId/classId + GDSN codeListName/label
https://ref.gs1.org/voc/AllergenTypeCode-PGT	urn:gs1:std:gdsn:cv169096	type-and-original-code	AllergenTypeCode	PGT	169096	Patagonian Toothfish and its derivatives	Definition (includes Common Name): Refers to the presence of Patagonian Toothfish and its Derivatives in the product. - Family/Genus/Species: Nototheniidae/Dissostichus/eleginoides - Also known as: Patagonian Toothfish - Disclaimer: Refers to the presence of the allergen in the product, as listed in the regulations specified by an agency and specification or any local market regulations.	https://ref.gs1.org/voc/AllergenTypeCode	urn:gs1:std:gdsn:c-1513720680	Patagonian Toothfish and its derivatives	Refers to the presence of Patagonian Toothfish and its Derivatives in the product. - Family/Genus/Species: Nototheniidae/Dissostichus/eleginoides - Also known as: Patagonian Toothfish - Disclaimer: Refers to the presence of the allergen in the product, as listed in the regulations specified by an agency and specification or any local market regulations.	PGT	True	False		rdf:type + originalCodeValue + JSON sourceId/classId + GDSN codeListName/label
https://ref.gs1.org/voc/AllergenTypeCode-PHD	urn:gs1:std:gdsn:cv169097	type-and-original-code	AllergenTypeCode	PHD	169097	Peach and its derivatives	Definition (includes Common Name): Refers to the presence of Peach and its derivatives in the product. - Family/Genus/Species: Prunus persica. - Also known as: - Disclaimer: Refers to the presence of the allergen in the product, as listed in the regulations specified by an agency and specification or any local market regulations.	https://ref.gs1.org/voc/AllergenTypeCode	urn:gs1:std:gdsn:c-1513720680	Peach and its derivatives	Refers to the presence of Peach and its derivatives in the product. - Family/Genus/Species: Prunus persica. - Also known as: - Disclaimer: Refers to the presence of the allergen in the product, as listed in the regulations specified by an agency and specification or any local market regulations.	PHD	True	False		rdf:type + originalCodeValue + JSON sourceId/classId + GDSN codeListName/label
https://ref.gs1.org/voc/AllergenTypeCode-PIKE	urn:gs1:std:gdsn:cv168972	type-and-original-code	AllergenTypeCode	ADP	168972	Pike and its derivatives	Definition (includes Common Name): Refers to the presence of Pike and its derivatives in the product. - Family/Genus/Species: Esocidae/Esox/(various) - Also known as: Pike, Pickerel, American Pickerel, Amur Pike, Aquitanian Pike, Chain Pickerel, Muskellunge, Northern Pike, Southern Pike, Grass Pike - Disclaimer: Refers to the presence of the allergen in the product, as listed in the regulations specified by an agency and specification or any local market regulations.	https://ref.gs1.org/voc/AllergenTypeCode	urn:gs1:std:gdsn:c-1513720680	Pike and its Derivatives	Refers to the presence of Pike and their derivatives in the product, as listed as listed in the regulations specified in AllergenSpecificationAgency and AllergenSpecificationName.	PIKE	False	True	https://ref.gs1.org/voc/AllergenTypeCode-ADP	rdf:type + originalCodeValue + JSON sourceId/classId + GDSN codeListName/label
https://ref.gs1.org/voc/AllergenTypeCode-PILI_NUTS	urn:gs1:std:gdsn:cv169126	type-and-original-code	AllergenTypeCode	SK	169126	Pili Nuts and its derivatives	Definition (includes Common Name): Refers to the presence of Pili nuts and its derivatives in the product. - Family/Genus/Species: Canarium ovatum. - Also known as: Pili seeds. - Disclaimer: Refers to the presence of the allergen in the product, as listed in the regulations specified by an agency and specification or any local market regulations.	https://ref.gs1.org/voc/AllergenTypeCode	urn:gs1:std:gdsn:c-1513720680	Pili Nuts and Their Derivatives	Refers to the presence of Pili nuts [Canarium ovatum (Burseraceae)] and their derivatives in the product, as listed as listed in the regulations specified in AllergenSpecificationAgency and AllergenSpecificationName.	PILI_NUTS	False	True	https://ref.gs1.org/voc/AllergenTypeCode-SK	rdf:type + originalCodeValue + JSON sourceId/classId + GDSN codeListName/label
https://ref.gs1.org/voc/AllergenTypeCode-PINE_NUTS	urn:gs1:std:gdsn:cv169100	type-and-original-code	AllergenTypeCode	PN	169100	Pine nuts and its derivatives	Definition (includes Common Name): Refers to the presence of Pine nuts and its derivatives in the product. - Family/Genus/Species: Pinus. - Also known as: Pine seeds. - Disclaimer: Refers to the presence of the allergen in the product, as listed in the regulations specified by an agency and specification or any local market regulations.	https://ref.gs1.org/voc/AllergenTypeCode	urn:gs1:std:gdsn:c-1513720680	Pine Nut and Their Derivatives	Refers to the presence of Pine Nuts and their derivatives as listed in the regulations specified in AllergenSpecificationAgency and AllergenSpecificationName.	PINE_NUTS	False	True	https://ref.gs1.org/voc/AllergenTypeCode-PN	rdf:type + originalCodeValue + JSON sourceId/classId + GDSN codeListName/label
https://ref.gs1.org/voc/AllergenTypeCode-PISTACHIOS	urn:gs1:std:gdsn:cv169139	type-and-original-code	AllergenTypeCode	ST	169139	Pistachios and its derivatives	Definition (includes Common Name): Refers to the presence of Pistachio and its derivatives in the product. - Family/Genus/Species: Pistacia. - Also known as: - Disclaimer: Refers to the presence of the allergen in the product, as listed in the regulations specified by an agency and specification or any local market regulations.	https://ref.gs1.org/voc/AllergenTypeCode	urn:gs1:std:gdsn:c-1513720680	Pistachio and Pistachio Products	Refers to the presence of pistachio and pistachio products as listed in the regulations specified in AllergenSpecificationAgency and AllergenSpecificationName.	PISTACHIOS	False	True	https://ref.gs1.org/voc/AllergenTypeCode-ST	rdf:type + originalCodeValue + JSON sourceId/classId + GDSN codeListName/label
https://ref.gs1.org/voc/AllergenTypeCode-PLAICE	urn:gs1:std:gdsn:cv169098	type-and-original-code	AllergenTypeCode	PLC	169098	Plaice and its derivatives	Definition (includes Common Name): Refers to the presence of Plaice and its derivates in the product. - Family/Genus/Species: Pleuronectidae/(various) - Also known as: American Plaice, Alaskan Plaice, European Plaice, Scale-eye Plaice, Summer Plaice - Disclaimer: Refers to the presence of the allergen in the product, as listed in the regulations specified by an agency and specification or any local market regulations.	https://ref.gs1.org/voc/AllergenTypeCode	urn:gs1:std:gdsn:c-1513720680	Plaice and its Derivatives	Refers to the presence of Plaice and its derivatives in the product, as listed in the regulations specified in AllergenSpecificationAgency and AllergenSpecificationName.	PLAICE	False	True	https://ref.gs1.org/voc/AllergenTypeCode-PLC	rdf:type + originalCodeValue + JSON sourceId/classId + GDSN codeListName/label
https://ref.gs1.org/voc/AllergenTypeCode-PLC	urn:gs1:std:gdsn:cv169098	type-and-original-code	AllergenTypeCode	PLC	169098	Plaice and its derivatives	Definition (includes Common Name): Refers to the presence of Plaice and its derivates in the product. - Family/Genus/Species: Pleuronectidae/(various) - Also known as: American Plaice, Alaskan Plaice, European Plaice, Scale-eye Plaice, Summer Plaice - Disclaimer: Refers to the presence of the allergen in the product, as listed in the regulations specified by an agency and specification or any local market regulations.	https://ref.gs1.org/voc/AllergenTypeCode	urn:gs1:std:gdsn:c-1513720680	Plaice and its derivatives	Refers to the presence of Plaice and its derivates in the product. - Family/Genus/Species: Pleuronectidae/(various) - Also known as: American Plaice, Alaskan Plaice, European Plaice, Scale-eye Plaice, Summer Plaice - Disclaimer: Refers to the presence of the allergen in the product, as listed in the regulations specified by an agency and specification or any local market regulations.	PLC	True	False		rdf:type + originalCodeValue + JSON sourceId/classId + GDSN codeListName/label
https://ref.gs1.org/voc/AllergenTypeCode-PM	urn:gs1:std:gdsn:cv169099	type-and-original-code	AllergenTypeCode	PM	169099	p-Methylaminophenol 	Definition (includes Common Name): Refers to the presence of p-Methylaminophenol in the product. - CAS Registry Number: 55-55-0 - Also known as: - Disclaimer: Refers to the presence of the allergen in the product, as listed in the regulations specified by an agency and specification or any local market regulations.	https://ref.gs1.org/voc/AllergenTypeCode	urn:gs1:std:gdsn:c-1513720680	p-Methylaminophenol 	Refers to the presence of p-Methylaminophenol in the product. - CAS Registry Number: 55-55-0 - Also known as: - Disclaimer: Refers to the presence of the allergen in the product, as listed in the regulations specified by an agency and specification or any local market regulations.	PM	True	False		rdf:type + originalCodeValue + JSON sourceId/classId + GDSN codeListName/label
https://ref.gs1.org/voc/AllergenTypeCode-PN	urn:gs1:std:gdsn:cv169100	type-and-original-code	AllergenTypeCode	PN	169100	Pine nuts and its derivatives	Definition (includes Common Name): Refers to the presence of Pine nuts and its derivatives in the product. - Family/Genus/Species: Pinus. - Also known as: Pine seeds. - Disclaimer: Refers to the presence of the allergen in the product, as listed in the regulations specified by an agency and specification or any local market regulations.	https://ref.gs1.org/voc/AllergenTypeCode	urn:gs1:std:gdsn:c-1513720680	Pine nuts and its derivatives	Refers to the presence of Pine nuts and its derivatives in the product. - Family/Genus/Species: Pinus. - Also known as: Pine seeds. - Disclaimer: Refers to the presence of the allergen in the product, as listed in the regulations specified by an agency and specification or any local market regulations.	PN	True	False		rdf:type + originalCodeValue + JSON sourceId/classId + GDSN codeListName/label
https://ref.gs1.org/voc/AllergenTypeCode-PO	urn:gs1:std:gdsn:cv169101	type-and-original-code	AllergenTypeCode	PO	169101	Pork and its derivatives	Definition (includes Common Name): Refers to the presence of Pork and its derivative in the product, in the product - Family/Genus/Species: - Also known as: - Disclaimer: Refers to the presence of the allergen in the product, as listed in the regulations specified by an agency and specification or any local market regulations.	https://ref.gs1.org/voc/AllergenTypeCode	urn:gs1:std:gdsn:c-1513720680	Pork and its derivatives	Refers to the presence of Pork and its derivative in the product, in the product - Family/Genus/Species: - Also known as: - Disclaimer: Refers to the presence of the allergen in the product, as listed in the regulations specified by an agency and specification or any local market regulations.	PO	True	False		rdf:type + originalCodeValue + JSON sourceId/classId + GDSN codeListName/label
https://ref.gs1.org/voc/AllergenTypeCode-POD_FRUITS	urn:gs1:std:gdsn:cv169085	type-and-original-code	AllergenTypeCode	NP	169085	Pod Fruits and its derivatives	Definition (includes Common Name): Refers to the presence of Pod fruits and its derivates in the product. - Family/Genus/Species: Fabaceae - Also known as: Legume. - Disclaimer: Refers to the presence of the allergen in the product, as listed in the regulations specified by an agency and specification or any local market regulations.	https://ref.gs1.org/voc/AllergenTypeCode	urn:gs1:std:gdsn:c-1513720680	Pod Fruits Derivatives	Refers to the presence of pod fruits and their derivatives in the product, as listed in as listed in the regulations specified in AllergenSpecificationAgency and AllergenSpecificationName	POD_FRUITS	False	True	https://ref.gs1.org/voc/AllergenTypeCode-NP	rdf:type + originalCodeValue + JSON sourceId/classId + GDSN codeListName/label
https://ref.gs1.org/voc/AllergenTypeCode-POLLOCK	urn:gs1:std:gdsn:cv168973	type-and-original-code	AllergenTypeCode	ADQ	168973	Pollock and its derivatives	Definition (includes Common Name): Refers to the presence of Pollock and its derivatives in the product. - Family/Genus/Species: Gadidae/Pollachius/Pollachius pollachius or Pollachius virens - Also known as: Atlantic pollock, European pollock, Lieu Jaune, Lythe, Boston Blue, Silver Bill, Saithem Pollock, Pollack, Coley, Coalfish, Walleye Pollock - Disclaimer: Refers to the presence of the allergen in the product, as listed in the regulations specified by an agency and specification or any local market regulations.	https://ref.gs1.org/voc/AllergenTypeCode	urn:gs1:std:gdsn:c-1513720680	Pollock and its Derivatives	Refers to the presence of Pollock and their derivatives in the product, as listed as listed in the regulations specified in AllergenSpecificationAgency and AllergenSpecificationName.	POLLOCK	False	True	https://ref.gs1.org/voc/AllergenTypeCode-ADQ	rdf:type + originalCodeValue + JSON sourceId/classId + GDSN codeListName/label
https://ref.gs1.org/voc/AllergenTypeCode-POM	urn:gs1:std:gdsn:cv169102	type-and-original-code	AllergenTypeCode	POM	169102	Pompano and its derivatives	Definition (includes Common Name): Refers to the presence of Pompano and its derivates in the product. - Family/Genus/Species: Carangidae subfamily Trachinotinae/Trachinotus/(various) - Also known as: African Pompano, Blackblotch Pompano, Cayenne Pompano, Derbio, Florida Pompano, Florida Pompano, Gafftopsail Pompano, Gafftopsail Pompano, Guinean Pompano, Indian Pompano, Largespotted Dart, Longfin Pompano, Marquesas Dart, Oyster Pompano, Paloma Pompano, Paloma Pompano, Palometa, Palometa, Palometta Permit, Permit, Permit, Plata Pompano, Pompano, Shortfin Pompano, Smallspotted Dart, Snubnose Pompano, Snubnose Pompano, Southern Pompano, Steel Pompano, Swallowtail Dart - Disclaimer: Refers to the presence of the allergen in the product, as listed in the regulations specified by an agency and specification or any local market regulations.	https://ref.gs1.org/voc/AllergenTypeCode	urn:gs1:std:gdsn:c-1513720680	Pompano and its derivatives	Refers to the presence of Pompano and its derivates in the product. - Family/Genus/Species: Carangidae subfamily Trachinotinae/Trachinotus/(various) - Also known as: African Pompano, Blackblotch Pompano, Cayenne Pompano, Derbio, Florida Pompano, Florida Pompano, Gafftopsail Pompano, Gafftopsail Pompano, Guinean Pompano, Indian Pompano, Largespotted Dart, Longfin Pompano, Marquesas Dart, Oyster Pompano, Paloma Pompano, Paloma Pompano, Palometa, Palometa, Palometta Permit, Permit, Permit, Plata Pompano, Pompano, Shortfin Pompano, Smallspotted Dart, Snubnose Pompano, Snubnose Pompano, Southern Pompano, Steel Pompano, Swallowtail Dart - Disclaimer: Refers to the presence of the allergen in the product, as listed in the regulations specified by an agency and specification or any local market regulations.	POM	True	False		rdf:type + originalCodeValue + JSON sourceId/classId + GDSN codeListName/label
https://ref.gs1.org/voc/AllergenTypeCode-POMPANO	urn:gs1:std:gdsn:cv169102	type-and-original-code	AllergenTypeCode	POM	169102	Pompano and its derivatives	Definition (includes Common Name): Refers to the presence of Pompano and its derivates in the product. - Family/Genus/Species: Carangidae subfamily Trachinotinae/Trachinotus/(various) - Also known as: African Pompano, Blackblotch Pompano, Cayenne Pompano, Derbio, Florida Pompano, Florida Pompano, Gafftopsail Pompano, Gafftopsail Pompano, Guinean Pompano, Indian Pompano, Largespotted Dart, Longfin Pompano, Marquesas Dart, Oyster Pompano, Paloma Pompano, Paloma Pompano, Palometa, Palometa, Palometta Permit, Permit, Permit, Plata Pompano, Pompano, Shortfin Pompano, Smallspotted Dart, Snubnose Pompano, Snubnose Pompano, Southern Pompano, Steel Pompano, Swallowtail Dart - Disclaimer: Refers to the presence of the allergen in the product, as listed in the regulations specified by an agency and specification or any local market regulations.	https://ref.gs1.org/voc/AllergenTypeCode	urn:gs1:std:gdsn:c-1513720680	Pompano and its Derivatives	Refers to the presence of Pompano and its derivatives in the product, as listed in the regulations specified in AllergenSpecificationAgency and AllergenSpecificationName.	POMPANO	False	True	https://ref.gs1.org/voc/AllergenTypeCode-POM	rdf:type + originalCodeValue + JSON sourceId/classId + GDSN codeListName/label
https://ref.gs1.org/voc/AllergenTypeCode-POPPY_SEEDS	urn:gs1:std:gdsn:cv169105	type-and-original-code	AllergenTypeCode	PS	169105	Poppy Seeds and its derivatives	Definition (includes Common Name): Refers to the presence of Poppy seeds or its derivatives in the product in the product. - Family/Genus/Species: Papaver somniferum. - Also known as: - Disclaimer: Refers to the presence of the allergen in the product, as listed in the regulations specified by an agency and specification or any local market regulations.	https://ref.gs1.org/voc/AllergenTypeCode	urn:gs1:std:gdsn:c-1513720680	Poppy Seeds and Their Derivatives	Refers to the presence of Poppy Seeds or their derivatives in the product as listed in the regulations specified in AllergenSpecificationAgency and AllergenSpecificationName.	POPPY_SEEDS	False	True	https://ref.gs1.org/voc/AllergenTypeCode-PS	rdf:type + originalCodeValue + JSON sourceId/classId + GDSN codeListName/label
https://ref.gs1.org/voc/AllergenTypeCode-PORGY	urn:gs1:std:gdsn:cv169104	type-and-original-code	AllergenTypeCode	PRG	169104	Porgy and its derivatives	Definition (includes Common Name): Refers to the presence of Porgy and its derivates in the product. - Family/Genus/Species: Sparidae/(various) - Also known as: Dentex, Grass Porgy, Longspine Porgy, Madai, Panga, Pinfish, Porgy, Puntazzo, Red Porgy, River Bream, Scup, Sea Bream, Sheepshead, Silver Porgy, Spotted Pinfish, Squirefish, Whitebone Porgy - Disclaimer: Refers to the presence of the allergen in the product, as listed in the regulations specified by an agency and specification or any local market regulations.	https://ref.gs1.org/voc/AllergenTypeCode	urn:gs1:std:gdsn:c-1513720680	Porgy and its Derivatives	Refers to the presence of Porgy and its derivatives in the product, as listed in the regulations specified in AllergenSpecificationAgency and AllergenSpecificationName.	PORGY	False	True	https://ref.gs1.org/voc/AllergenTypeCode-PRG	rdf:type + originalCodeValue + JSON sourceId/classId + GDSN codeListName/label
https://ref.gs1.org/voc/AllergenTypeCode-PORK	urn:gs1:std:gdsn:cv169101	type-and-original-code	AllergenTypeCode	PO	169101	Pork and its derivatives	Definition (includes Common Name): Refers to the presence of Pork and its derivative in the product, in the product - Family/Genus/Species: - Also known as: - Disclaimer: Refers to the presence of the allergen in the product, as listed in the regulations specified by an agency and specification or any local market regulations.	https://ref.gs1.org/voc/AllergenTypeCode	urn:gs1:std:gdsn:c-1513720680	Pork and its Derivatives	Refers to the presence of pork and its derivative in the product, as listed in the regulations specified in AllergenSpecificationAgency and AllergenSpecificationName.	PORK	False	True	https://ref.gs1.org/voc/AllergenTypeCode-PO	rdf:type + originalCodeValue + JSON sourceId/classId + GDSN codeListName/label
https://ref.gs1.org/voc/AllergenTypeCode-PP	urn:gs1:std:gdsn:cv169103	type-and-original-code	AllergenTypeCode	PP	169103	p-Phenylenediamine	Definition (includes Common Name): Refers to the presence of p-Phenylenediamine in the product in the product. - CAS Registry Number: 106-50-3 - Also known as: - Disclaimer: Refers to the presence of the allergen in the product, as listed in the regulations specified by an agency and specification or any local market regulations.	https://ref.gs1.org/voc/AllergenTypeCode	urn:gs1:std:gdsn:c-1513720680	p-Phenylenediamine	Refers to the presence of p-Phenylenediamine in the product in the product. - CAS Registry Number: 106-50-3 - Also known as: - Disclaimer: Refers to the presence of the allergen in the product, as listed in the regulations specified by an agency and specification or any local market regulations.	PP	True	False		rdf:type + originalCodeValue + JSON sourceId/classId + GDSN codeListName/label
https://ref.gs1.org/voc/AllergenTypeCode-PRAWNS	urn:gs1:std:gdsn:cv168955	type-and-original-code	AllergenTypeCode	ABK	168955	Prawns and its derivatives	Definition (includes Common Name): Refers to the presence of Prawns and its derivatives in the product. Prawn is a common name for small aquatic crustaceans with an exoskeleton and ten legs (which is a member of the order decapoda), some of which can be eaten. The terms shrimp and prawn are common names, not scientific names. They are vernacular or colloquial terms which lack the formal definition of scientific terms. They are not taxa, but are terms of convenience with little circumscriptional significance. There is no reason to avoid using the terms shrimp or prawn when convenient, but it is important not to confuse them with the names or relationships of actual taxa. - Family/Genus/Species: (various) - Also known as: Banana Prawn, Brown Tiger Prawn, Caramote Prawn, Common Prawn, Eastern King Prawn, Giant Freshwater Prawn, Giant Gamba Prawn, Giant Tiger Prawn, Green Tiger Prawn, Indian Prawn, Jack-knife Prawn, Kuruma Prawn, Redtail Prawn, Roshna Prawn, Western King Prawn, Prawn - Disclaimer: Refers to the presence of the allergen in the product, as listed in the regulations specified by an agency and specification or any local market regulations.	https://ref.gs1.org/voc/AllergenTypeCode	urn:gs1:std:gdsn:c-1513720680	Prawns and their Derivatives	Refers to the presence of Prawns and their derivatives in the product, as listed as listed in the regulations specified in AllergenSpecificationAgency and AllergenSpecificationName.	PRAWNS	False	True	https://ref.gs1.org/voc/AllergenTypeCode-ABK	rdf:type + originalCodeValue + JSON sourceId/classId + GDSN codeListName/label
https://ref.gs1.org/voc/AllergenTypeCode-PRG	urn:gs1:std:gdsn:cv169104	type-and-original-code	AllergenTypeCode	PRG	169104	Porgy and its derivatives	Definition (includes Common Name): Refers to the presence of Porgy and its derivates in the product. - Family/Genus/Species: Sparidae/(various) - Also known as: Dentex, Grass Porgy, Longspine Porgy, Madai, Panga, Pinfish, Porgy, Puntazzo, Red Porgy, River Bream, Scup, Sea Bream, Sheepshead, Silver Porgy, Spotted Pinfish, Squirefish, Whitebone Porgy - Disclaimer: Refers to the presence of the allergen in the product, as listed in the regulations specified by an agency and specification or any local market regulations.	https://ref.gs1.org/voc/AllergenTypeCode	urn:gs1:std:gdsn:c-1513720680	Porgy and its derivatives	Refers to the presence of Porgy and its derivates in the product. - Family/Genus/Species: Sparidae/(various) - Also known as: Dentex, Grass Porgy, Longspine Porgy, Madai, Panga, Pinfish, Porgy, Puntazzo, Red Porgy, River Bream, Scup, Sea Bream, Sheepshead, Silver Porgy, Spotted Pinfish, Squirefish, Whitebone Porgy - Disclaimer: Refers to the presence of the allergen in the product, as listed in the regulations specified by an agency and specification or any local market regulations.	PRG	True	False		rdf:type + originalCodeValue + JSON sourceId/classId + GDSN codeListName/label
https://ref.gs1.org/voc/AllergenTypeCode-PS	urn:gs1:std:gdsn:cv169105	type-and-original-code	AllergenTypeCode	PS	169105	Poppy Seeds and its derivatives	Definition (includes Common Name): Refers to the presence of Poppy seeds or its derivatives in the product in the product. - Family/Genus/Species: Papaver somniferum. - Also known as: - Disclaimer: Refers to the presence of the allergen in the product, as listed in the regulations specified by an agency and specification or any local market regulations.	https://ref.gs1.org/voc/AllergenTypeCode	urn:gs1:std:gdsn:c-1513720680	Poppy Seeds and its derivatives	Refers to the presence of Poppy seeds or its derivatives in the product in the product. - Family/Genus/Species: Papaver somniferum. - Also known as: - Disclaimer: Refers to the presence of the allergen in the product, as listed in the regulations specified by an agency and specification or any local market regulations.	PS	True	False		rdf:type + originalCodeValue + JSON sourceId/classId + GDSN codeListName/label
https://ref.gs1.org/voc/AllergenTypeCode-PULSES	urn:gs1:std:gdsn:cv169143	type-and-original-code	AllergenTypeCode	SX	169143	Pulses	Definition (includes Common Name): Refers to the presence of pulses in the product. This excludes green beans and green peas, which are considered vegetable crops. Also excluded are crops that are mainly grown for oil extraction. - Family/Genus/Species: Fabaceae. - Also known as: Dry seed legume Crops. - Disclaimer: Refers to the presence of the allergen in the product, as listed in the regulations specified by an agency and specification or any local market regulations.	https://ref.gs1.org/voc/AllergenTypeCode	urn:gs1:std:gdsn:c-1513720680	Pulses	Refers to the presence of pulses. An annual leguminous crop yielding from one to twelve seeds of variable size, shape, and colour within a pod. Pulses are used for food and animal feed. The term 'pulse', as used by the Food and Agricultural Organization (FAO), is reserved for crops harvested solely for the dry seed. This excludes green beans and green peas, which are considered vegetable crops. Also excluded are crops that are mainly grown for oil extraction	PULSES	False	True	https://ref.gs1.org/voc/AllergenTypeCode-SX	rdf:type + originalCodeValue + JSON sourceId/classId + GDSN codeListName/label
https://ref.gs1.org/voc/AllergenTypeCode-QUA	urn:gs1:std:gdsn:cv169106	type-and-original-code	AllergenTypeCode	QUA	169106	Quahaugs and its derivatives	Definition (includes Common Name): Refers to the presence of Quahaugs and its derivates in the product. - Family/Genus/Species: Veneridae/Mercenaria/M. mercenaria - Also known as: Cherrystones, Chowder Clams, Countnecks, Quahog, Quahaug, Hard-shell Clam, Ocean Quahog, Peanut Clam, Round Clam, Topnecks, Southern Quahog - Disclaimer: Refers to the presence of the allergen in the product, as listed in the regulations specified by an agency and specification or any local market regulations.	https://ref.gs1.org/voc/AllergenTypeCode	urn:gs1:std:gdsn:c-1513720680	Quahaugs and its derivatives	Refers to the presence of Quahaugs and its derivates in the product. - Family/Genus/Species: Veneridae/Mercenaria/M. mercenaria - Also known as: Cherrystones, Chowder Clams, Countnecks, Quahog, Quahaug, Hard-shell Clam, Ocean Quahog, Peanut Clam, Round Clam, Topnecks, Southern Quahog - Disclaimer: Refers to the presence of the allergen in the product, as listed in the regulations specified by an agency and specification or any local market regulations.	QUA	True	False		rdf:type + originalCodeValue + JSON sourceId/classId + GDSN codeListName/label
https://ref.gs1.org/voc/AllergenTypeCode-QUAHAUGS	urn:gs1:std:gdsn:cv169106	type-and-original-code	AllergenTypeCode	QUA	169106	Quahaugs and its derivatives	Definition (includes Common Name): Refers to the presence of Quahaugs and its derivates in the product. - Family/Genus/Species: Veneridae/Mercenaria/M. mercenaria - Also known as: Cherrystones, Chowder Clams, Countnecks, Quahog, Quahaug, Hard-shell Clam, Ocean Quahog, Peanut Clam, Round Clam, Topnecks, Southern Quahog - Disclaimer: Refers to the presence of the allergen in the product, as listed in the regulations specified by an agency and specification or any local market regulations.	https://ref.gs1.org/voc/AllergenTypeCode	urn:gs1:std:gdsn:c-1513720680	Quahaugs and its Derivatives	Refers to the presence of Quahaugs and its derivatives in the product, listed as listed in the regulations specified in AllergenSpecificationAgency and AllergenSpecificationName.	QUAHAUGS	False	True	https://ref.gs1.org/voc/AllergenTypeCode-QUA	rdf:type + originalCodeValue + JSON sourceId/classId + GDSN codeListName/label
https://ref.gs1.org/voc/AllergenTypeCode-ROCKFISH	urn:gs1:std:gdsn:cv169107	type-and-original-code	AllergenTypeCode	ROF	169107	Rockfish and its derivatives	Definition (includes Common Name): Refers to the presence of Rockfish and its derivates in the product. Rockfish is a common term for several species of fish, referring to their tendency to hide among rocks. - Family/Genus/Species: (various) - Also known as: Aurora Rockfish, Bank Rockfish, Black & Yellow Rockfish, Black Rockfish, Blackgill Rockfish, Blue Rockfish, Bocaccio, Bronzespotted Rockfish, Brown Rockfish, Calico Rockfish, Canary Rockfish, Chameleon Rockfish, Chilipepper (Fish), China Rockfish, Copper Rockfish, Cowcod, Darkblotched Rockfish, Dusky Rockfish, Dwarf-red Rockfish, Flag Rockfish, Freckled Rockfish, Gopher Rockfish, Grass Rockfish, Greenblotched Rockfish, Greenspotted Rockfish, Greenstriped Rockfish, Halfbanded Rockfish, Harlequin Rockfish, Honeycomb Rockfish, Kelp Rockfish, Mexican Rockfish, Northern Rockfish, Olive Rockfish, Pink Rockfish, Pinkrose Rockfish, Puget Sound Rockfish, Pygmy Rockfish, Quillback Rockfish, Red Rockfish, Redbanded Rockfish, Redstripe Rockfish, Rockfish, Rosethorn Rockfish, Rosy Rockfish, Rougheye Rockfish, Semaphore Rockfish, Sharpchin Rockfish, Shortbelly Rockfish, Shortraker Rockfish, Silvergray Rockfish, Speckled Rockfish, Splitnose Rockfish, Squarespot Rockfish, Starry Rockfish, Stripetail Rockfish, Swordspine Rockfish, Tiger Rockfish, Treefish, Vermilion Rockfish, Widow Rockfish, Yelloweye Rockfish, Yellowmouth Rockfish, Yellowtail Rockfish - Disclaimer: Refers to the presence of the allergen in the product, as listed in the regulations specified by an agency and specification or any local market regulations.	https://ref.gs1.org/voc/AllergenTypeCode	urn:gs1:std:gdsn:c-1513720680	Rockfish and its Derivatives	Refers to the presence of Rockfish and its derivatives in the product, as listed in the regulations specified in AllergenSpecificationAgency and AllergenSpecificationName.	ROCKFISH	False	True	https://ref.gs1.org/voc/AllergenTypeCode-ROF	rdf:type + originalCodeValue + JSON sourceId/classId + GDSN codeListName/label
https://ref.gs1.org/voc/AllergenTypeCode-ROF	urn:gs1:std:gdsn:cv169107	type-and-original-code	AllergenTypeCode	ROF	169107	Rockfish and its derivatives	Definition (includes Common Name): Refers to the presence of Rockfish and its derivates in the product. Rockfish is a common term for several species of fish, referring to their tendency to hide among rocks. - Family/Genus/Species: (various) - Also known as: Aurora Rockfish, Bank Rockfish, Black & Yellow Rockfish, Black Rockfish, Blackgill Rockfish, Blue Rockfish, Bocaccio, Bronzespotted Rockfish, Brown Rockfish, Calico Rockfish, Canary Rockfish, Chameleon Rockfish, Chilipepper (Fish), China Rockfish, Copper Rockfish, Cowcod, Darkblotched Rockfish, Dusky Rockfish, Dwarf-red Rockfish, Flag Rockfish, Freckled Rockfish, Gopher Rockfish, Grass Rockfish, Greenblotched Rockfish, Greenspotted Rockfish, Greenstriped Rockfish, Halfbanded Rockfish, Harlequin Rockfish, Honeycomb Rockfish, Kelp Rockfish, Mexican Rockfish, Northern Rockfish, Olive Rockfish, Pink Rockfish, Pinkrose Rockfish, Puget Sound Rockfish, Pygmy Rockfish, Quillback Rockfish, Red Rockfish, Redbanded Rockfish, Redstripe Rockfish, Rockfish, Rosethorn Rockfish, Rosy Rockfish, Rougheye Rockfish, Semaphore Rockfish, Sharpchin Rockfish, Shortbelly Rockfish, Shortraker Rockfish, Silvergray Rockfish, Speckled Rockfish, Splitnose Rockfish, Squarespot Rockfish, Starry Rockfish, Stripetail Rockfish, Swordspine Rockfish, Tiger Rockfish, Treefish, Vermilion Rockfish, Widow Rockfish, Yelloweye Rockfish, Yellowmouth Rockfish, Yellowtail Rockfish - Disclaimer: Refers to the presence of the allergen in the product, as listed in the regulations specified by an agency and specification or any local market regulations.	https://ref.gs1.org/voc/AllergenTypeCode	urn:gs1:std:gdsn:c-1513720680	Rockfish and its derivatives	Refers to the presence of Rockfish and its derivates in the product. Rockfish is a common term for several species of fish, referring to their tendency to hide among rocks. - Family/Genus/Species: (various) - Also known as: Aurora Rockfish, Bank Rockfish, Black & Yellow Rockfish, Black Rockfish, Blackgill Rockfish, Blue Rockfish, Bocaccio, Bronzespotted Rockfish, Brown Rockfish, Calico Rockfish, Canary Rockfish, Chameleon Rockfish, Chilipepper (Fish), China Rockfish, Copper Rockfish, Cowcod, Darkblotched Rockfish, Dusky Rockfish, Dwarf-red Rockfish, Flag Rockfish, Freckled Rockfish, Gopher Rockfish, Grass Rockfish, Greenblotched Rockfish, Greenspotted Rockfish, Greenstriped Rockfish, Halfbanded Rockfish, Harlequin Rockfish, Honeycomb Rockfish, Kelp Rockfish, Mexican Rockfish, Northern Rockfish, Olive Rockfish, Pink Rockfish, Pinkrose Rockfish, Puget Sound Rockfish, Pygmy Rockfish, Quillback Rockfish, Red Rockfish, Redbanded Rockfish, Redstripe Rockfish, Rockfish, Rosethorn Rockfish, Rosy Rockfish, Rougheye Rockfish, Semaphore Rockfish, Sharpchin Rockfish, Shortbelly Rockfish, Shortraker Rockfish, Silvergray Rockfish, Speckled Rockfish, Splitnose Rockfish, Squarespot Rockfish, Starry Rockfish, Stripetail Rockfish, Swordspine Rockfish, Tiger Rockfish, Treefish, Vermilion Rockfish, Widow Rockfish, Yelloweye Rockfish, Yellowmouth Rockfish, Yellowtail Rockfish - Disclaimer: Refers to the presence of the allergen in the product, as listed in the regulations specified by an agency and specification or any local market regulations.	ROF	True	False		rdf:type + originalCodeValue + JSON sourceId/classId + GDSN codeListName/label
https://ref.gs1.org/voc/AllergenTypeCode-RYE	urn:gs1:std:gdsn:cv169086	type-and-original-code	AllergenTypeCode	NR	169086	Rye and its derivatives	Definition (includes Common Name): Refers to the presence of Rye and its derivatives in the product. - Family/Genus/Species: Secale cereale. - Also known as: - Disclaimer: Refers to the presence of the allergen in the product, as listed in the regulations specified by an agency and specification or any local market regulations.	https://ref.gs1.org/voc/AllergenTypeCode	urn:gs1:std:gdsn:c-1513720680	Rye and Derivatives	Refers to the presence of rye and their derivatives in the product, as listed in as listed in the regulations specified in AllergenSpecificationAgency and AllergenSpecificationName	RYE	False	True	https://ref.gs1.org/voc/AllergenTypeCode-NR	rdf:type + originalCodeValue + JSON sourceId/classId + GDSN codeListName/label
https://ref.gs1.org/voc/AllergenTypeCode-SA	urn:gs1:std:gdsn:cv169108	type-and-original-code	AllergenTypeCode	SA	169108	Almonds and its derivatives	Definition (includes Common Name): Refers to the presence of almonds and its derivatives in the product. - Family/Genus/Species: Prunus dulcis. - Also known as: - Disclaimer: Refers to the presence of the allergen in the product, as listed in the regulations specified by an agency and specification or any local market regulations.	https://ref.gs1.org/voc/AllergenTypeCode	urn:gs1:std:gdsn:c-1513720680	Almonds and its derivatives	Refers to the presence of almonds and its derivatives in the product. - Family/Genus/Species: Prunus dulcis. - Also known as: - Disclaimer: Refers to the presence of the allergen in the product, as listed in the regulations specified by an agency and specification or any local market regulations.	SA	True	False		rdf:type + originalCodeValue + JSON sourceId/classId + GDSN codeListName/label
https://ref.gs1.org/voc/AllergenTypeCode-SAD	urn:gs1:std:gdsn:cv169109	type-and-original-code	AllergenTypeCode	SAD	169109	Sapucaia nuts and its derivatives	Definition (includes Common Name): Refers to the presence of Sapucaia nuts and its derivatives in the product. - Family/Genus/Species: Lecythis zabucajo. - Also known as: paradise nut. - Disclaimer: Refers to the presence of the allergen in the product, as listed in the regulations specified by an agency and specification or any local market regulations.	https://ref.gs1.org/voc/AllergenTypeCode	urn:gs1:std:gdsn:c-1513720680	Sapucaia nuts and its derivatives	Refers to the presence of Sapucaia nuts and its derivatives in the product. - Family/Genus/Species: Lecythis zabucajo. - Also known as: paradise nut. - Disclaimer: Refers to the presence of the allergen in the product, as listed in the regulations specified by an agency and specification or any local market regulations.	SAD	True	False		rdf:type + originalCodeValue + JSON sourceId/classId + GDSN codeListName/label
https://ref.gs1.org/voc/AllergenTypeCode-SALICYLATE	urn:gs1:std:gdsn:cv169141	type-and-original-code	AllergenTypeCode	SU	169141	Salicylate and its derivatives	Definition (includes Common Name): Refers to the presence of Salicylate and its derivatives in the product. - Family/Genus/Species: - Also known as: Salicylic acid. - Disclaimer: Refers to the presence of the allergen in the product, as listed in the regulations specified by an agency and specification or any local market regulations.	https://ref.gs1.org/voc/AllergenTypeCode	urn:gs1:std:gdsn:c-1513720680	Salicylate	Refers to the presence of Salicylate, a salt or ester of salicylic acid.	SALICYLATE	False	True	https://ref.gs1.org/voc/AllergenTypeCode-SU	rdf:type + originalCodeValue + JSON sourceId/classId + GDSN codeListName/label
https://ref.gs1.org/voc/AllergenTypeCode-SALMON	urn:gs1:std:gdsn:cv168974	type-and-original-code	AllergenTypeCode	ADR	168974	Salmon and its derivatives	Definition (includes Common Name): Refers to the presence of Salmon and its derivatives in the product. - Family/Genus/Species: Salmonidae subfamily Salmoninae/(various) - Also known as: Atlantic salmon, Chinook salmon, Chum salmon, Coho salmon, Masu salmon, Pacific Salmon, Pink salmon, Sockeye salmon - Disclaimer: Refers to the presence of the allergen in the product, as listed in the regulations specified by an agency and specification or any local market regulations.	https://ref.gs1.org/voc/AllergenTypeCode	urn:gs1:std:gdsn:c-1513720680	Salmon and its Derivatives	Refers to the presence of Salmon and their derivatives in the product, as listed as listed in the regulations specified in AllergenSpecificationAgency and AllergenSpecificationName.	SALMON	False	True	https://ref.gs1.org/voc/AllergenTypeCode-ADR	rdf:type + originalCodeValue + JSON sourceId/classId + GDSN codeListName/label
https://ref.gs1.org/voc/AllergenTypeCode-SAR	urn:gs1:std:gdsn:cv169110	type-and-original-code	AllergenTypeCode	SAR	169110	Sardine and its derivatives	Definition (includes Common Name): Refers to the presence of Sardine and its derivates in the product. - Family/Genus/Species: Clupeidae/(various) - Also known as: Australian Pilchard, European Pilchard, Japanese Pilchard, Pacific Sardine, South African Pilchard, False Pilchard, Fringescale Sardinella, Japanese Scaled Sardine, Oil Sardine, Orangespot Sardine, Perforated-scale Sardine, Redear Sardine, Scaled Sardine, Spanish Sardine, White Sardine - Disclaimer: Refers to the presence of the allergen in the product, as listed in the regulations specified by an agency and specification or any local market regulations.	https://ref.gs1.org/voc/AllergenTypeCode	urn:gs1:std:gdsn:c-1513720680	Sardine and its derivatives	Refers to the presence of Sardine and its derivates in the product. - Family/Genus/Species: Clupeidae/(various) - Also known as: Australian Pilchard, European Pilchard, Japanese Pilchard, Pacific Sardine, South African Pilchard, False Pilchard, Fringescale Sardinella, Japanese Scaled Sardine, Oil Sardine, Orangespot Sardine, Perforated-scale Sardine, Redear Sardine, Scaled Sardine, Spanish Sardine, White Sardine - Disclaimer: Refers to the presence of the allergen in the product, as listed in the regulations specified by an agency and specification or any local market regulations.	SAR	True	False		rdf:type + originalCodeValue + JSON sourceId/classId + GDSN codeListName/label
https://ref.gs1.org/voc/AllergenTypeCode-SARDINE	urn:gs1:std:gdsn:cv169110	type-and-original-code	AllergenTypeCode	SAR	169110	Sardine and its derivatives	Definition (includes Common Name): Refers to the presence of Sardine and its derivates in the product. - Family/Genus/Species: Clupeidae/(various) - Also known as: Australian Pilchard, European Pilchard, Japanese Pilchard, Pacific Sardine, South African Pilchard, False Pilchard, Fringescale Sardinella, Japanese Scaled Sardine, Oil Sardine, Orangespot Sardine, Perforated-scale Sardine, Redear Sardine, Scaled Sardine, Spanish Sardine, White Sardine - Disclaimer: Refers to the presence of the allergen in the product, as listed in the regulations specified by an agency and specification or any local market regulations.	https://ref.gs1.org/voc/AllergenTypeCode	urn:gs1:std:gdsn:c-1513720680	Sardine and its Derivatives	Refers to the presence of Sardine and its derivatives in the product, as listed in the regulations specified in AllergenSpecificationAgency and AllergenSpecificationName.	SARDINE	False	True	https://ref.gs1.org/voc/AllergenTypeCode-SAR	rdf:type + originalCodeValue + JSON sourceId/classId + GDSN codeListName/label
https://ref.gs1.org/voc/AllergenTypeCode-SB	urn:gs1:std:gdsn:cv169111	type-and-original-code	AllergenTypeCode	SB	169111	Seed Products and its derivatives	Definition (includes Common Name): Refers to the presence of Seed products and its derivatives in the product - Family/Genus/Species: - Also known as: - Disclaimer: Refers to the presence of the allergen in the product, as listed in the regulations specified by an agency and specification or any local market regulations.	https://ref.gs1.org/voc/AllergenTypeCode	urn:gs1:std:gdsn:c-1513720680	Seed Products and its derivatives	Refers to the presence of Seed products and its derivatives in the product - Family/Genus/Species: - Also known as: - Disclaimer: Refers to the presence of the allergen in the product, as listed in the regulations specified by an agency and specification or any local market regulations.	SB	True	False		rdf:type + originalCodeValue + JSON sourceId/classId + GDSN codeListName/label
https://ref.gs1.org/voc/AllergenTypeCode-SC	urn:gs1:std:gdsn:cv169112	type-and-original-code	AllergenTypeCode	SC	169112	Cashews and its derivatives	Definition (includes Common Name): Refers to the presence of Cashews and its derivatives in the product. - Family/Genus/Species: Anacardium occidentale. - Also known as: Cashew nut. - Disclaimer: Refers to the presence of the allergen in the product, as listed in the regulations specified by an agency and specification or any local market regulations.	https://ref.gs1.org/voc/AllergenTypeCode	urn:gs1:std:gdsn:c-1513720680	Cashews and its derivatives	Refers to the presence of Cashews and its derivatives in the product. - Family/Genus/Species: Anacardium occidentale. - Also known as: Cashew nut. - Disclaimer: Refers to the presence of the allergen in the product, as listed in the regulations specified by an agency and specification or any local market regulations.	SC	True	False		rdf:type + originalCodeValue + JSON sourceId/classId + GDSN codeListName/label
https://ref.gs1.org/voc/AllergenTypeCode-SCA	urn:gs1:std:gdsn:cv169113	type-and-original-code	AllergenTypeCode	SCA	169113	Scallops and its derivatives	Definition (includes Common Name): Refers to the presence of Scallops and its derivates in the product. - Family/Genus/Species: Pectinidae/Pecten/(various) - Also known as: Atlantic Calico Scallop, Atlantic Scallop, Australian Scallop, Bay Scallop, Common Japanese Scallop, Farrer's Scallop, Giant Scallop, Great Scallop, Iceland Scallop, Lined Scallop, New Zealand Commercial Scallop, Nucleus Scallop, Pacific Calico Scallop, Paper Scallop, Patagonian Scallop, Peruvian Calico Scallop, Peruvian Scallop, Queen Scallop, Reddish Scallop, Red-ribbed Scallop, San Diego Scallop, Scallop, Scallop Saucer, Sea Scallop, Southern Queen Scallop, Southern Scallop, Spiny Scallop, Thailand Moon scallop, Weathervane Scallop, White Scallop, Zigzag Scallop - Disclaimer: Refers to the presence of the allergen in the product, as listed in the regulations specified by an agency and specification or any local market regulations.	https://ref.gs1.org/voc/AllergenTypeCode	urn:gs1:std:gdsn:c-1513720680	Scallops and its derivatives	Refers to the presence of Scallops and its derivates in the product. - Family/Genus/Species: Pectinidae/Pecten/(various) - Also known as: Atlantic Calico Scallop, Atlantic Scallop, Australian Scallop, Bay Scallop, Common Japanese Scallop, Farrer's Scallop, Giant Scallop, Great Scallop, Iceland Scallop, Lined Scallop, New Zealand Commercial Scallop, Nucleus Scallop, Pacific Calico Scallop, Paper Scallop, Patagonian Scallop, Peruvian Calico Scallop, Peruvian Scallop, Queen Scallop, Reddish Scallop, Red-ribbed Scallop, San Diego Scallop, Scallop, Scallop Saucer, Sea Scallop, Southern Queen Scallop, Southern Scallop, Spiny Scallop, Thailand Moon scallop, Weathervane Scallop, White Scallop, Zigzag Scallop - Disclaimer: Refers to the presence of the allergen in the product, as listed in the regulations specified by an agency and specification or any local market regulations.	SCA	True	False		rdf:type + originalCodeValue + JSON sourceId/classId + GDSN codeListName/label
https://ref.gs1.org/voc/AllergenTypeCode-SCALLOPS	urn:gs1:std:gdsn:cv169113	type-and-original-code	AllergenTypeCode	SCA	169113	Scallops and its derivatives	Definition (includes Common Name): Refers to the presence of Scallops and its derivates in the product. - Family/Genus/Species: Pectinidae/Pecten/(various) - Also known as: Atlantic Calico Scallop, Atlantic Scallop, Australian Scallop, Bay Scallop, Common Japanese Scallop, Farrer's Scallop, Giant Scallop, Great Scallop, Iceland Scallop, Lined Scallop, New Zealand Commercial Scallop, Nucleus Scallop, Pacific Calico Scallop, Paper Scallop, Patagonian Scallop, Peruvian Calico Scallop, Peruvian Scallop, Queen Scallop, Reddish Scallop, Red-ribbed Scallop, San Diego Scallop, Scallop, Scallop Saucer, Sea Scallop, Southern Queen Scallop, Southern Scallop, Spiny Scallop, Thailand Moon scallop, Weathervane Scallop, White Scallop, Zigzag Scallop - Disclaimer: Refers to the presence of the allergen in the product, as listed in the regulations specified by an agency and specification or any local market regulations.	https://ref.gs1.org/voc/AllergenTypeCode	urn:gs1:std:gdsn:c-1513720680	Scallops and its Derivatives	Refers to the presence of Scallops and its derivatives in the product, as listed in the regulations specified in AllergenSpecificationAgency and AllergenSpecificationName.	SCALLOPS	False	True	https://ref.gs1.org/voc/AllergenTypeCode-SCA	rdf:type + originalCodeValue + JSON sourceId/classId + GDSN codeListName/label
https://ref.gs1.org/voc/AllergenTypeCode-SD	urn:gs1:std:gdsn:cv169114	type-and-original-code	AllergenTypeCode	SD	169114	Beech Nuts and its derivatives	Definition (includes Common Name): Refers to the presence of beech nuts and its derivatives in the product. - Family/Genus/Species: Fagus. - Also known as: Beech mast. - Disclaimer: Refers to the presence of the allergen in the product, as listed in the regulations specified by an agency and specification or any local market regulations.	https://ref.gs1.org/voc/AllergenTypeCode	urn:gs1:std:gdsn:c-1513720680	Beech Nuts and its derivatives	Refers to the presence of beech nuts and its derivatives in the product. - Family/Genus/Species: Fagus. - Also known as: Beech mast. - Disclaimer: Refers to the presence of the allergen in the product, as listed in the regulations specified by an agency and specification or any local market regulations.	SD	True	False		rdf:type + originalCodeValue + JSON sourceId/classId + GDSN codeListName/label
https://ref.gs1.org/voc/AllergenTypeCode-SDF	urn:gs1:std:gdsn:cv169115	type-and-original-code	AllergenTypeCode	SDF	169115	Scad fish and its derivatives	Definition (includes Common Name): Refers to the presence of Scad fish and its derivatives in the product. - Family/Genus/Species: Carangidae (order Perciformes) - Also known as: Mackerel Scad, Amberjack Scad, Jack Scad..etc.- Disclaimer: Refers to the presence of the allergen in the product, as listed in the regulations specified by an agency and specification or any local market regulations.	https://ref.gs1.org/voc/AllergenTypeCode	urn:gs1:std:gdsn:c-1513720680	Scad fish and its derivatives	Refers to the presence of Scad fish and its derivatives in the product. - Family/Genus/Species: Carangidae (order Perciformes) - Also known as: Mackerel Scad, Amberjack Scad, Jack Scad..etc.- Disclaimer: Refers to the presence of the allergen in the product, as listed in the regulations specified by an agency and specification or any local market regulations.	SDF	True	False		rdf:type + originalCodeValue + JSON sourceId/classId + GDSN codeListName/label
https://ref.gs1.org/voc/AllergenTypeCode-SE	urn:gs1:std:gdsn:cv169116	type-and-original-code	AllergenTypeCode	SE	169116	Butternuts and its derivatives	Definition (includes Common Name): Refers to the presence of butternuts and its derivatives in the product. - Family/Genus/Species: Juglans cinerea. - Also known as: White walnut. - Disclaimer: Refers to the presence of the allergen in the product, as listed in the regulations specified by an agency and specification or any local market regulations.	https://ref.gs1.org/voc/AllergenTypeCode	urn:gs1:std:gdsn:c-1513720680	Butternuts and its derivatives	Refers to the presence of butternuts and its derivatives in the product. - Family/Genus/Species: Juglans cinerea. - Also known as: White walnut. - Disclaimer: Refers to the presence of the allergen in the product, as listed in the regulations specified by an agency and specification or any local market regulations.	SE	True	False		rdf:type + originalCodeValue + JSON sourceId/classId + GDSN codeListName/label
https://ref.gs1.org/voc/AllergenTypeCode-SEED_PRODUCTS	urn:gs1:std:gdsn:cv169111	type-and-original-code	AllergenTypeCode	SB	169111	Seed Products and its derivatives	Definition (includes Common Name): Refers to the presence of Seed products and its derivatives in the product - Family/Genus/Species: - Also known as: - Disclaimer: Refers to the presence of the allergen in the product, as listed in the regulations specified by an agency and specification or any local market regulations.	https://ref.gs1.org/voc/AllergenTypeCode	urn:gs1:std:gdsn:c-1513720680	Seed Products	Refers to the presence of seed products as listed in the regulations specified in AllergenSpecificationAgency and AllergenSpecificationName	SEED_PRODUCTS	False	True	https://ref.gs1.org/voc/AllergenTypeCode-SB	rdf:type + originalCodeValue + JSON sourceId/classId + GDSN codeListName/label
https://ref.gs1.org/voc/AllergenTypeCode-SESAME_SEEDS	urn:gs1:std:gdsn:cv168991	type-and-original-code	AllergenTypeCode	AS	168991	Sesame Seeds and its derivatives	Definition (includes Common Name): Refers to the presence of Sesame seeds or its derivatives in the product, as listed in in the product - Family/Genus/Species: Sesamum. - Also known as: - Disclaimer: Refers to the presence of the allergen in the product, as listed in the regulations specified by an agency and specification or any local market regulations.	https://ref.gs1.org/voc/AllergenTypeCode	urn:gs1:std:gdsn:c-1513720680	Sesame Seeds or Their Derivatives	Refers to the presence of sesame seeds or their derivatives in the product, as listed in as listed in the regulations specified in AllergenSpecificationAgency and AllergenSpecificationName	SESAME_SEEDS	False	True	https://ref.gs1.org/voc/AllergenTypeCode-AS	rdf:type + originalCodeValue + JSON sourceId/classId + GDSN codeListName/label
https://ref.gs1.org/voc/AllergenTypeCode-SF	urn:gs1:std:gdsn:cv169117	type-and-original-code	AllergenTypeCode	SF	169117	Chinquapins and its derivatives	Definition (includes Common Name): Refers to the presence of Chinquapins and its derivatives in the product. - Family/Genus/Species: Castanea pumila. - Also known as: Allegheny chinquapin, American chinquapin and Dwarf Chetsnut. - Disclaimer: Refers to the presence of the allergen in the product, as listed in the regulations specified by an agency and specification or any local market regulations.	https://ref.gs1.org/voc/AllergenTypeCode	urn:gs1:std:gdsn:c-1513720680	Chinquapins and its derivatives	Refers to the presence of Chinquapins and its derivatives in the product. - Family/Genus/Species: Castanea pumila. - Also known as: Allegheny chinquapin, American chinquapin and Dwarf Chetsnut. - Disclaimer: Refers to the presence of the allergen in the product, as listed in the regulations specified by an agency and specification or any local market regulations.	SF	True	False		rdf:type + originalCodeValue + JSON sourceId/classId + GDSN codeListName/label
https://ref.gs1.org/voc/AllergenTypeCode-SFD	urn:gs1:std:gdsn:cv169118	type-and-original-code	AllergenTypeCode	SFD	169118	Swai fish and its derivatives	Definition (includes Common Name): Refers to the presence of Swai and its Derivatives in the product. - Family/Genus/Species: Pangasiidae/Pangasianodon/hypophthalmus - Also known as: Sutchi Catfish, Swai, Sutchi, Striped Pangasius, Tra - Disclaimer: Refers to the presence of the allergen in the product, as listed in the regulations specified by an agency and specification or any local market regulations.	https://ref.gs1.org/voc/AllergenTypeCode	urn:gs1:std:gdsn:c-1513720680	Swai fish and its derivatives	Refers to the presence of Swai and its Derivatives in the product. - Family/Genus/Species: Pangasiidae/Pangasianodon/hypophthalmus - Also known as: Sutchi Catfish, Swai, Sutchi, Striped Pangasius, Tra - Disclaimer: Refers to the presence of the allergen in the product, as listed in the regulations specified by an agency and specification or any local market regulations.	SFD	True	False		rdf:type + originalCodeValue + JSON sourceId/classId + GDSN codeListName/label
https://ref.gs1.org/voc/AllergenTypeCode-SFT	urn:gs1:std:gdsn:cv169119	type-and-original-code	AllergenTypeCode	SFT	169119	Spinefoot fish and its derivatives	Definition (includes Common Name): Refers to the presence of Spinefoot and its Derivatives in the product. - Family/Genus/Species: Siganidae/Siganus/(various) - Also known as: Bluespotted Spinefish, Foxface, Pearly Spinefoot, Rabbitfish, Streaked Spinefoot, Spinefoot - Disclaimer: Refers to the presence of the allergen in the product, as listed in the regulations specified by an agency and specification or any local market regulations.	https://ref.gs1.org/voc/AllergenTypeCode	urn:gs1:std:gdsn:c-1513720680	Spinefoot fish and its derivatives	Refers to the presence of Spinefoot and its Derivatives in the product. - Family/Genus/Species: Siganidae/Siganus/(various) - Also known as: Bluespotted Spinefish, Foxface, Pearly Spinefoot, Rabbitfish, Streaked Spinefoot, Spinefoot - Disclaimer: Refers to the presence of the allergen in the product, as listed in the regulations specified by an agency and specification or any local market regulations.	SFT	True	False		rdf:type + originalCodeValue + JSON sourceId/classId + GDSN codeListName/label
https://ref.gs1.org/voc/AllergenTypeCode-SG	urn:gs1:std:gdsn:cv169120	type-and-original-code	AllergenTypeCode	SG	169120	Ginkgo Nuts and its derivatives	Definition (includes Common Name): Refers to the presence of Ginkgo nuts and its derivatives in the product. - Family/Genus/Species: Ginkgo. - Also known as: Ginkgo seeds, Gingko. - Disclaimer: Refers to the presence of the allergen in the product, as listed in the regulations specified by an agency and specification or any local market regulations.	https://ref.gs1.org/voc/AllergenTypeCode	urn:gs1:std:gdsn:c-1513720680	Ginkgo Nuts and its derivatives	Refers to the presence of Ginkgo nuts and its derivatives in the product. - Family/Genus/Species: Ginkgo. - Also known as: Ginkgo seeds, Gingko. - Disclaimer: Refers to the presence of the allergen in the product, as listed in the regulations specified by an agency and specification or any local market regulations.	SG	True	False		rdf:type + originalCodeValue + JSON sourceId/classId + GDSN codeListName/label
https://ref.gs1.org/voc/AllergenTypeCode-SH	urn:gs1:std:gdsn:cv169121	type-and-original-code	AllergenTypeCode	SH	169121	Hazelnuts and its derivatives	Definition (includes Common Name): Refers to the presence of Hazelnuts and its derivatives in the product. - Family/Genus/Species: Corylus. - Also known as: Cobnuts, Filberts. - Disclaimer: Refers to the presence of the allergen in the product, as listed in the regulations specified by an agency and specification or any local market regulations.	https://ref.gs1.org/voc/AllergenTypeCode	urn:gs1:std:gdsn:c-1513720680	Hazelnuts and its derivatives	Refers to the presence of Hazelnuts and its derivatives in the product. - Family/Genus/Species: Corylus. - Also known as: Cobnuts, Filberts. - Disclaimer: Refers to the presence of the allergen in the product, as listed in the regulations specified by an agency and specification or any local market regulations.	SH	True	False		rdf:type + originalCodeValue + JSON sourceId/classId + GDSN codeListName/label
https://ref.gs1.org/voc/AllergenTypeCode-SHARK	urn:gs1:std:gdsn:cv169123	type-and-original-code	AllergenTypeCode	SHK	169123	Shark and its derivatives	Definition (includes Common Name): Refers to the presence of Shark and its derivates in the product. - Family/Genus/Species: (various) - Also known as: Atlantic Angel Shark, Basking Shark, Bigeye Thresher Shark, Bignose Shark, Black Dogfish, Blacknose Shark, Blacktip Reef Shark, Blacktip Shark, Blue Shark, Bonnethead, Brown Smoothhound, Bull Shark, Catshark, Common Thresher Shark, Dogfish Shark, Dusky Shark, Finetooth Shark, Gray Reef Shark, Great Hammerhead, Great White Shark, Grey Smoothhound, Hammerhead Shark, Large Spotted Dogfish, Lemon Shark, Leopard Shark, Lesser Spotted Dogfish, Longfin Mako Shark, Mako Shark, Narrowtoothed Shark, Night Shark, Northern Dogfish, Pacific Angel Shark, Pelagic Thresher Shark, Porbeagle, Reef Shark, Salmon Shark, Sandbar Shark, Scalloped Hammerhead, School Shark, Sevengill Shark, Shortfin Mako Shark, Silky Shark, Silvertip Shark, Sixgill Shark, Smalleye Hammerhead, Smalltail Shark, Smooth Dogfish, Smooth Hammerhead, Spinner Shark, Spiny Dogfish, Thresher Shark, Tiger Shark, White Shark, Whitetip Reef Shark, Whitetip Shark - Disclaimer: Refers to the presence of the allergen in the product, as listed in the regulations specified by an agency and specification or any local market regulations.	https://ref.gs1.org/voc/AllergenTypeCode	urn:gs1:std:gdsn:c-1513720680	Shark and its Derivatives	Refers to the presence of Shark and its derivatives in the product, as listed in the regulations specified in AllergenSpecificationAgency and AllergenSpecificationName.	SHARK	False	True	https://ref.gs1.org/voc/AllergenTypeCode-SHK	rdf:type + originalCodeValue + JSON sourceId/classId + GDSN codeListName/label
https://ref.gs1.org/voc/AllergenTypeCode-SHD	urn:gs1:std:gdsn:cv169122	type-and-original-code	AllergenTypeCode	SHD	169122	Sheephead fish and its derivatives	Definition (includes Common Name): Refers to the presence of Sheephead and its Derivatives in the product. - Family/Genus/Species: Labridae/Semicossyphus/darwini or pulcher or reticulatus - Also known as: Sheephead, California Sheephead, Galápagos sheephead, Goldspot sheepshead, Asian sheepshead wrasse - Disclaimer: Refers to the presence of the allergen in the product, as listed in the regulations specified by an agency and specification or any local market regulations.	https://ref.gs1.org/voc/AllergenTypeCode	urn:gs1:std:gdsn:c-1513720680	Sheephead fish and its derivatives	Refers to the presence of Sheephead and its Derivatives in the product. - Family/Genus/Species: Labridae/Semicossyphus/darwini or pulcher or reticulatus - Also known as: Sheephead, California Sheephead, Galápagos sheephead, Goldspot sheepshead, Asian sheepshead wrasse - Disclaimer: Refers to the presence of the allergen in the product, as listed in the regulations specified by an agency and specification or any local market regulations.	SHD	True	False		rdf:type + originalCodeValue + JSON sourceId/classId + GDSN codeListName/label
https://ref.gs1.org/voc/AllergenTypeCode-SHEA_NUTS	urn:gs1:std:gdsn:cv169125	type-and-original-code	AllergenTypeCode	SJ	169125	Shea Nuts and its derivatives	Definition (includes Common Name): Refers to the presence of Shea nuts and its derivatives in the product. - Family/Genus/Species: Vitellaria paradoxa. - Also known as: Shi nut. - Disclaimer: Refers to the presence of the allergen in the product, as listed in the regulations specified by an agency and specification or any local market regulations.	https://ref.gs1.org/voc/AllergenTypeCode	urn:gs1:std:gdsn:c-1513720680	Shea Nuts and Their Derivatives	Refers to the presence of Shea nuts [Vitellaria paradoxa C.F. Gaertn. (Sapotaceae)] and their derivatives in the product, as listed as listed in the regulations specified in AllergenSpecificationAgency and AllergenSpecificationName.	SHEA_NUTS	False	True	https://ref.gs1.org/voc/AllergenTypeCode-SJ	rdf:type + originalCodeValue + JSON sourceId/classId + GDSN codeListName/label
https://ref.gs1.org/voc/AllergenTypeCode-SHELLFISH	urn:gs1:std:gdsn:cv169151	type-and-original-code	AllergenTypeCode	UN	169151	Shellfish and its derivatives	Definition (includes Common Name): Refers to the presence of Shellfish in the product. Shellfish is a colloquial and fisheries term for exoskeleton-bearing aquatic invertebrates used as food, including various species of molluscs, crustaceans, and echinoderms. - Family/Genus/Species: (various) - Also known as: (various) - Disclaimer: Refers to the presence of the allergen in the product, as listed in the regulations specified by an agency and specification or any local market regulations.	https://ref.gs1.org/voc/AllergenTypeCode	urn:gs1:std:gdsn:c-1513720680	Shellfish and its Derivatives	Refers to the presence of shellfish and its derivatives as listed in the regulations specified in AllergenSpecificationAgency and AllergenSpecificationName.	SHELLFISH	False	True	https://ref.gs1.org/voc/AllergenTypeCode-UN	rdf:type + originalCodeValue + JSON sourceId/classId + GDSN codeListName/label
https://ref.gs1.org/voc/AllergenTypeCode-SHK	urn:gs1:std:gdsn:cv169123	type-and-original-code	AllergenTypeCode	SHK	169123	Shark and its derivatives	Definition (includes Common Name): Refers to the presence of Shark and its derivates in the product. - Family/Genus/Species: (various) - Also known as: Atlantic Angel Shark, Basking Shark, Bigeye Thresher Shark, Bignose Shark, Black Dogfish, Blacknose Shark, Blacktip Reef Shark, Blacktip Shark, Blue Shark, Bonnethead, Brown Smoothhound, Bull Shark, Catshark, Common Thresher Shark, Dogfish Shark, Dusky Shark, Finetooth Shark, Gray Reef Shark, Great Hammerhead, Great White Shark, Grey Smoothhound, Hammerhead Shark, Large Spotted Dogfish, Lemon Shark, Leopard Shark, Lesser Spotted Dogfish, Longfin Mako Shark, Mako Shark, Narrowtoothed Shark, Night Shark, Northern Dogfish, Pacific Angel Shark, Pelagic Thresher Shark, Porbeagle, Reef Shark, Salmon Shark, Sandbar Shark, Scalloped Hammerhead, School Shark, Sevengill Shark, Shortfin Mako Shark, Silky Shark, Silvertip Shark, Sixgill Shark, Smalleye Hammerhead, Smalltail Shark, Smooth Dogfish, Smooth Hammerhead, Spinner Shark, Spiny Dogfish, Thresher Shark, Tiger Shark, White Shark, Whitetip Reef Shark, Whitetip Shark - Disclaimer: Refers to the presence of the allergen in the product, as listed in the regulations specified by an agency and specification or any local market regulations.	https://ref.gs1.org/voc/AllergenTypeCode	urn:gs1:std:gdsn:c-1513720680	Shark and its derivatives	Refers to the presence of Shark and its derivates in the product. - Family/Genus/Species: (various) - Also known as: Atlantic Angel Shark, Basking Shark, Bigeye Thresher Shark, Bignose Shark, Black Dogfish, Blacknose Shark, Blacktip Reef Shark, Blacktip Shark, Blue Shark, Bonnethead, Brown Smoothhound, Bull Shark, Catshark, Common Thresher Shark, Dogfish Shark, Dusky Shark, Finetooth Shark, Gray Reef Shark, Great Hammerhead, Great White Shark, Grey Smoothhound, Hammerhead Shark, Large Spotted Dogfish, Lemon Shark, Leopard Shark, Lesser Spotted Dogfish, Longfin Mako Shark, Mako Shark, Narrowtoothed Shark, Night Shark, Northern Dogfish, Pacific Angel Shark, Pelagic Thresher Shark, Porbeagle, Reef Shark, Salmon Shark, Sandbar Shark, Scalloped Hammerhead, School Shark, Sevengill Shark, Shortfin Mako Shark, Silky Shark, Silvertip Shark, Sixgill Shark, Smalleye Hammerhead, Smalltail Shark, Smooth Dogfish, Smooth Hammerhead, Spinner Shark, Spiny Dogfish, Thresher Shark, Tiger Shark, White Shark, Whitetip Reef Shark, Whitetip Shark - Disclaimer: Refers to the presence of the allergen in the product, as listed in the regulations specified by an agency and specification or any local market regulations.	SHK	True	False		rdf:type + originalCodeValue + JSON sourceId/classId + GDSN codeListName/label
https://ref.gs1.org/voc/AllergenTypeCode-SHRIMP	urn:gs1:std:gdsn:cv168956	type-and-original-code	AllergenTypeCode	ABL	168956	Shrimp and its derivatives	Definition (includes Common Name): Refers to the presence of Shrimp and its derivatives in the product. The terms shrimp and prawn are common names, not scientific names. They are vernacular or colloquial terms which lack the formal definition of scientific terms. They are not taxa, but are terms of convenience with little circumscriptional significance. There is no reason to avoid using the terms shrimp or prawn when convenient, but it is important not to confuse them with the names or relationships of actual taxa. - Family/Genus/Species: (various) - Also known as: Akiami Paste Shrimp, Argentine Red Shrimp, Atlantic Seabob, Bigclaw River Shrimp, Blue Shrimp, Brown Rock Shrimp, Brown Shrimp, California Shrimp, Chinese White Shrimp, Cinnamon River Shrimp, Common Shrimp, Coonstriped Shrimp, Deep-water Rose Shrimp, Deep-water Rose Shrimp, Endeavour Shrimp, Golden Shrimp, Greasyback Shrimp, Humpy Shrimp, Jinga Shrimp, Kadal Shrimp, Kiddi Shrimp, Knife Shrimp, Kolibri Shrimp, Marsh Grass Shrimp, Northern Shrimp, Ocean Shrimp, Ohio Shrimp, Pink Shrimp, Pinkspotted Shrimp, Rainbow Shrimp, Royal Red Shrimp, Sakura Shrimp, Seven-spine Bay Shrimp, Sidestriped Shrimp, Smooth Nylon Shrimp, Southern Brown Shrimp, Southern White Shrimp, Speckled Shrimp, Spot Shrimp, Spot-tail Mantis Shrimp, Titi Shrimp, Western White Shrimp, White Shrimp, Whiteleg Shrimp, Tiger Shrimp, Shrimp - Disclaimer: Refers to the presence of the allergen in the product, as listed in the regulations specified by an agency and specification or any local market regulations.	https://ref.gs1.org/voc/AllergenTypeCode	urn:gs1:std:gdsn:c-1513720680	Shrimp and its Derivatives	Refers to the presence of Shrimp and their derivatives in the product, as listed as listed in the regulations specified in AllergenSpecificationAgency and AllergenSpecificationName.	SHRIMP	False	True	https://ref.gs1.org/voc/AllergenTypeCode-ABL	rdf:type + originalCodeValue + JSON sourceId/classId + GDSN codeListName/label
https://ref.gs1.org/voc/AllergenTypeCode-SI	urn:gs1:std:gdsn:cv169124	type-and-original-code	AllergenTypeCode	SI	169124	Hickory Nuts and its derivatives	Definition (includes Common Name): Refers to the presence of hickory nuts and its derivatives in the product. - Family/Genus/Species: Carya. - Also known as: - Disclaimer: Refers to the presence of the allergen in the product, as listed in the regulations specified by an agency and specification or any local market regulations.	https://ref.gs1.org/voc/AllergenTypeCode	urn:gs1:std:gdsn:c-1513720680	Hickory Nuts and its derivatives	Refers to the presence of hickory nuts and its derivatives in the product. - Family/Genus/Species: Carya. - Also known as: - Disclaimer: Refers to the presence of the allergen in the product, as listed in the regulations specified by an agency and specification or any local market regulations.	SI	True	False		rdf:type + originalCodeValue + JSON sourceId/classId + GDSN codeListName/label
https://ref.gs1.org/voc/AllergenTypeCode-SJ	urn:gs1:std:gdsn:cv169125	type-and-original-code	AllergenTypeCode	SJ	169125	Shea Nuts and its derivatives	Definition (includes Common Name): Refers to the presence of Shea nuts and its derivatives in the product. - Family/Genus/Species: Vitellaria paradoxa. - Also known as: Shi nut. - Disclaimer: Refers to the presence of the allergen in the product, as listed in the regulations specified by an agency and specification or any local market regulations.	https://ref.gs1.org/voc/AllergenTypeCode	urn:gs1:std:gdsn:c-1513720680	Shea Nuts and its derivatives	Refers to the presence of Shea nuts and its derivatives in the product. - Family/Genus/Species: Vitellaria paradoxa. - Also known as: Shi nut. - Disclaimer: Refers to the presence of the allergen in the product, as listed in the regulations specified by an agency and specification or any local market regulations.	SJ	True	False		rdf:type + originalCodeValue + JSON sourceId/classId + GDSN codeListName/label
https://ref.gs1.org/voc/AllergenTypeCode-SK	urn:gs1:std:gdsn:cv169126	type-and-original-code	AllergenTypeCode	SK	169126	Pili Nuts and its derivatives	Definition (includes Common Name): Refers to the presence of Pili nuts and its derivatives in the product. - Family/Genus/Species: Canarium ovatum. - Also known as: Pili seeds. - Disclaimer: Refers to the presence of the allergen in the product, as listed in the regulations specified by an agency and specification or any local market regulations.	https://ref.gs1.org/voc/AllergenTypeCode	urn:gs1:std:gdsn:c-1513720680	Pili Nuts and its derivatives	Refers to the presence of Pili nuts and its derivatives in the product. - Family/Genus/Species: Canarium ovatum. - Also known as: Pili seeds. - Disclaimer: Refers to the presence of the allergen in the product, as listed in the regulations specified by an agency and specification or any local market regulations.	SK	True	False		rdf:type + originalCodeValue + JSON sourceId/classId + GDSN codeListName/label
https://ref.gs1.org/voc/AllergenTypeCode-SL	urn:gs1:std:gdsn:cv169127	type-and-original-code	AllergenTypeCode	SL	169127	Lichee Nuts and its derivatives	Definition (includes Common Name): Refers to the presence of Lichee nuts and its derivatives in the product. - Family/Genus/Species: Litchi chinensis. - Also known as: Lichee seeds. - Disclaimer: Refers to the presence of the allergen in the product, as listed in the regulations specified by an agency and specification or any local market regulations.	https://ref.gs1.org/voc/AllergenTypeCode	urn:gs1:std:gdsn:c-1513720680	Lichee Nuts and its derivatives	Refers to the presence of Lichee nuts and its derivatives in the product. - Family/Genus/Species: Litchi chinensis. - Also known as: Lichee seeds. - Disclaimer: Refers to the presence of the allergen in the product, as listed in the regulations specified by an agency and specification or any local market regulations.	SL	True	False		rdf:type + originalCodeValue + JSON sourceId/classId + GDSN codeListName/label
https://ref.gs1.org/voc/AllergenTypeCode-SM	urn:gs1:std:gdsn:cv169128	type-and-original-code	AllergenTypeCode	SM	169128	Macadamia Nuts and its derivatives	Definition (includes Common Name): Refers to the presence of Macadamia nuts and its derivatives in the product. - Family/Genus/Species: Macadamia. - Also known as: Queensland nut, Bush nut, Maroochi nut, Bauple nut and Hawaii nut. - Disclaimer: Refers to the presence of the allergen in the product, as listed in the regulations specified by an agency and specification or any local market regulations.	https://ref.gs1.org/voc/AllergenTypeCode	urn:gs1:std:gdsn:c-1513720680	Macadamia Nuts and its derivatives	Refers to the presence of Macadamia nuts and its derivatives in the product. - Family/Genus/Species: Macadamia. - Also known as: Queensland nut, Bush nut, Maroochi nut, Bauple nut and Hawaii nut. - Disclaimer: Refers to the presence of the allergen in the product, as listed in the regulations specified by an agency and specification or any local market regulations.	SM	True	False		rdf:type + originalCodeValue + JSON sourceId/classId + GDSN codeListName/label
https://ref.gs1.org/voc/AllergenTypeCode-SMELT	urn:gs1:std:gdsn:cv169130	type-and-original-code	AllergenTypeCode	SMT	169130	Smelt and its derivatives	Definition (includes Common Name): Refers to the presence of Smelt and its derivates in the product. - Family/Genus/Species: Osmeridae/(various) - Also known as: Arctic Smelt, Argetine Smelt, Austrailian Smelt, Ayu, Big-Scale Smelt, Cucumberfish, Deepsea Smelt, Delta Smelt, Eulachon, European Smelt, Freshwater Smelt, Great Silver Smelt, Herring Smelt, Jacksmelt, Lesser Silver Smelt, Longfin Smelt, New Zealand Smelt, Night Smelt, Rainbow Smelt, Seep-sea Smelt, Smelt, Surf Smelt, Topsmelt, Typical Smelt, Whitebait Smelt - Disclaimer: Refers to the presence of the allergen in the product, as listed in the regulations specified by an agency and specification or any local market regulations.	https://ref.gs1.org/voc/AllergenTypeCode	urn:gs1:std:gdsn:c-1513720680	Smelt and its Derivatives	Refers to the presence of Smelt and its derivatives in the product, as listed in the regulations specified in AllergenSpecificationAgency and AllergenSpecificationName.	SMELT	False	True	https://ref.gs1.org/voc/AllergenTypeCode-SMT	rdf:type + originalCodeValue + JSON sourceId/classId + GDSN codeListName/label
https://ref.gs1.org/voc/AllergenTypeCode-SMF	urn:gs1:std:gdsn:cv169129	type-and-original-code	AllergenTypeCode	SMF	169129	Schoolmaster fish and its derivatives	Definition (includes Common Name): Refers to the presence of Schoolmaster and its Derivatives in the product. - Family/Genus/Species: Lutjanidae/Lutjanus/apodus - Also known as: Schoolmaster, Schoolmaster snapper - Disclaimer: Refers to the presence of the allergen in the product, as listed in the regulations specified by an agency and specification or any local market regulations.	https://ref.gs1.org/voc/AllergenTypeCode	urn:gs1:std:gdsn:c-1513720680	Schoolmaster fish and its derivatives	Refers to the presence of Schoolmaster and its Derivatives in the product. - Family/Genus/Species: Lutjanidae/Lutjanus/apodus - Also known as: Schoolmaster, Schoolmaster snapper - Disclaimer: Refers to the presence of the allergen in the product, as listed in the regulations specified by an agency and specification or any local market regulations.	SMF	True	False		rdf:type + originalCodeValue + JSON sourceId/classId + GDSN codeListName/label
https://ref.gs1.org/voc/AllergenTypeCode-SMR	urn:gs1:std:gdsn:cv169134	type-and-original-code	AllergenTypeCode	SMR	169134	Salmon roe	"Definition (includes Common Name): Refers to the presence of Salmon roe and its derivatives in the product, as listed in in the product. - Family/Genus/Species: Salmo - Also known as: Salmon caviar, red
caviar, or ikura - Disclaimer: Refers to the presence of the allergen in the product, as listed in the regulations specified by an agency and specification or any local market regulations."	https://ref.gs1.org/voc/AllergenTypeCode	urn:gs1:std:gdsn:c-1513720680	Salmon roe	Refers to the presence of Salmon roe and its derivatives in the product, as listed in in the product. - Family/Genus/Species: Salmo - Also known as: Salmon caviar, red caviar, or ikura - Disclaimer: Refers to the presence of the allergen in the product, as listed in the regulations specified by an agency and specification or any local market regulations.	SMR	True	False		rdf:type + originalCodeValue + JSON sourceId/classId + GDSN codeListName/label
https://ref.gs1.org/voc/AllergenTypeCode-SMT	urn:gs1:std:gdsn:cv169130	type-and-original-code	AllergenTypeCode	SMT	169130	Smelt and its derivatives	Definition (includes Common Name): Refers to the presence of Smelt and its derivates in the product. - Family/Genus/Species: Osmeridae/(various) - Also known as: Arctic Smelt, Argetine Smelt, Austrailian Smelt, Ayu, Big-Scale Smelt, Cucumberfish, Deepsea Smelt, Delta Smelt, Eulachon, European Smelt, Freshwater Smelt, Great Silver Smelt, Herring Smelt, Jacksmelt, Lesser Silver Smelt, Longfin Smelt, New Zealand Smelt, Night Smelt, Rainbow Smelt, Seep-sea Smelt, Smelt, Surf Smelt, Topsmelt, Typical Smelt, Whitebait Smelt - Disclaimer: Refers to the presence of the allergen in the product, as listed in the regulations specified by an agency and specification or any local market regulations.	https://ref.gs1.org/voc/AllergenTypeCode	urn:gs1:std:gdsn:c-1513720680	Smelt and its derivatives	Refers to the presence of Smelt and its derivates in the product. - Family/Genus/Species: Osmeridae/(various) - Also known as: Arctic Smelt, Argetine Smelt, Austrailian Smelt, Ayu, Big-Scale Smelt, Cucumberfish, Deepsea Smelt, Delta Smelt, Eulachon, European Smelt, Freshwater Smelt, Great Silver Smelt, Herring Smelt, Jacksmelt, Lesser Silver Smelt, Longfin Smelt, New Zealand Smelt, Night Smelt, Rainbow Smelt, Seep-sea Smelt, Smelt, Surf Smelt, Topsmelt, Typical Smelt, Whitebait Smelt - Disclaimer: Refers to the presence of the allergen in the product, as listed in the regulations specified by an agency and specification or any local market regulations.	SMT	True	False		rdf:type + originalCodeValue + JSON sourceId/classId + GDSN codeListName/label
https://ref.gs1.org/voc/AllergenTypeCode-SN	urn:gs1:std:gdsn:cv169131	type-and-original-code	AllergenTypeCode	SN	169131	Chestnuts and its derivatives	Definition (includes Common Name): Refers to the presence of chestnuts and its derivatives in the product. - Family/Genus/Species: Castanea. - Also known as: Sardian nut, Jupiter's nut, and Spanish chestnut. - Disclaimer: Refers to the presence of the allergen in the product, as listed in the regulations specified by an agency and specification or any local market regulations.	https://ref.gs1.org/voc/AllergenTypeCode	urn:gs1:std:gdsn:c-1513720680	Chestnuts and its derivatives	Refers to the presence of chestnuts and its derivatives in the product. - Family/Genus/Species: Castanea. - Also known as: Sardian nut, Jupiter's nut, and Spanish chestnut. - Disclaimer: Refers to the presence of the allergen in the product, as listed in the regulations specified by an agency and specification or any local market regulations.	SN	True	False		rdf:type + originalCodeValue + JSON sourceId/classId + GDSN codeListName/label
https://ref.gs1.org/voc/AllergenTypeCode-SNAPPER	urn:gs1:std:gdsn:cv168975	type-and-original-code	AllergenTypeCode	ADS	168975	Snapper and its derivatives	Definition (includes Common Name): Refers to the presence of Snapper and its derivatives in the product. - Family/Genus/Species: Lutjanidae/(various) - Also known as: African Forktail Snapper, Amarillo Snapper, Black and White Snapper, Black Snapper, Blackfin Snapper, Blacktail Snapper, Bloodred Snapper, Blubberlip Snapper, Bluestriped Snapper, Cardinal Snapper, Caribbean Red Snapper, Chinamanfish, Colorado Snapper, Crimson Jobfish, Crimson Snapper, Cubera Snapper, Cunera Snapper, Dog Snapper, Emperor Snapper, Five-lined Snapper, Goldbanded Jobfish, Golden Snapper, Goldeneye Jobfish, Gold-striped Snapper, Gray Snapper, Green Jobfish, Humpback Snapper, John's Snapper, Lane Snapper, Lavender Jobfish, Mahogany Snapper, Malabar Snapper, Mangrove Red Snapper, Midnight Snapper, Mullet Snapper, Mutton Snapper, Oblique-banded Snapper, Onespot Snapper, Pacific Dog Snapper, Pacific Snapper, Pinjalo, Pink Snapper, Queen Snapper, Red Snapper, Rose Snapper, Ruby Snapper, Rufous Snapper, Rusty Jobfish, Saddleback Snapper, Sailfin Snapper, Sharptooth Jobfish, Silk Snapper, Smalltooth Jobfish, Snapper, Twinspot Snapper, Vermilion Snapper, Wenchman, Yellowstripe Snapper, Yellowtail Blue Snapper, Yellowtail Snapper - Disclaimer: Refers to the presence of the allergen in the product, as listed in the regulations specified by an agency and specification or any local market regulations.	https://ref.gs1.org/voc/AllergenTypeCode	urn:gs1:std:gdsn:c-1513720680	Snapper and its Derivatives	Refers to the presence of Snapper and their derivatives in the product, as listed as listed in the regulations specified in AllergenSpecificationAgency and AllergenSpecificationName.	SNAPPER	False	True	https://ref.gs1.org/voc/AllergenTypeCode-ADS	rdf:type + originalCodeValue + JSON sourceId/classId + GDSN codeListName/label
https://ref.gs1.org/voc/AllergenTypeCode-SO	urn:gs1:std:gdsn:cv169132	type-and-original-code	AllergenTypeCode	SO	169132	Coconuts and its derivatives	Definition (includes Common Name): Refers to the presence of coconuts and its derivatives in the product. - Family/Genus/Species: Cocos nucifera. - Also known as: - Disclaimer: Refers to the presence of the allergen in the product, as listed in the regulations specified by an agency and specification or any local market regulations.	https://ref.gs1.org/voc/AllergenTypeCode	urn:gs1:std:gdsn:c-1513720680	Coconuts and its derivatives	Refers to the presence of coconuts and its derivatives in the product. - Family/Genus/Species: Cocos nucifera. - Also known as: - Disclaimer: Refers to the presence of the allergen in the product, as listed in the regulations specified by an agency and specification or any local market regulations.	SO	True	False		rdf:type + originalCodeValue + JSON sourceId/classId + GDSN codeListName/label
https://ref.gs1.org/voc/AllergenTypeCode-SOLE	urn:gs1:std:gdsn:cv168976	type-and-original-code	AllergenTypeCode	ADT	168976	Sole and its derivatives	Definition (includes Common Name): Refers to the presence of Sole and its derivatives in the product. - Family/Genus/Species: Soleidae or Achiridae or Cynoglossidae or Pleuronectidae/(various) - Also known as: American Sole, Butter Sole, C-O Sole, Curlfin Sole, Deepsea Sole, Double-lined Tonguesole, Dover Sole, English Sole, Fantail Sole, Flathead Sole, Hogchoker, Lemon Sole, Milky Spotted Sole, Mud Sole, Naked Sole, Narrowbanded Sole, New Zealand Lemon Sole, Northern Rock Sole, Oriental Sole, Pacific Dover, Petrale Sole, Rex Sole, Roughscale Sole, Sand Sole, Scrawled Sole, Senegalese Sole, Slender Sole, Sole, Solenette, Southern Rock Sole, Thickback Sole, Toungue Sole, Tounguefish, West Coast Sole, Yellowfin Sole - Disclaimer: Refers to the presence of the allergen in the product, as listed in the regulations specified by an agency and specification or any local market regulations.	https://ref.gs1.org/voc/AllergenTypeCode	urn:gs1:std:gdsn:c-1513720680	Sole and its Derivatives	Refers to the presence of Sole and their derivatives in the product, as listed as listed in the regulations specified in AllergenSpecificationAgency and AllergenSpecificationName.	SOLE	False	True	https://ref.gs1.org/voc/AllergenTypeCode-ADT	rdf:type + originalCodeValue + JSON sourceId/classId + GDSN codeListName/label
https://ref.gs1.org/voc/AllergenTypeCode-SOYBEANS	urn:gs1:std:gdsn:cv168996	type-and-original-code	AllergenTypeCode	AY	168996	Soybean and its derivatives	Definition (includes Common Name): Refers to the presence of Soybean and its derivatives in the product, as listed in in the product. - Family/Genus/Species: Glycine max. - Also known as: Soya bean - Disclaimer: Refers to the presence of the allergen in the product, as listed in the regulations specified by an agency and specification or any local market regulations.	https://ref.gs1.org/voc/AllergenTypeCode	urn:gs1:std:gdsn:c-1513720680	Soybeans and Their Derivatives	Refers to the presence of soybeans and their derivatives in the product, as listed in as listed in the regulations specified in AllergenSpecificationAgency and AllergenSpecificationName	SOYBEANS	False	True	https://ref.gs1.org/voc/AllergenTypeCode-AY	rdf:type + originalCodeValue + JSON sourceId/classId + GDSN codeListName/label
https://ref.gs1.org/voc/AllergenTypeCode-SP	urn:gs1:std:gdsn:cv169133	type-and-original-code	AllergenTypeCode	SP	169133	Pecan Nuts and its derivatives	Definition (includes Common Name): Refers to the presence of Pecan nuts and its derivatives in the product. - Family/Genus/Species: Carya illinoinensis. - Also known as: - Disclaimer: Refers to the presence of the allergen in the product, as listed in the regulations specified by an agency and specification or any local market regulations.	https://ref.gs1.org/voc/AllergenTypeCode	urn:gs1:std:gdsn:c-1513720680	Pecan Nuts and its derivatives	Refers to the presence of Pecan nuts and its derivatives in the product. - Family/Genus/Species: Carya illinoinensis. - Also known as: - Disclaimer: Refers to the presence of the allergen in the product, as listed in the regulations specified by an agency and specification or any local market regulations.	SP	True	False		rdf:type + originalCodeValue + JSON sourceId/classId + GDSN codeListName/label
https://ref.gs1.org/voc/AllergenTypeCode-SPELT	urn:gs1:std:gdsn:cv169051	type-and-original-code	AllergenTypeCode	GS	169051	Spelt and its derivatives	Definition (includes Common Name): Refers to the presence of Spelt and its derivatives in the product. - Family/Genus/Species: Pooideae/Triticum/T. spelta - Also known as: Spelt, Dinkel Wheat, Hulled Wheat - Disclaimer: Refers to the presence of the allergen in the product, as listed in the regulations specified by an agency and specification or any local market regulations.	https://ref.gs1.org/voc/AllergenTypeCode	urn:gs1:std:gdsn:c-1513720680	Spelt and Spelt Products	Refers to the presence of spelt and spelt products (gluten containing grain) as listed in the regulations specified in AllergenSpecificationAgency and AllergenSpecificationName.	SPELT	False	True	https://ref.gs1.org/voc/AllergenTypeCode-GS	rdf:type + originalCodeValue + JSON sourceId/classId + GDSN codeListName/label
https://ref.gs1.org/voc/AllergenTypeCode-SPF	urn:gs1:std:gdsn:cv169135	type-and-original-code	AllergenTypeCode	SPF	169135	Scorpionfish and its derivatives	Definition (includes Common Name): Refers to the presence of Scorpionfish and its Derivatives in the product. - Family/Genus/Species: Scorpaenidae/(various) - Also known as: California Scorpinfish, Dragonfish, False Jacopever, Firefish, Hunchback Scorpionfish, Large-headed Scorpionfish, Lionfish, Orange Scorpionfish, Plumed Scorpionfish, Stingfish, Turkeyfish - Disclaimer: Refers to the presence of the allergen in the product, as listed in the regulations specified by an agency and specification or any local market regulations.	https://ref.gs1.org/voc/AllergenTypeCode	urn:gs1:std:gdsn:c-1513720680	Scorpionfish and its derivatives	Refers to the presence of Scorpionfish and its Derivatives in the product. - Family/Genus/Species: Scorpaenidae/(various) - Also known as: California Scorpinfish, Dragonfish, False Jacopever, Firefish, Hunchback Scorpionfish, Large-headed Scorpionfish, Lionfish, Orange Scorpionfish, Plumed Scorpionfish, Stingfish, Turkeyfish - Disclaimer: Refers to the presence of the allergen in the product, as listed in the regulations specified by an agency and specification or any local market regulations.	SPF	True	False		rdf:type + originalCodeValue + JSON sourceId/classId + GDSN codeListName/label
https://ref.gs1.org/voc/AllergenTypeCode-SQU	urn:gs1:std:gdsn:cv169136	type-and-original-code	AllergenTypeCode	SQU	169136	Squid (Calamari) and its derivatives	Definition (includes Common Name): Refers to the presence of Squid (Calamari) and its derivates in the product. - Family/Genus/Species: (various) - Also known as: Angola Flying Squid, Argentine Shortfin Squid, Armhook Squid , Arrow Squid, Atlantic Brief Squid, Beka Squid, Bigeye Squid, Bigfin Reef Squid, Bigfin Squid , Bobtail Squid , Bottletail Squid , Bush-club Squid, Calamari, California Market Squid, Cape Horn Squid, Caribbean Reef Squid, Cock-eyed Squid , Cuttlefish , Dwarf Bobtail Squid, European Flying Squid, European Squid, Fire Squid , Firefly Squid , Flying Squid, Giant Squid , Glacial Squid , Glass Squid, Grimaldi scaled Squid , Hooked Squid , Indian Squid, Japanese Flying Squid, Joubin's Squid , Jumbo Squid, Longfin Inshore Squid, Magistrate Armhook Squid, Midsize Squid, Mitre Squid, Neritic Squid, Northern Shortfin Squid, Octopus Squid , Panama Brief Squid, Patagonian Inshore Squid, Purpleback Flying Squid, Pygmy Squid , Pyjama Squid , Ram's horn Squid , Sharpear enope Squid , Southern Reef Squid, Southern Shortfin Squid, Stout Bobtail Squid, Wellington Flying Squid, Whip-lash Squid - Disclaimer: Refers to the presence of the allergen in the product, as listed in the regulations specified by an agency and specification or any local market regulations.	https://ref.gs1.org/voc/AllergenTypeCode	urn:gs1:std:gdsn:c-1513720680	Squid (Calamari) and its derivatives	Refers to the presence of Squid (Calamari) and its derivates in the product. - Family/Genus/Species: (various) - Also known as: Angola Flying Squid, Argentine Shortfin Squid, Armhook Squid , Arrow Squid, Atlantic Brief Squid, Beka Squid, Bigeye Squid, Bigfin Reef Squid, Bigfin Squid , Bobtail Squid , Bottletail Squid , Bush-club Squid, Calamari, California Market Squid, Cape Horn Squid, Caribbean Reef Squid, Cock-eyed Squid , Cuttlefish , Dwarf Bobtail Squid, European Flying Squid, European Squid, Fire Squid , Firefly Squid , Flying Squid, Giant Squid , Glacial Squid , Glass Squid, Grimaldi scaled Squid , Hooked Squid , Indian Squid, Japanese Flying Squid, Joubin's Squid , Jumbo Squid, Longfin Inshore Squid, Magistrate Armhook Squid, Midsize Squid, Mitre Squid, Neritic Squid, Northern Shortfin Squid, Octopus Squid , Panama Brief Squid, Patagonian Inshore Squid, Purpleback Flying Squid, Pygmy Squid , Pyjama Squid , Ram's horn Squid , Sharpear enope Squid , Southern Reef Squid, Southern Shortfin Squid, Stout Bobtail Squid, Wellington Flying Squid, Whip-lash Squid - Disclaimer: Refers to the presence of the allergen in the product, as listed in the regulations specified by an agency and specification or any local market regulations.	SQU	True	False		rdf:type + originalCodeValue + JSON sourceId/classId + GDSN codeListName/label
https://ref.gs1.org/voc/AllergenTypeCode-SQUID_%28CALAMARI%29	urn:gs1:std:gdsn:cv169136	type-and-original-code	AllergenTypeCode	SQU	169136	Squid (Calamari) and its derivatives	Definition (includes Common Name): Refers to the presence of Squid (Calamari) and its derivates in the product. - Family/Genus/Species: (various) - Also known as: Angola Flying Squid, Argentine Shortfin Squid, Armhook Squid , Arrow Squid, Atlantic Brief Squid, Beka Squid, Bigeye Squid, Bigfin Reef Squid, Bigfin Squid , Bobtail Squid , Bottletail Squid , Bush-club Squid, Calamari, California Market Squid, Cape Horn Squid, Caribbean Reef Squid, Cock-eyed Squid , Cuttlefish , Dwarf Bobtail Squid, European Flying Squid, European Squid, Fire Squid , Firefly Squid , Flying Squid, Giant Squid , Glacial Squid , Glass Squid, Grimaldi scaled Squid , Hooked Squid , Indian Squid, Japanese Flying Squid, Joubin's Squid , Jumbo Squid, Longfin Inshore Squid, Magistrate Armhook Squid, Midsize Squid, Mitre Squid, Neritic Squid, Northern Shortfin Squid, Octopus Squid , Panama Brief Squid, Patagonian Inshore Squid, Purpleback Flying Squid, Pygmy Squid , Pyjama Squid , Ram's horn Squid , Sharpear enope Squid , Southern Reef Squid, Southern Shortfin Squid, Stout Bobtail Squid, Wellington Flying Squid, Whip-lash Squid - Disclaimer: Refers to the presence of the allergen in the product, as listed in the regulations specified by an agency and specification or any local market regulations.	https://ref.gs1.org/voc/AllergenTypeCode	urn:gs1:std:gdsn:c-1513720680	Squid (Calamari) and its Derivatives	Refers to the presence of Squid (Calamari) and its derivatives in the product, as listed in the regulations specified in AllergenSpecificationAgency and AllergenSpecificationName.	SQUID_(CALAMARI)	False	True	https://ref.gs1.org/voc/AllergenTypeCode-SQU	rdf:type + originalCodeValue + JSON sourceId/classId + GDSN codeListName/label
https://ref.gs1.org/voc/AllergenTypeCode-SR	urn:gs1:std:gdsn:cv169137	type-and-original-code	AllergenTypeCode	SR	169137	Brazil Nuts and its derivatives	Definition (includes Common Name): Refers to the presence of brazil nuts and its derivatives in the product. - Family/Genus/Species: Bertholletia excelsa. - Also known as: Castanha. - Disclaimer: Refers to the presence of the allergen in the product, as listed in the regulations specified by an agency and specification or any local market regulations.	https://ref.gs1.org/voc/AllergenTypeCode	urn:gs1:std:gdsn:c-1513720680	Brazil Nuts and its derivatives	Refers to the presence of brazil nuts and its derivatives in the product. - Family/Genus/Species: Bertholletia excelsa. - Also known as: Castanha. - Disclaimer: Refers to the presence of the allergen in the product, as listed in the regulations specified by an agency and specification or any local market regulations.	SR	True	False		rdf:type + originalCodeValue + JSON sourceId/classId + GDSN codeListName/label
https://ref.gs1.org/voc/AllergenTypeCode-SS	urn:gs1:std:gdsn:cv169138	type-and-original-code	AllergenTypeCode	SS	169138	Sunflower Seeds and its derivatives	Definition (includes Common Name): Refers to the presence of Sunflower seeds or its derivatives in the product in the product. - Family/Genus/Species: Helianthus - Also known as: - Disclaimer: Refers to the presence of the allergen in the product, as listed in the regulations specified by an agency and specification or any local market regulations.	https://ref.gs1.org/voc/AllergenTypeCode	urn:gs1:std:gdsn:c-1513720680	Sunflower Seeds and its derivatives	Refers to the presence of Sunflower seeds or its derivatives in the product in the product. - Family/Genus/Species: Helianthus - Also known as: - Disclaimer: Refers to the presence of the allergen in the product, as listed in the regulations specified by an agency and specification or any local market regulations.	SS	True	False		rdf:type + originalCodeValue + JSON sourceId/classId + GDSN codeListName/label
https://ref.gs1.org/voc/AllergenTypeCode-ST	urn:gs1:std:gdsn:cv169139	type-and-original-code	AllergenTypeCode	ST	169139	Pistachios and its derivatives	Definition (includes Common Name): Refers to the presence of Pistachio and its derivatives in the product. - Family/Genus/Species: Pistacia. - Also known as: - Disclaimer: Refers to the presence of the allergen in the product, as listed in the regulations specified by an agency and specification or any local market regulations.	https://ref.gs1.org/voc/AllergenTypeCode	urn:gs1:std:gdsn:c-1513720680	Pistachios and its derivatives	Refers to the presence of Pistachio and its derivatives in the product. - Family/Genus/Species: Pistacia. - Also known as: - Disclaimer: Refers to the presence of the allergen in the product, as listed in the regulations specified by an agency and specification or any local market regulations.	ST	True	False		rdf:type + originalCodeValue + JSON sourceId/classId + GDSN codeListName/label
https://ref.gs1.org/voc/AllergenTypeCode-STG	urn:gs1:std:gdsn:cv169140	type-and-original-code	AllergenTypeCode	STG	169140	Sturgeon and its derivatives	Definition (includes Common Name): Refers to the presence of Sturgeon and its derivates in the product. - Family/Genus/Species: Acipenseridae/(various) - Also known as: Adriatic Sturgeon, Alabama Sturgeon, Amu Darya Sturgeon, Amur Sturgeon, Atlantic Sturgeon, Baikal Sturgeon, Beluga, Beluga Sturgeon, Bester, Chinese Sturgeon, Dwarf Sturgeon, European sea Sturgeon, Fringebarbel Sturgeon, Green Sturgeon, Gulf Sturgeon, Japanese Sturgeon, Kaluga Sturgeon, Lake Sturgeon, Pallid Sturgeon, Persian Sturgeon, Russian Sturgeon, Sakhalin Sturgeon, Shortnose Sturgeon, Shovelnose Sturgeon, Siberian Sturgeon, Starry Sturgeon, Stellate Sturgeon, Sterlet, Syr Darya Sturgeon, Thorn Sturgeon, White Sturgeon, Yangtze Sturgeon - Disclaimer: Refers to the presence of the allergen in the product, as listed in the regulations specified by an agency and specification or any local market regulations.	https://ref.gs1.org/voc/AllergenTypeCode	urn:gs1:std:gdsn:c-1513720680	Sturgeon and its derivatives	Refers to the presence of Sturgeon and its derivates in the product. - Family/Genus/Species: Acipenseridae/(various) - Also known as: Adriatic Sturgeon, Alabama Sturgeon, Amu Darya Sturgeon, Amur Sturgeon, Atlantic Sturgeon, Baikal Sturgeon, Beluga, Beluga Sturgeon, Bester, Chinese Sturgeon, Dwarf Sturgeon, European sea Sturgeon, Fringebarbel Sturgeon, Green Sturgeon, Gulf Sturgeon, Japanese Sturgeon, Kaluga Sturgeon, Lake Sturgeon, Pallid Sturgeon, Persian Sturgeon, Russian Sturgeon, Sakhalin Sturgeon, Shortnose Sturgeon, Shovelnose Sturgeon, Siberian Sturgeon, Starry Sturgeon, Stellate Sturgeon, Sterlet, Syr Darya Sturgeon, Thorn Sturgeon, White Sturgeon, Yangtze Sturgeon - Disclaimer: Refers to the presence of the allergen in the product, as listed in the regulations specified by an agency and specification or any local market regulations.	STG	True	False		rdf:type + originalCodeValue + JSON sourceId/classId + GDSN codeListName/label
https://ref.gs1.org/voc/AllergenTypeCode-STURGEON	urn:gs1:std:gdsn:cv169140	type-and-original-code	AllergenTypeCode	STG	169140	Sturgeon and its derivatives	Definition (includes Common Name): Refers to the presence of Sturgeon and its derivates in the product. - Family/Genus/Species: Acipenseridae/(various) - Also known as: Adriatic Sturgeon, Alabama Sturgeon, Amu Darya Sturgeon, Amur Sturgeon, Atlantic Sturgeon, Baikal Sturgeon, Beluga, Beluga Sturgeon, Bester, Chinese Sturgeon, Dwarf Sturgeon, European sea Sturgeon, Fringebarbel Sturgeon, Green Sturgeon, Gulf Sturgeon, Japanese Sturgeon, Kaluga Sturgeon, Lake Sturgeon, Pallid Sturgeon, Persian Sturgeon, Russian Sturgeon, Sakhalin Sturgeon, Shortnose Sturgeon, Shovelnose Sturgeon, Siberian Sturgeon, Starry Sturgeon, Stellate Sturgeon, Sterlet, Syr Darya Sturgeon, Thorn Sturgeon, White Sturgeon, Yangtze Sturgeon - Disclaimer: Refers to the presence of the allergen in the product, as listed in the regulations specified by an agency and specification or any local market regulations.	https://ref.gs1.org/voc/AllergenTypeCode	urn:gs1:std:gdsn:c-1513720680	Sturgeon and its Derivatives	Refers to the presence of Sturgeon and its derivatives in the product, as listed in the regulations specified in AllergenSpecificationAgency and AllergenSpecificationName.	STURGEON	False	True	https://ref.gs1.org/voc/AllergenTypeCode-STG	rdf:type + originalCodeValue + JSON sourceId/classId + GDSN codeListName/label
https://ref.gs1.org/voc/AllergenTypeCode-SU	urn:gs1:std:gdsn:cv169141	type-and-original-code	AllergenTypeCode	SU	169141	Salicylate and its derivatives	Definition (includes Common Name): Refers to the presence of Salicylate and its derivatives in the product. - Family/Genus/Species: - Also known as: Salicylic acid. - Disclaimer: Refers to the presence of the allergen in the product, as listed in the regulations specified by an agency and specification or any local market regulations.	https://ref.gs1.org/voc/AllergenTypeCode	urn:gs1:std:gdsn:c-1513720680	Salicylate and its derivatives	Refers to the presence of Salicylate and its derivatives in the product. - Family/Genus/Species: - Also known as: Salicylic acid. - Disclaimer: Refers to the presence of the allergen in the product, as listed in the regulations specified by an agency and specification or any local market regulations.	SU	True	False		rdf:type + originalCodeValue + JSON sourceId/classId + GDSN codeListName/label
https://ref.gs1.org/voc/AllergenTypeCode-SULPHUR_DIOXIDE	urn:gs1:std:gdsn:cv168993	type-and-original-code	AllergenTypeCode	AU	168993	Sulfur Dioxide and Sulfits 	Definition (includes Common Name): Refers to the presence of sulfur dioxide and sulfits in the product. - CAS Registry Number: 7446-09-5 - Also known as: - Disclaimer: Refers to the presence of the allergen in the product, as listed in the regulations specified by an agency and specification or any local market regulations.	https://ref.gs1.org/voc/AllergenTypeCode	urn:gs1:std:gdsn:c-1513720680	Sulphur Dioxide and Sulphites	Refers to the presence of sulphur dioxide and sulphites as listed in the regulations specified in AllergenSpecificationAgency and AllergenSpecificationName.	SULPHUR_DIOXIDE	False	True	https://ref.gs1.org/voc/AllergenTypeCode-AU	rdf:type + originalCodeValue + JSON sourceId/classId + GDSN codeListName/label
https://ref.gs1.org/voc/AllergenTypeCode-SUNFLOWER_SEEDS	urn:gs1:std:gdsn:cv169138	type-and-original-code	AllergenTypeCode	SS	169138	Sunflower Seeds and its derivatives	Definition (includes Common Name): Refers to the presence of Sunflower seeds or its derivatives in the product in the product. - Family/Genus/Species: Helianthus - Also known as: - Disclaimer: Refers to the presence of the allergen in the product, as listed in the regulations specified by an agency and specification or any local market regulations.	https://ref.gs1.org/voc/AllergenTypeCode	urn:gs1:std:gdsn:c-1513720680	Sunflower Seeds and Their Derivatives	Refers to the presence of Sunflower Seeds or their derivatives in the product as listed in the regulations specified in AllergenSpecificationAgency and AllergenSpecificationName.	SUNFLOWER_SEEDS	False	True	https://ref.gs1.org/voc/AllergenTypeCode-SS	rdf:type + originalCodeValue + JSON sourceId/classId + GDSN codeListName/label
https://ref.gs1.org/voc/AllergenTypeCode-SW	urn:gs1:std:gdsn:cv169142	type-and-original-code	AllergenTypeCode	SW	169142	Walnuts and its derivatives	Definition (includes Common Name): Refers to the presence of Walnuts and its derivatives in the product. - Family/Genus/Species: Juglans. - Also known as: - Disclaimer: Refers to the presence of the allergen in the product, as listed in the regulations specified by an agency and specification or any local market regulations.	https://ref.gs1.org/voc/AllergenTypeCode	urn:gs1:std:gdsn:c-1513720680	Walnuts and its derivatives	Refers to the presence of Walnuts and its derivatives in the product. - Family/Genus/Species: Juglans. - Also known as: - Disclaimer: Refers to the presence of the allergen in the product, as listed in the regulations specified by an agency and specification or any local market regulations.	SW	True	False		rdf:type + originalCodeValue + JSON sourceId/classId + GDSN codeListName/label
https://ref.gs1.org/voc/AllergenTypeCode-SWORDFISH	urn:gs1:std:gdsn:cv168977	type-and-original-code	AllergenTypeCode	ADU	168977	Swordfish and its derivatives	Definition (includes Common Name): Refers to the presence of Swordfish and its derivatives in the product. - FFamily/Genus/Species: Xiphiidae/Xiphias/X. gladius - Also known as: Swordfish, Broadbill - Disclaimer: Refers to the presence of the allergen in the product, as listed in the regulations specified by an agency and specification or any local market regulations.	https://ref.gs1.org/voc/AllergenTypeCode	urn:gs1:std:gdsn:c-1513720680	Swordfish and its Derivatives	Refers to the presence of Swordfish and their derivatives in the product, as listed as listed in the regulations specified in AllergenSpecificationAgency and AllergenSpecificationName.	SWORDFISH	False	True	https://ref.gs1.org/voc/AllergenTypeCode-ADU	rdf:type + originalCodeValue + JSON sourceId/classId + GDSN codeListName/label
https://ref.gs1.org/voc/AllergenTypeCode-SX	urn:gs1:std:gdsn:cv169143	type-and-original-code	AllergenTypeCode	SX	169143	Pulses	Definition (includes Common Name): Refers to the presence of pulses in the product. This excludes green beans and green peas, which are considered vegetable crops. Also excluded are crops that are mainly grown for oil extraction. - Family/Genus/Species: Fabaceae. - Also known as: Dry seed legume Crops. - Disclaimer: Refers to the presence of the allergen in the product, as listed in the regulations specified by an agency and specification or any local market regulations.	https://ref.gs1.org/voc/AllergenTypeCode	urn:gs1:std:gdsn:c-1513720680	Pulses	Refers to the presence of pulses in the product. This excludes green beans and green peas, which are considered vegetable crops. Also excluded are crops that are mainly grown for oil extraction. - Family/Genus/Species: Fabaceae. - Also known as: Dry seed legume Crops. - Disclaimer: Refers to the presence of the allergen in the product, as listed in the regulations specified by an agency and specification or any local market regulations.	SX	True	False		rdf:type + originalCodeValue + JSON sourceId/classId + GDSN codeListName/label
https://ref.gs1.org/voc/AllergenTypeCode-TA	urn:gs1:std:gdsn:cv169144	type-and-original-code	AllergenTypeCode	TA	169144	3-Aminophenol 	Definition (includes Common Name): Refers to the presence of 3-Aminophenol in the product. - CAS Registry Number: 591-27-5 - Also known as: - Disclaimer: Refers to the presence of the allergen in the product, as listed in the regulations specified by an agency and specification or any local market regulations.	https://ref.gs1.org/voc/AllergenTypeCode	urn:gs1:std:gdsn:c-1513720680	3-Aminophenol 	Refers to the presence of 3-Aminophenol in the product. - CAS Registry Number: 591-27-5 - Also known as: - Disclaimer: Refers to the presence of the allergen in the product, as listed in the regulations specified by an agency and specification or any local market regulations.	TA	True	False		rdf:type + originalCodeValue + JSON sourceId/classId + GDSN codeListName/label
https://ref.gs1.org/voc/AllergenTypeCode-TD	urn:gs1:std:gdsn:cv169145	type-and-original-code	AllergenTypeCode	TD	169145	2,5-Diaminotoluene	Definition (includes Common Name): Refers to the presence of Toluene-2,5-diamine in the product. - CAS Registry Number: 95-70-5 - Also known as: Toluene-2,5-diamine - Disclaimer: Refers to the presence of the allergen in the product, as listed in the regulations specified by an agency and specification or any local market regulations.	https://ref.gs1.org/voc/AllergenTypeCode	urn:gs1:std:gdsn:c-1513720680	2,5-Diaminotoluene	Refers to the presence of Toluene-2,5-diamine in the product. - CAS Registry Number: 95-70-5 - Also known as: Toluene-2,5-diamine - Disclaimer: Refers to the presence of the allergen in the product, as listed in the regulations specified by an agency and specification or any local market regulations.	TD	True	False		rdf:type + originalCodeValue + JSON sourceId/classId + GDSN codeListName/label
https://ref.gs1.org/voc/AllergenTypeCode-TFD	urn:gs1:std:gdsn:cv169146	type-and-original-code	AllergenTypeCode	TFD	169146	Tilefish and its derivatives	Definition (includes Common Name): Refers to the presence of Tilefish and its Derivatives in the product. - Family/Genus/Species: Malacanthidae/(various) - Also known as: Blue Tilefish, Blueline Tilefish, Golden Tilefish, Goldface Tilefish, Ocean Whitefish, Pacific Golden-eyed Tilefish, Pacific Sandperch, Sand Tilefish, Tilefish - Disclaimer: Refers to the presence of the allergen in the product, as listed in the regulations specified by an agency and specification or any local market regulations.	https://ref.gs1.org/voc/AllergenTypeCode	urn:gs1:std:gdsn:c-1513720680	Tilefish and its derivatives	Refers to the presence of Tilefish and its Derivatives in the product. - Family/Genus/Species: Malacanthidae/(various) - Also known as: Blue Tilefish, Blueline Tilefish, Golden Tilefish, Goldface Tilefish, Ocean Whitefish, Pacific Golden-eyed Tilefish, Pacific Sandperch, Sand Tilefish, Tilefish - Disclaimer: Refers to the presence of the allergen in the product, as listed in the regulations specified by an agency and specification or any local market regulations.	TFD	True	False		rdf:type + originalCodeValue + JSON sourceId/classId + GDSN codeListName/label
https://ref.gs1.org/voc/AllergenTypeCode-TILAPIA	urn:gs1:std:gdsn:cv168978	type-and-original-code	AllergenTypeCode	ADV	168978	Tilapia and its derivatives	Definition (includes Common Name): Refers to the presence of Tilapia and its derivatives in the product. - Family/Genus/Species: Cichlidae/Talapia or Coptodon or Oreochormis or Sarotherodon/(various) - Also known as: Talapia, Mozambique Talapia, Nile Talapia, Blue Talapia - Disclaimer: Refers to the presence of the allergen in the product, as listed in the regulations specified by an agency and specification or any local market regulations.	https://ref.gs1.org/voc/AllergenTypeCode	urn:gs1:std:gdsn:c-1513720680	Tilapia and its Derivatives	Refers to the presence of Tilapia and their derivatives in the product, as listed as listed in the regulations specified in AllergenSpecificationAgency and AllergenSpecificationName.	TILAPIA	False	True	https://ref.gs1.org/voc/AllergenTypeCode-ADV	rdf:type + originalCodeValue + JSON sourceId/classId + GDSN codeListName/label
https://ref.gs1.org/voc/AllergenTypeCode-TOLUENE-2%2C5-DIAMINE	urn:gs1:std:gdsn:cv169145	type-and-original-code	AllergenTypeCode	TD	169145	2,5-Diaminotoluene	Definition (includes Common Name): Refers to the presence of Toluene-2,5-diamine in the product. - CAS Registry Number: 95-70-5 - Also known as: Toluene-2,5-diamine - Disclaimer: Refers to the presence of the allergen in the product, as listed in the regulations specified by an agency and specification or any local market regulations.	https://ref.gs1.org/voc/AllergenTypeCode	urn:gs1:std:gdsn:c-1513720680	Toluene-2,5-diamine	Refers to the presence of Toluene-2,5-diamine as listed in the regulations specified in AllergenSpecificationAgency and AllergenSpecificationName.	TOLUENE-2,5-DIAMINE	False	True	https://ref.gs1.org/voc/AllergenTypeCode-TD	rdf:type + originalCodeValue + JSON sourceId/classId + GDSN codeListName/label
https://ref.gs1.org/voc/AllergenTypeCode-TR	urn:gs1:std:gdsn:cv169147	type-and-original-code	AllergenTypeCode	TR	169147	Triticale and its derivatives	Definition (includes Common Name): Refers to the presence of Triticale and its derivatives in the product. - Family/Genus/Species: × Triticosecale. - Also known as: Ryewheat. - Disclaimer: Refers to the presence of the allergen in the product, as listed in the regulations specified by an agency and specification or any local market regulations.	https://ref.gs1.org/voc/AllergenTypeCode	urn:gs1:std:gdsn:c-1513720680	Triticale and its derivatives	Refers to the presence of Triticale and its derivatives in the product. - Family/Genus/Species: × Triticosecale. - Also known as: Ryewheat. - Disclaimer: Refers to the presence of the allergen in the product, as listed in the regulations specified by an agency and specification or any local market regulations.	TR	True	False		rdf:type + originalCodeValue + JSON sourceId/classId + GDSN codeListName/label
https://ref.gs1.org/voc/AllergenTypeCode-TREE_NUTS	urn:gs1:std:gdsn:cv168987	type-and-original-code	AllergenTypeCode	AN	168987	Tree nuts (Nuts) and its derivatives	Definition (includes Common Name): Refers to the presence of Tree nuts or nuts and its derivatives in the product. - Family/Genus/Species: Fagales. - Also known as: Nuts - Disclaimer: Refers to the presence of the allergen in the product, as listed in the regulations specified by an agency and specification or any local market regulations.	https://ref.gs1.org/voc/AllergenTypeCode	urn:gs1:std:gdsn:c-1513720680	Tree Nuts and Their Derivatives	Refers to the presence of tree nuts and their derivatives in the product, as listed in the regulations specified in AllergenSpecificationAgency and AllergenSpecificationName. Tree nuts can include almonds, hazelnut, walnut, cashews, etc.	TREE_NUTS	False	True	https://ref.gs1.org/voc/AllergenTypeCode-AN	rdf:type + originalCodeValue + JSON sourceId/classId + GDSN codeListName/label
https://ref.gs1.org/voc/AllergenTypeCode-TRITICALE	urn:gs1:std:gdsn:cv169147	type-and-original-code	AllergenTypeCode	TR	169147	Triticale and its derivatives	Definition (includes Common Name): Refers to the presence of Triticale and its derivatives in the product. - Family/Genus/Species: × Triticosecale. - Also known as: Ryewheat. - Disclaimer: Refers to the presence of the allergen in the product, as listed in the regulations specified by an agency and specification or any local market regulations.	https://ref.gs1.org/voc/AllergenTypeCode	urn:gs1:std:gdsn:c-1513720680	Triticale and Their Derivatives	Refers to the presence of Triticale and their derivatives as listed in the regulations specified in AllergenSpecificationAgency and AllergenSpecificationName.	TRITICALE	False	True	https://ref.gs1.org/voc/AllergenTypeCode-TR	rdf:type + originalCodeValue + JSON sourceId/classId + GDSN codeListName/label
https://ref.gs1.org/voc/AllergenTypeCode-TROUT	urn:gs1:std:gdsn:cv168979	type-and-original-code	AllergenTypeCode	ADW	168979	Trout and its derivatives	Definition (includes Common Name): Refers to the presence of Trout and its derivatives in the product. - Family/Genus/Species: Salmonida subfamily Salmoninae/Oncorhynchus or Salmo or Salvelinus- Also known as: Adriatic Trout, Alvord Cutthroat Trout, Apache Trout, Aurora Trout, Baja California Rainbow Trout, Beardslee Trout, Biwa Trout, Bonneville Cutthroat Trout, Brook Trout, Brown Trout, Bull Trout, Coastal Cutthroat Trout, Coastal Rainbow Trout (steelhead), Colorado River Cutthroat Trout, Columbia River Redband Trout, Crescenti Trout, Cutthroat Trout, Dolly Varden, Dolly Varden Trout, Eagle Lake Trout, Flathead Trout, Genus Oncorhynchus, Gila Trout, Golden Trout, Great Basin Redband Trout, Greenback Cutthroat Trout, Humboldt Cutthroat Trout, Inconnu, Kamchatkan Rainbow Trout, Kamloops Rainbow Trout, Kern River Rainbow Trout, Lacustrine Trout, Lahontan Cutthroat Trout, Lake Trout, Little Kern Golden Trout, Marble Trout, McCloud River Redband Trout, Mexican Golden Trout, Nelson's Trout, Ohrid Trout, Paiute Cutthroat Trout, Rainbow Trout, Rio Grande Cutthroat Trout, River Trout, Sacramento Golden Trout, San Pedro Martir Trout, Sea Trout, Sevan Trout, Sheepheaven Creek Redband Trout, Silver Trout, Snake River Fine-spotted Cutthroat Trout, Soca River Trout, Soča Trout, Speckled Lake (Splake) Trout, Tiger Trout, Trout, Westslope Cutthroat Trout, Whitehorse Basin Cutthroat Trout, Yellowstone Cutthroat Trout - Disclaimer: Refers to the presence of the allergen in the product, as listed in the regulations specified by an agency and specification or any local market regulations.	https://ref.gs1.org/voc/AllergenTypeCode	urn:gs1:std:gdsn:c-1513720680	Trout and its Derivatives	Refers to the presence of Trout and their derivatives in the product, as listed as listed in the regulations specified in AllergenSpecificationAgency and AllergenSpecificationName.	TROUT	False	True	https://ref.gs1.org/voc/AllergenTypeCode-ADW	rdf:type + originalCodeValue + JSON sourceId/classId + GDSN codeListName/label
https://ref.gs1.org/voc/AllergenTypeCode-TTD	urn:gs1:std:gdsn:cv169148	type-and-original-code	AllergenTypeCode	TTD	169148	Tomato and its derivatives	Definition (includes Common Name): Refers to the presence of Tomato and its derivatives in the product. - Family/Genus/Species: Solanum lycopersicum. - Also known as: - Disclaimer: Refers to the presence of the allergen in the product, as listed in the regulations specified by an agency and specification or any local market regulations.	https://ref.gs1.org/voc/AllergenTypeCode	urn:gs1:std:gdsn:c-1513720680	Tomato and its derivatives	Refers to the presence of Tomato and its derivatives in the product. - Family/Genus/Species: Solanum lycopersicum. - Also known as: - Disclaimer: Refers to the presence of the allergen in the product, as listed in the regulations specified by an agency and specification or any local market regulations.	TTD	True	False		rdf:type + originalCodeValue + JSON sourceId/classId + GDSN codeListName/label
https://ref.gs1.org/voc/AllergenTypeCode-TUNA	urn:gs1:std:gdsn:cv168948	type-and-original-code	AllergenTypeCode	ABD	168948	Tuna and its derivatives	Definition (includes Common Name): Refers to the presence of Tuna and its derivatives in the product. - Family/Genus/Species: Scombridae subfamily Scombrinae/(various) - Also known as: Albacore, Bigeye Tuna, Black Skipjack, Blackfin Tuna, Bluefin Tuna, Bullet Tuna, Buri, Dogtooth Tuna, Escolar, Frigate Tuna, Kawakawa, Little Tuna, Longtail Tuna, Pacific Bluefin Tuna, Skipjack Tuna, Slender Tuna, Southern Bluefin Tuna, Spotted Tunny, Tuna, Yellowfin Tuna - Disclaimer: Refers to the presence of the allergen in the product, as listed in the regulations specified by an agency and specification or any local market regulations.	https://ref.gs1.org/voc/AllergenTypeCode	urn:gs1:std:gdsn:c-1513720680	Tuna and its Derivatives	Refers to the presence of Tuna and their derivatives in the product, as listed as listed in the regulations specified in AllergenSpecificationAgency and AllergenSpecificationName.	TUNA	False	True	https://ref.gs1.org/voc/AllergenTypeCode-ABD	rdf:type + originalCodeValue + JSON sourceId/classId + GDSN codeListName/label
https://ref.gs1.org/voc/AllergenTypeCode-TUR	urn:gs1:std:gdsn:cv169149	type-and-original-code	AllergenTypeCode	TUR	169149	Turbot and its derivatives	Definition (includes Common Name): Refers to the presence of Turbot and its derivates in the product. - Family/Genus/Species: Scophthalmidae/Scophthalmus/S. maximus - Also known as: Brat, Breet, Britt, Butt, Diamond Turbot, Greenland Turbot, Hornyhead Turbot, New Zealand Turbot, Spottail Spiny Turbot, Spotted Turbot, Spring Turbot, Turbot - Disclaimer: Refers to the presence of the allergen in the product, as listed in the regulations specified by an agency and specification or any local market regulations.	https://ref.gs1.org/voc/AllergenTypeCode	urn:gs1:std:gdsn:c-1513720680	Turbot and its derivatives	Refers to the presence of Turbot and its derivates in the product. - Family/Genus/Species: Scophthalmidae/Scophthalmus/S. maximus - Also known as: Brat, Breet, Britt, Butt, Diamond Turbot, Greenland Turbot, Hornyhead Turbot, New Zealand Turbot, Spottail Spiny Turbot, Spotted Turbot, Spring Turbot, Turbot - Disclaimer: Refers to the presence of the allergen in the product, as listed in the regulations specified by an agency and specification or any local market regulations.	TUR	True	False		rdf:type + originalCodeValue + JSON sourceId/classId + GDSN codeListName/label
https://ref.gs1.org/voc/AllergenTypeCode-TURBOT	urn:gs1:std:gdsn:cv169149	type-and-original-code	AllergenTypeCode	TUR	169149	Turbot and its derivatives	Definition (includes Common Name): Refers to the presence of Turbot and its derivates in the product. - Family/Genus/Species: Scophthalmidae/Scophthalmus/S. maximus - Also known as: Brat, Breet, Britt, Butt, Diamond Turbot, Greenland Turbot, Hornyhead Turbot, New Zealand Turbot, Spottail Spiny Turbot, Spotted Turbot, Spring Turbot, Turbot - Disclaimer: Refers to the presence of the allergen in the product, as listed in the regulations specified by an agency and specification or any local market regulations.	https://ref.gs1.org/voc/AllergenTypeCode	urn:gs1:std:gdsn:c-1513720680	Turbot and its Derivatives	Refers to the presence of Turbot and its derivatives in the product, as listed in the regulations specified in AllergenSpecificationAgency and AllergenSpecificationName.	TURBOT	False	True	https://ref.gs1.org/voc/AllergenTypeCode-TUR	rdf:type + originalCodeValue + JSON sourceId/classId + GDSN codeListName/label
https://ref.gs1.org/voc/AllergenTypeCode-UM	urn:gs1:std:gdsn:cv169150	type-and-original-code	AllergenTypeCode	UM	169150	Molluscs and its derivatives	Definition (includes Common Name): Refers to the presence of molluscs and its derivates in the product. - Family/Genus/Species: Mollusca (various) - Also known as: (various) - Disclaimer: Refers to the presence of the allergen in the product, as listed in the regulations specified by an agency and specification or any local market regulations.	https://ref.gs1.org/voc/AllergenTypeCode	urn:gs1:std:gdsn:c-1513720680	Molluscs and its derivatives	Refers to the presence of molluscs and its derivates in the product. - Family/Genus/Species: Mollusca (various) - Also known as: (various) - Disclaimer: Refers to the presence of the allergen in the product, as listed in the regulations specified by an agency and specification or any local market regulations.	UM	True	False		rdf:type + originalCodeValue + JSON sourceId/classId + GDSN codeListName/label
https://ref.gs1.org/voc/AllergenTypeCode-UN	urn:gs1:std:gdsn:cv169151	type-and-original-code	AllergenTypeCode	UN	169151	Shellfish and its derivatives	Definition (includes Common Name): Refers to the presence of Shellfish in the product. Shellfish is a colloquial and fisheries term for exoskeleton-bearing aquatic invertebrates used as food, including various species of molluscs, crustaceans, and echinoderms. - Family/Genus/Species: (various) - Also known as: (various) - Disclaimer: Refers to the presence of the allergen in the product, as listed in the regulations specified by an agency and specification or any local market regulations.	https://ref.gs1.org/voc/AllergenTypeCode	urn:gs1:std:gdsn:c-1513720680	Shellfish and its derivatives	Refers to the presence of Shellfish in the product. Shellfish is a colloquial and fisheries term for exoskeleton-bearing aquatic invertebrates used as food, including various species of molluscs, crustaceans, and echinoderms. - Family/Genus/Species: (various) - Also known as: (various) - Disclaimer: Refers to the presence of the allergen in the product, as listed in the regulations specified by an agency and specification or any local market regulations.	UN	True	False		rdf:type + originalCodeValue + JSON sourceId/classId + GDSN codeListName/label
https://ref.gs1.org/voc/AllergenTypeCode-UW	urn:gs1:std:gdsn:cv169152	type-and-original-code	AllergenTypeCode	UW	169152	Wheat and its derivatives	Definition (includes Common Name): Refers to the presence of Wheat and its derivatives in the product. - Family/Genus/Species: Triticum. - Also known as: - Disclaimer: Refers to the presence of the allergen in the product, as listed in the regulations specified by an agency and specification or any local market regulations.	https://ref.gs1.org/voc/AllergenTypeCode	urn:gs1:std:gdsn:c-1513720680	Wheat and its derivatives	Refers to the presence of Wheat and its derivatives in the product. - Family/Genus/Species: Triticum. - Also known as: - Disclaimer: Refers to the presence of the allergen in the product, as listed in the regulations specified by an agency and specification or any local market regulations.	UW	True	False		rdf:type + originalCodeValue + JSON sourceId/classId + GDSN codeListName/label
https://ref.gs1.org/voc/AllergenTypeCode-WALLEYE	urn:gs1:std:gdsn:cv168949	type-and-original-code	AllergenTypeCode	ABE	168949	Walleye and its derivatives	Definition (includes Common Name): Refers to the presence of Walleye and its derivatives in the product. - Family/Genus/Species: Percidae/Sander/S. vitreus - Also known as: Walleye, Yellow Pike, Yellow Pickerel - Disclaimer: Refers to the presence of the allergen in the product, as listed in the regulations specified by an agency and specification or any local market regulations.	https://ref.gs1.org/voc/AllergenTypeCode	urn:gs1:std:gdsn:c-1513720680	Walleye and its Derivatives	Refers to the presence of Walleye and their derivatives in the product, as listed as listed in the regulations specified in AllergenSpecificationAgency and AllergenSpecificationName.	WALLEYE	False	True	https://ref.gs1.org/voc/AllergenTypeCode-ABE	rdf:type + originalCodeValue + JSON sourceId/classId + GDSN codeListName/label
https://ref.gs1.org/voc/AllergenTypeCode-WALNUTS	urn:gs1:std:gdsn:cv169142	type-and-original-code	AllergenTypeCode	SW	169142	Walnuts and its derivatives	Definition (includes Common Name): Refers to the presence of Walnuts and its derivatives in the product. - Family/Genus/Species: Juglans. - Also known as: - Disclaimer: Refers to the presence of the allergen in the product, as listed in the regulations specified by an agency and specification or any local market regulations.	https://ref.gs1.org/voc/AllergenTypeCode	urn:gs1:std:gdsn:c-1513720680	Walnut and Walnut Products	Refers to the presence of walnut and walnut products as listed in the regulations specified in AllergenSpecificationAgency and AllergenSpecificationName	WALNUTS	False	True	https://ref.gs1.org/voc/AllergenTypeCode-SW	rdf:type + originalCodeValue + JSON sourceId/classId + GDSN codeListName/label
https://ref.gs1.org/voc/AllergenTypeCode-WFD	urn:gs1:std:gdsn:cv169153	type-and-original-code	AllergenTypeCode	WFD	169153	Wolffish and its derivatives	Definition (includes Common Name): Refers to the presence of Wolffish and its Derivatives in the product. - Family/Genus/Species: Anarhichadidae/Anarhichas or Anarrhichthys/(various) - Also known as: Atlantic Wolffish, Bering Wolffish, Northern Wolffish, Sea wolves, Spotted Wolffish, Wolffish - Disclaimer: Refers to the presence of the allergen in the product, as listed in the regulations specified by an agency and specification or any local market regulations.	https://ref.gs1.org/voc/AllergenTypeCode	urn:gs1:std:gdsn:c-1513720680	Wolffish and its derivatives	Refers to the presence of Wolffish and its Derivatives in the product. - Family/Genus/Species: Anarhichadidae/Anarhichas or Anarrhichthys/(various) - Also known as: Atlantic Wolffish, Bering Wolffish, Northern Wolffish, Sea wolves, Spotted Wolffish, Wolffish - Disclaimer: Refers to the presence of the allergen in the product, as listed in the regulations specified by an agency and specification or any local market regulations.	WFD	True	False		rdf:type + originalCodeValue + JSON sourceId/classId + GDSN codeListName/label
https://ref.gs1.org/voc/AllergenTypeCode-WHEAT	urn:gs1:std:gdsn:cv169152	type-and-original-code	AllergenTypeCode	UW	169152	Wheat and its derivatives	Definition (includes Common Name): Refers to the presence of Wheat and its derivatives in the product. - Family/Genus/Species: Triticum. - Also known as: - Disclaimer: Refers to the presence of the allergen in the product, as listed in the regulations specified by an agency and specification or any local market regulations.	https://ref.gs1.org/voc/AllergenTypeCode	urn:gs1:std:gdsn:c-1513720680	Wheat and Their Derivatives	Refers to the presence of wheat and their derivatives in the product, as listed in the regulations specified in AllergenSpecificationAgency and AllergenSpecificationName	WHEAT	False	True	https://ref.gs1.org/voc/AllergenTypeCode-UW	rdf:type + originalCodeValue + JSON sourceId/classId + GDSN codeListName/label
https://ref.gs1.org/voc/AllergenTypeCode-WHELKS	urn:gs1:std:gdsn:cv169154	type-and-original-code	AllergenTypeCode	WHK	169154	Whelks and its derivatives	Definition (includes Common Name): Refers to the presence of Whelks and its derivates in the product. - Family/Genus/Species: Buccinidae or Ranellidae or Trochidae/(various) - Also known as: Busycon Whelk, Channeled Whelk, Common Periwinkle, Dog Whelk, Maculated Ivory Whelk, Magpie Whelk, Pear Whelk, Scungili, Veined Rapa Whelk, West Indian Top Shell Whelk, Whelk, Wilk - Disclaimer: Refers to the presence of the allergen in the product, as listed in the regulations specified by an agency and specification or any local market regulations.	https://ref.gs1.org/voc/AllergenTypeCode	urn:gs1:std:gdsn:c-1513720680	Whelks and its Derivatives	Refers to the presence of Whelks and its derivatives in the product, as listed in the regulations specified in AllergenSpecificationAgency and AllergenSpecificationName.	WHELKS	False	True	https://ref.gs1.org/voc/AllergenTypeCode-WHK	rdf:type + originalCodeValue + JSON sourceId/classId + GDSN codeListName/label
https://ref.gs1.org/voc/AllergenTypeCode-WHITEFISH	urn:gs1:std:gdsn:cv168995	type-and-original-code	AllergenTypeCode	AWF	168995	Whitefish and its derivatives	Definition (includes Common Name): Refers to the presence of Whitefish and its derivatives in the product. - Family/Genus/Species: (various) - Also known as: Humpback Whitefish, Lake Whitefish, Round Whitefish, Whitefish - Disclaimer: Refers to the presence of the allergen in the product, as listed in the regulations specified by an agency and specification or any local market regulations.	https://ref.gs1.org/voc/AllergenTypeCode	urn:gs1:std:gdsn:c-1513720680	Whitefish and its Derivatives	Refers to the presence of Whitefish and their derivatives in the product, as listed as listed in the regulations specified in AllergenSpecificationAgency and AllergenSpecificationName.	WHITEFISH	False	True	https://ref.gs1.org/voc/AllergenTypeCode-AWF	rdf:type + originalCodeValue + JSON sourceId/classId + GDSN codeListName/label
https://ref.gs1.org/voc/AllergenTypeCode-WHITING	urn:gs1:std:gdsn:cv169155	type-and-original-code	AllergenTypeCode	WHT	169155	Whiting and its derivatives	Definition (includes Common Name): Refers to the presence of Whiting and its derivates in the product. - Family/Genus/Species: Gadidae or Sciaenidae or Sillaginidae/(various) - Also known as: Argentine Hake, Blue Whiting, Cape Hake, Carolina Whiting, Chilean Hake, Deep-water Cape Hake, European Hake, European Whiting, Flat Head Sillago, Hoki, Japanese sillago, Japanese Whiting, King George Whiting, King Whiting, Northern Whiting, Pacific Whiting, Sand Whiting, School Whiting, Sea Mullet, Silver Hake, Silver Sillago, Southern Blue Whiting, Southern Hake, Southern Kingcroaker, Southern Kingfish - Disclaimer: Refers to the presence of the allergen in the product, as listed in the regulations specified by an agency and specification or any local market regulations.	https://ref.gs1.org/voc/AllergenTypeCode	urn:gs1:std:gdsn:c-1513720680	Whiting and its Derivatives	Refers to the presence of Whiting and its derivatives in the product, as listed in the regulations specified in AllergenSpecificationAgency and AllergenSpecificationName.	WHITING	False	True	https://ref.gs1.org/voc/AllergenTypeCode-WHT	rdf:type + originalCodeValue + JSON sourceId/classId + GDSN codeListName/label
https://ref.gs1.org/voc/AllergenTypeCode-WHK	urn:gs1:std:gdsn:cv169154	type-and-original-code	AllergenTypeCode	WHK	169154	Whelks and its derivatives	Definition (includes Common Name): Refers to the presence of Whelks and its derivates in the product. - Family/Genus/Species: Buccinidae or Ranellidae or Trochidae/(various) - Also known as: Busycon Whelk, Channeled Whelk, Common Periwinkle, Dog Whelk, Maculated Ivory Whelk, Magpie Whelk, Pear Whelk, Scungili, Veined Rapa Whelk, West Indian Top Shell Whelk, Whelk, Wilk - Disclaimer: Refers to the presence of the allergen in the product, as listed in the regulations specified by an agency and specification or any local market regulations.	https://ref.gs1.org/voc/AllergenTypeCode	urn:gs1:std:gdsn:c-1513720680	Whelks and its derivatives	Refers to the presence of Whelks and its derivates in the product. - Family/Genus/Species: Buccinidae or Ranellidae or Trochidae/(various) - Also known as: Busycon Whelk, Channeled Whelk, Common Periwinkle, Dog Whelk, Maculated Ivory Whelk, Magpie Whelk, Pear Whelk, Scungili, Veined Rapa Whelk, West Indian Top Shell Whelk, Whelk, Wilk - Disclaimer: Refers to the presence of the allergen in the product, as listed in the regulations specified by an agency and specification or any local market regulations.	WHK	True	False		rdf:type + originalCodeValue + JSON sourceId/classId + GDSN codeListName/label
https://ref.gs1.org/voc/AllergenTypeCode-WHT	urn:gs1:std:gdsn:cv169155	type-and-original-code	AllergenTypeCode	WHT	169155	Whiting and its derivatives	Definition (includes Common Name): Refers to the presence of Whiting and its derivates in the product. - Family/Genus/Species: Gadidae or Sciaenidae or Sillaginidae/(various) - Also known as: Argentine Hake, Blue Whiting, Cape Hake, Carolina Whiting, Chilean Hake, Deep-water Cape Hake, European Hake, European Whiting, Flat Head Sillago, Hoki, Japanese sillago, Japanese Whiting, King George Whiting, King Whiting, Northern Whiting, Pacific Whiting, Sand Whiting, School Whiting, Sea Mullet, Silver Hake, Silver Sillago, Southern Blue Whiting, Southern Hake, Southern Kingcroaker, Southern Kingfish - Disclaimer: Refers to the presence of the allergen in the product, as listed in the regulations specified by an agency and specification or any local market regulations.	https://ref.gs1.org/voc/AllergenTypeCode	urn:gs1:std:gdsn:c-1513720680	Whiting and its derivatives	Refers to the presence of Whiting and its derivates in the product. - Family/Genus/Species: Gadidae or Sciaenidae or Sillaginidae/(various) - Also known as: Argentine Hake, Blue Whiting, Cape Hake, Carolina Whiting, Chilean Hake, Deep-water Cape Hake, European Hake, European Whiting, Flat Head Sillago, Hoki, Japanese sillago, Japanese Whiting, King George Whiting, King Whiting, Northern Whiting, Pacific Whiting, Sand Whiting, School Whiting, Sea Mullet, Silver Hake, Silver Sillago, Southern Blue Whiting, Southern Hake, Southern Kingcroaker, Southern Kingfish - Disclaimer: Refers to the presence of the allergen in the product, as listed in the regulations specified by an agency and specification or any local market regulations.	WHT	True	False		rdf:type + originalCodeValue + JSON sourceId/classId + GDSN codeListName/label
https://ref.gs1.org/voc/AllergenTypeCode-X99	urn:gs1:std:gdsn:cv169156	type-and-original-code	AllergenTypeCode	X99	169156	Does not contain declaration obligatory allergens	Definition (includes Common Name): Does not contain declaration obligatory allergens in the product. - Also known as: - Disclaimer: Refers to the absence of allergens in the product, as listed in the regulations specified by an agency and specification or any local market regulations.	https://ref.gs1.org/voc/AllergenTypeCode	urn:gs1:std:gdsn:c-1513720680	Does not contain declaration obligatory allergens	Does not contain declaration obligatory allergens in the product. - Also known as: - Disclaimer: Refers to the absence of allergens in the product, as listed in the regulations specified by an agency and specification or any local market regulations.	X99	True	False		rdf:type + originalCodeValue + JSON sourceId/classId + GDSN codeListName/label
https://ref.gs1.org/voc/AllergenTypeCode-YMD	urn:gs1:std:gdsn:cv169157	type-and-original-code	AllergenTypeCode	YMD	169157	Yam and its derivatives	Definition (includes Common Name): Refers to the presence of Yam and its derivatives in the product. - Family/Genus/Species: Dioscorea. - Also known as: - Disclaimer: Refers to the presence of the allergen in the product, as listed in the regulations specified by an agency and specification or any local market regulations.	https://ref.gs1.org/voc/AllergenTypeCode	urn:gs1:std:gdsn:c-1513720680	Yam and its derivatives	Refers to the presence of Yam and its derivatives in the product. - Family/Genus/Species: Dioscorea. - Also known as: - Disclaimer: Refers to the presence of the allergen in the product, as listed in the regulations specified by an agency and specification or any local market regulations.	YMD	True	False		rdf:type + originalCodeValue + JSON sourceId/classId + GDSN codeListName/label
https://ref.gs1.org/voc/ColourCodeList-BUYER	urn:gs1:std:gdsn:cv170479	type-and-original-code	ColourCodeListCode	6	170479	Assigned by Buyer	Assigned by Buyer	https://ref.gs1.org/voc/ColourCodeListCode	urn:gs1:std:gdsn:c2147348105	Assigned by Buyer	Assigned by buyer.	BUYER	False	False		rdf:type + originalCodeValue + JSON sourceId/classId + GDSN codeListName/label
https://ref.gs1.org/voc/ColourCodeList-IFPS	urn:gs1:std:gdsn:cv170472	type-and-original-code	ColourCodeListCode	11	170472	IFPS	IFPS: The International Federation for Produce Standards. IFPS is composed of national produce associations from around the globe. The long term objective of the federation is to improve the supply chain efficiency of the fresh produce industry through developing, implementing and managing harmonized international standards. http://www.ifpsglobal.com/ProductIdentification.aspx	https://ref.gs1.org/voc/ColourCodeListCode	urn:gs1:std:gdsn:c2147348105	International Federation for Produce Standards	International Federation for Produce Standards.	IFPS	False	False		rdf:type + originalCodeValue + JSON sourceId/classId + GDSN codeListName/label
https://ref.gs1.org/voc/ColourCodeList-NCS	urn:gs1:std:gdsn:cv170471	type-and-original-code	ColourCodeListCode	10	170471	NCS	NCS: Natural Colour System is a national standard for colour in Sweden, Norway, Spain and South Africa, has extensive international distribution. http://www.ncscolour.com	https://ref.gs1.org/voc/ColourCodeListCode	urn:gs1:std:gdsn:c2147348105	Natural Colour System	Natural Colour System.	NCS	False	False		rdf:type + originalCodeValue + JSON sourceId/classId + GDSN codeListName/label
https://ref.gs1.org/voc/ColourCodeList-NRF	urn:gs1:std:gdsn:cv170470	type-and-original-code	ColourCodeListCode	1	170470	National Retail Federation	National Retail Federation – Standard Colour & Size Codes This handbook provides guidelines for use in retailers' and vendors' merchandising and communications systems.	https://ref.gs1.org/voc/ColourCodeListCode	urn:gs1:std:gdsn:c2147348105	National Retail Federation.	National Retail Federation.	NRF	False	False		rdf:type + originalCodeValue + JSON sourceId/classId + GDSN codeListName/label
https://ref.gs1.org/voc/ColourCodeList-PANTONE_HEXACHROME	urn:gs1:std:gdsn:cv170477	type-and-original-code	ColourCodeListCode	4	170477	The PANTONE Hexachrome® Color System	"A six-colour ultra high quality printing process, reproduces a dynamic range of more brilliant continuous-tone images and simulates brighter, more vivid colours than standard four-color process printing. Pantone® Inc
"	https://ref.gs1.org/voc/ColourCodeListCode	urn:gs1:std:gdsn:c2147348105	Pantone Hexachrome	Pantone Hexachrome.	PANTONE_HEXACHROME	False	False		rdf:type + originalCodeValue + JSON sourceId/classId + GDSN codeListName/label
https://ref.gs1.org/voc/ColourCodeList-PANTONE_MATCHING	urn:gs1:std:gdsn:cv170475	type-and-original-code	ColourCodeListCode	2	170475	PANTONE MATCHING SYSTEM	"The definitive international reference for selecting, specifying, matching and controlling ink colours. The PANTONE formula guide, a three-guide set consisting of 1,114 solid PANTONE Colours on coated, uncoated and matte stock, shows corresponding printing ink formulas for each colour, and the three-book set of solid chips provides coated, uncoated and matte perforated tear-out chips that can be used for quality control. Pantone® Inc
"	https://ref.gs1.org/voc/ColourCodeListCode	urn:gs1:std:gdsn:c2147348105	Pantone Matching System	Pantone Matching System.	PANTONE_MATCHING	False	False		rdf:type + originalCodeValue + JSON sourceId/classId + GDSN codeListName/label
https://ref.gs1.org/voc/ColourCodeList-PANTONE_PROCESS_COLOUR	urn:gs1:std:gdsn:cv170476	type-and-original-code	ColourCodeListCode	3	170476	PANTONE Process Colour System®	Provides a comprehensive palette of more than 3,000 colours achievable in four-color (CMYK) process printing. The PANTONE solid to process guide compares a solid PANTONE Colour to the closest possible match in CMYK four-color process that can be achieved on a computer monitor, output device or printing press. Other PANTONE Colour Reference Guides for the graphic arts include metallic, pastels, tints, duotones, film and foil. The PANTONE Hexachrome® Color System. Pantone® Inc	https://ref.gs1.org/voc/ColourCodeListCode	urn:gs1:std:gdsn:c2147348105	Pantone Process Colour System	Pantone Process Colour System.	PANTONE_PROCESS_COLOUR	False	False		rdf:type + originalCodeValue + JSON sourceId/classId + GDSN codeListName/label
https://ref.gs1.org/voc/ColourCodeList-PANTONE_TEXTILE	urn:gs1:std:gdsn:cv170478	type-and-original-code	ColourCodeListCode	5	170478	PANTONE TEXTILE Colour System®	A vital tool for designers in the apparel, home furnishings and interior design industries for selecting and specifying colour used in the manufacture of textiles and fashion. The System - consisting of 1,932 colours in cotton or paper format - is ideal for assembling creative palettes and conceptual colour schemes, and for providing colour communication and control in the manufacturing process.  In January of 2001 Pantone Inc. included the NRF Colour Codes into the PANTONE TEXTILE Color System	https://ref.gs1.org/voc/ColourCodeListCode	urn:gs1:std:gdsn:c2147348105	Pantone Textile	Pantone Textile. Same as GS1 ColourCodeList Code 5	PANTONE_TEXTILE	False	False		rdf:type + originalCodeValue + JSON sourceId/classId + GDSN codeListName/label
https://ref.gs1.org/voc/ColourCodeList-RAL	urn:gs1:std:gdsn:cv170482	type-and-original-code	ColourCodeListCode	9	170482	RAL	RAL: Farbsystem RAL colour system is an international colour standard for professional users of colours in industry, trade, architecture and design since 1927. RAL is an independent and neutral partner for industry and trade. http://www.ral.de.	https://ref.gs1.org/voc/ColourCodeListCode	urn:gs1:std:gdsn:c2147348105	Farbsystem RAL Colour System	Farbsystem RAL Colour System.	RAL	False	False		rdf:type + originalCodeValue + JSON sourceId/classId + GDSN codeListName/label
https://ref.gs1.org/voc/ColourCodeList-SELLER	urn:gs1:std:gdsn:cv170480	type-and-original-code	ColourCodeListCode	7	170480	Assigned by Seller	Assigned by Seller	https://ref.gs1.org/voc/ColourCodeListCode	urn:gs1:std:gdsn:c2147348105	Assigned by Seller	Assigned by seller.	SELLER	False	False		rdf:type + originalCodeValue + JSON sourceId/classId + GDSN codeListName/label
https://ref.gs1.org/voc/ColourCodeList-WWS	urn:gs1:std:gdsn:cv170481	type-and-original-code	ColourCodeListCode	8	170481	WWS	"(Waren Wirtschafts System):
A colour code system used in Germany for the standardisation of colours within the fashion/apparel sector."	https://ref.gs1.org/voc/ColourCodeListCode	urn:gs1:std:gdsn:c2147348105	Waren Wirtschafts System	Waren Wirtschafts System.	WWS	False	False		rdf:type + originalCodeValue + JSON sourceId/classId + GDSN codeListName/label
https://ref.gs1.org/voc/CompulsoryAdditionalLabelInformationTypeCode-CAFFEINE	urn:gs1:std:gdsn:cv180965	type-and-iri-code	CompulsoryAdditionalLabelInformationTypeCode	CAFFEINE	180965	Caffeine	The declaration of the cautionary statements related to caffeine. Caffeine is a central nervous system stimulant of the methylxanthine class.	https://ref.gs1.org/voc/CompulsoryAdditionalLabelInformationTypeCode	urn:gs1:std:gdsn:c-799282968	Caffeine	The declaration of the cautionary statements related to caffeine. Caffeine is a central nervous system stimulant of the methylxanthine class.	CAFFEINE	True	False		rdf:type + IRI code suffix + JSON sourceId/classId + GDSN codeListName/label
https://ref.gs1.org/voc/CompulsoryAdditionalLabelInformationTypeCode-MEAT_POULTRY_WATER_RETENTION	urn:gs1:std:gdsn:cv170525	type-and-iri-code	CompulsoryAdditionalLabelInformationTypeCode	MEAT_POULTRY_WATER_RETENTION	170525	Meat poultry water retention 	The declaration of the amount of water added and retained in a raw single-ingredient meat product due to evisceration contact with water, in excess of naturally occurring moisture. 	https://ref.gs1.org/voc/CompulsoryAdditionalLabelInformationTypeCode	urn:gs1:std:gdsn:c-799282968	Meat poultry water retention	The declaration of the amount of water added and retained in a raw single-ingredient meat product due to evisceration contact with water, in excess of naturally occurring moisture.	MEAT_POULTRY_WATER_RETENTION	True	False		rdf:type + IRI code suffix + JSON sourceId/classId + GDSN codeListName/label
https://ref.gs1.org/voc/CompulsoryAdditionalLabelInformationTypeCode-PREBIOTIC	urn:gs1:std:gdsn:cv180966	type-and-iri-code	CompulsoryAdditionalLabelInformationTypeCode	PREBIOTIC	180966	Prebiotic	The declaration of the specific and measurable health benefit conferred by the prebiotic substance. Prebiotics are foods (typically high-fiber foods) that act as food for human microflora. Prebiotics are used with the intention of improving the balance of these microorganisms.	https://ref.gs1.org/voc/CompulsoryAdditionalLabelInformationTypeCode	urn:gs1:std:gdsn:c-799282968	Prebiotic	The declaration of the specific and measurable health benefit conferred by the prebiotic substance. Prebiotics are foods (typically high-fiber foods) that act as food for human microflora. Prebiotics are used with the intention of improving the balance of these microorganisms.	PREBIOTIC	True	False		rdf:type + IRI code suffix + JSON sourceId/classId + GDSN codeListName/label
https://ref.gs1.org/voc/CompulsoryAdditionalLabelInformationTypeCode-PROBIOTICS	urn:gs1:std:gdsn:cv170524	type-and-iri-code	CompulsoryAdditionalLabelInformationTypeCode	PROBIOTICS	170524	Probiotics	The declaration of probiotic health claims and the composition of probiotic microorganisms.	https://ref.gs1.org/voc/CompulsoryAdditionalLabelInformationTypeCode	urn:gs1:std:gdsn:c-799282968	Probiotics	The declaration of probiotic health claims and the composition of probiotic microorganisms.	PROBIOTICS	True	False		rdf:type + IRI code suffix + JSON sourceId/classId + GDSN codeListName/label
https://ref.gs1.org/voc/CompulsoryAdditionalLabelInformationTypeCode-SUPPLEMENTED_FOODS_CAUTION	urn:gs1:std:gdsn:cv180967	type-and-iri-code	CompulsoryAdditionalLabelInformationTypeCode	SUPPLEMENTED_FOODS_CAUTION	180967	Supplemented foods caution	The declaration of supplemented food product contains cautionary statement that the supplemented food may pose a risk to consumers.	https://ref.gs1.org/voc/CompulsoryAdditionalLabelInformationTypeCode	urn:gs1:std:gdsn:c-799282968	Supplemented foods caution	The declaration of supplemented food product contains cautionary statement that the supplemented food may pose a risk to consumers.	SUPPLEMENTED_FOODS_CAUTION	True	False		rdf:type + IRI code suffix + JSON sourceId/classId + GDSN codeListName/label
https://ref.gs1.org/voc/CompulsoryAdditionalLabelInformationTypeCode-SWEETENERS	urn:gs1:std:gdsn:cv180968	type-and-iri-code	CompulsoryAdditionalLabelInformationTypeCode	SWEETENERS	180968	Sweeteners	The declaration of additive sweeteners that are used to impart sweet taste to food.	https://ref.gs1.org/voc/CompulsoryAdditionalLabelInformationTypeCode	urn:gs1:std:gdsn:c-799282968	Sweeteners	The declaration of additive sweeteners that are used to impart sweet taste to food.	SWEETENERS	True	False		rdf:type + IRI code suffix + JSON sourceId/classId + GDSN codeListName/label
https://ref.gs1.org/voc/DietTypeCode-COELIAC	urn:gs1:std:gdsn:cv170975	type-and-iri-code	DietTypeCode	COELIAC	170975	Coeliac	Denotes a product that can be safely consumed by a person with coeliac disease. Coeliac disease is caused by a reaction to gladin (a gluten protein found in wheat) and similar proteins found in other crops.	https://ref.gs1.org/voc/DietTypeCode	urn:gs1:std:gdsn:c-683161172	Coeliac	Denotes a product that can be safely consumed by a person with coeliac disease. Coeliac disease is caused by a reaction to gladin (a gluten protein found in wheat) and similar proteins found in other crops.	COELIAC	True	False		rdf:type + IRI code suffix + JSON sourceId/classId + GDSN codeListName/label
https://ref.gs1.org/voc/DietTypeCode-DIETETIC	urn:gs1:std:gdsn:cv170977	type-and-iri-code	DietTypeCode	DIETETIC	170977	Dietetic	Denotes a product that is specially prepared or processed for people on restrictive diets.	https://ref.gs1.org/voc/DietTypeCode	urn:gs1:std:gdsn:c-683161172	Dietetic	Denotes a product that is specially prepared or processed for people on restrictive diets.	DIETETIC	True	False		rdf:type + IRI code suffix + JSON sourceId/classId + GDSN codeListName/label
https://ref.gs1.org/voc/DietTypeCode-FREE_FROM_GLUTEN	urn:gs1:std:gdsn:cv170978	type-and-iri-code	DietTypeCode	FREE_FROM_GLUTEN	170978	Free From Gluten	Denotes a product that can be used in a gluten free diet, as specified by the appropriate authority within a target market.	https://ref.gs1.org/voc/DietTypeCode	urn:gs1:std:gdsn:c-683161172	Free From Gluten	Denotes a product that can be used in a gluten free diet, as specified by the appropriate authority within a target market.	FREE_FROM_GLUTEN	True	False		rdf:type + IRI code suffix + JSON sourceId/classId + GDSN codeListName/label
https://ref.gs1.org/voc/DietTypeCode-HALAL	urn:gs1:std:gdsn:cv170980	type-and-iri-code	DietTypeCode	HALAL	170980	Halal	Denotes selling or serving food ritually fit according to Islamic dietary laws.	https://ref.gs1.org/voc/DietTypeCode	urn:gs1:std:gdsn:c-683161172	Halal	Denotes selling or serving food ritually fit according to Islamic dietary laws.	HALAL	True	False		rdf:type + IRI code suffix + JSON sourceId/classId + GDSN codeListName/label
https://ref.gs1.org/voc/DietTypeCode-KOSHER	urn:gs1:std:gdsn:cv170985	type-and-iri-code	DietTypeCode	KOSHER	170985	Kosher	Denotes selling or serving food ritually fit according to Jewish dietary laws.	https://ref.gs1.org/voc/DietTypeCode	urn:gs1:std:gdsn:c-683161172	Kosher	Denotes selling or serving food ritually fit according to Jewish dietary laws.	KOSHER	True	False		rdf:type + IRI code suffix + JSON sourceId/classId + GDSN codeListName/label
https://ref.gs1.org/voc/DietTypeCode-ORGANIC	urn:gs1:std:gdsn:cv170996	type-and-iri-code	DietTypeCode	ORGANIC	170996	Organic	Denotes a food product that was produced with the use of feed or fertiliser of plant or animal origin, without employment of chemically formulated fertilisers, growth stimulants, antibiotics or pesticides.	https://ref.gs1.org/voc/DietTypeCode	urn:gs1:std:gdsn:c-683161172	Organic	Denotes a food product that was produced with the use of feed or fertiliser of plant or animal origin, without employment of chemically formulated fertilisers, growth stimulants, antibiotics or pesticides.	ORGANIC	True	False		rdf:type + IRI code suffix + JSON sourceId/classId + GDSN codeListName/label
https://ref.gs1.org/voc/DietTypeCode-VEGAN	urn:gs1:std:gdsn:cv171003	type-and-iri-code	DietTypeCode	VEGAN	171003	Vegan	Products that are not of animal origin and at no stage of production and processing has use been made of, or the product been supplemented with ingredients or processing aids or substances that are of animal origin. The product has not been tested on animals. Local regulations, where they exist, prevail since the term may be a combination or all of the above statements.	https://ref.gs1.org/voc/DietTypeCode	urn:gs1:std:gdsn:c-683161172	Vegan	Denotes a food product which contains no animal food or dairy products.	VEGAN	True	False		rdf:type + IRI code suffix + JSON sourceId/classId + GDSN codeListName/label
https://ref.gs1.org/voc/DietTypeCode-VEGETARIAN	urn:gs1:std:gdsn:cv171004	type-and-iri-code	DietTypeCode	VEGETARIAN	171004	Vegetarian	Denotes a product that contains no meat or other animal products but depending upon the local market regulations may also contain milk, eggs, products from bees (and in some markets also fish), and their components. Please refer to local regulations.	https://ref.gs1.org/voc/DietTypeCode	urn:gs1:std:gdsn:c-683161172	Vegetarian	Denotes a product that contains no meat, fish or other animal products.	VEGETARIAN	True	False		rdf:type + IRI code suffix + JSON sourceId/classId + GDSN codeListName/label
https://ref.gs1.org/voc/DietTypeCode-WITHOUT_BEEF	urn:gs1:std:gdsn:cv171005	type-and-iri-code	DietTypeCode	WITHOUT_BEEF	171005	Without Beef	Denotes a product that contains no beef or beef-products. Beef is considered to be a taboo food product by some religions most notable Hinduism, Buddhism and Jainism.	https://ref.gs1.org/voc/DietTypeCode	urn:gs1:std:gdsn:c-683161172	Without Beef	Denotes a product that contains no beef or beef-products. Beef is considered to be a taboo food product by some religions most notable Hinduism, Buddhism and Jainism.	WITHOUT_BEEF	True	False		rdf:type + IRI code suffix + JSON sourceId/classId + GDSN codeListName/label
https://ref.gs1.org/voc/DietTypeCode-WITHOUT_PORK	urn:gs1:std:gdsn:cv171006	type-and-iri-code	DietTypeCode	WITHOUT_PORK	171006	Without Pork	Denotes a product that contains no pork meat.	https://ref.gs1.org/voc/DietTypeCode	urn:gs1:std:gdsn:c-683161172	Without Pork	Denotes a product that contains no pork meat.	WITHOUT_PORK	True	False		rdf:type + IRI code suffix + JSON sourceId/classId + GDSN codeListName/label
https://ref.gs1.org/voc/GrowingMethodCode-CAGE_FREE	urn:gs1:std:gdsn:cv171956	type-and-iri-code	GrowingMethodCode	CAGE_FREE	171956	Cage Free	The item comes from a chicken able to move about inside a barn without being confined to cages.	https://ref.gs1.org/voc/GrowingMethodCode	urn:gs1:std:gdsn:c1120209087	Cage Free	Animal is not confined to a cage.	CAGE_FREE	True	False		rdf:type + IRI code suffix + JSON sourceId/classId + GDSN codeListName/label
https://ref.gs1.org/voc/GrowingMethodCode-CLONED_FOODS	urn:gs1:std:gdsn:cv171957	type-and-iri-code	GrowingMethodCode	CLONED_FOODS	171957	Cloned Foods	Product is a result of genetic engineering.	https://ref.gs1.org/voc/GrowingMethodCode	urn:gs1:std:gdsn:c1120209087	Cloned Food	Product is a result of genetic engineering.	CLONED_FOODS	True	False		rdf:type + IRI code suffix + JSON sourceId/classId + GDSN codeListName/label
https://ref.gs1.org/voc/GrowingMethodCode-CONVENTIONAL	urn:gs1:std:gdsn:cv171958	type-and-iri-code	GrowingMethodCode	CONVENTIONAL	171958	Conventional	Foods grown non-organically, either indoors or outdoors without any special processes.	https://ref.gs1.org/voc/GrowingMethodCode	urn:gs1:std:gdsn:c1120209087	Conventional	Foods grown non-organically, either indoors or outdoors without any special processes.	CONVENTIONAL	True	False		rdf:type + IRI code suffix + JSON sourceId/classId + GDSN codeListName/label
https://ref.gs1.org/voc/GrowingMethodCode-FARM_RAISED	urn:gs1:std:gdsn:cv171959	type-and-iri-code	GrowingMethodCode	FARM_RAISED	171959	Farm Raised	The item comes from an animal (bird, fish, or mammal), that is raised on a farm.	https://ref.gs1.org/voc/GrowingMethodCode	urn:gs1:std:gdsn:c1120209087	Farm Raised	Animal is raised on a farm.	FARM_RAISED	True	False		rdf:type + IRI code suffix + JSON sourceId/classId + GDSN codeListName/label
https://ref.gs1.org/voc/GrowingMethodCode-FIELD_GROWN	urn:gs1:std:gdsn:cv171960	type-and-iri-code	GrowingMethodCode	FIELD_GROWN	171960	Field Grown	Plants Grown Outdoors	https://ref.gs1.org/voc/GrowingMethodCode	urn:gs1:std:gdsn:c1120209087	Field Grown	Plants Grown Outdoors	FIELD_GROWN	True	False		rdf:type + IRI code suffix + JSON sourceId/classId + GDSN codeListName/label
https://ref.gs1.org/voc/GrowingMethodCode-FLY_FREE	urn:gs1:std:gdsn:cv171961	type-and-iri-code	GrowingMethodCode	FLY_FREE	171961	Fly Free	Citrus Grown in an area certified to be free of all Caribbean Fruit Flies based on trappings	https://ref.gs1.org/voc/GrowingMethodCode	urn:gs1:std:gdsn:c1120209087	Fly Free	Citrus Grown in an area certified to be free of all Caribbean Fruit Flies based on trappings	FLY_FREE	True	False		rdf:type + IRI code suffix + JSON sourceId/classId + GDSN codeListName/label
https://ref.gs1.org/voc/GrowingMethodCode-FREE_RANGE	urn:gs1:std:gdsn:cv171962	type-and-iri-code	GrowingMethodCode	FREE_RANGE	171962	Free Range	The item comes from a chicken able access to an outdoor area.	https://ref.gs1.org/voc/GrowingMethodCode	urn:gs1:std:gdsn:c1120209087	Free Range	A method that animals are allowed to roam with little restriction to their movements.	FREE_RANGE	True	False		rdf:type + IRI code suffix + JSON sourceId/classId + GDSN codeListName/label
https://ref.gs1.org/voc/GrowingMethodCode-GRASS_FED	urn:gs1:std:gdsn:cv171963	type-and-iri-code	GrowingMethodCode	GRASS_FED	171963	Grass Fed	The item comes from an animal (bird, fish, or mammal), that is grass fed.	https://ref.gs1.org/voc/GrowingMethodCode	urn:gs1:std:gdsn:c1120209087	Grass Fed	Animal is predominately fed grass or forage.	GRASS_FED	True	False		rdf:type + IRI code suffix + JSON sourceId/classId + GDSN codeListName/label
https://ref.gs1.org/voc/GrowingMethodCode-GREENHOUSE	urn:gs1:std:gdsn:cv171964	type-and-iri-code	GrowingMethodCode	GREENHOUSE	171964	Greenhouse	Product(s) that are grown and cultivated in a structure with wall and roof covered with glass or a transparent material under controlled environment conditions (e.g., plant, fish).	https://ref.gs1.org/voc/GrowingMethodCode	urn:gs1:std:gdsn:c1120209087	Greenhouse	Plants that are grown and cultivated in an indoor covered place.	GREENHOUSE	True	False		rdf:type + IRI code suffix + JSON sourceId/classId + GDSN codeListName/label
https://ref.gs1.org/voc/GrowingMethodCode-HUMANELY_RAISED	urn:gs1:std:gdsn:cv171965	type-and-iri-code	GrowingMethodCode	HUMANELY_RAISED	171965	Humanely Raised	A process where animals are raised such that the welfare of the animal is a foremost concern.	https://ref.gs1.org/voc/GrowingMethodCode	urn:gs1:std:gdsn:c1120209087	Humanely Raised	A process where animals are raised such that the welfare of the animal is a foremost concern.	HUMANELY_RAISED	True	False		rdf:type + IRI code suffix + JSON sourceId/classId + GDSN codeListName/label
https://ref.gs1.org/voc/GrowingMethodCode-HYDROPONIC	urn:gs1:std:gdsn:cv171966	type-and-iri-code	GrowingMethodCode	HYDROPONIC	171966	Hydroponic	Plants grown using mineral nutrient solutions instead of soil.	https://ref.gs1.org/voc/GrowingMethodCode	urn:gs1:std:gdsn:c1120209087	Hydroponic	Plants grown using mineral nutrient solutions instead of soil.	HYDROPONIC	True	False		rdf:type + IRI code suffix + JSON sourceId/classId + GDSN codeListName/label
https://ref.gs1.org/voc/GrowingMethodCode-INTEGRATED_PEST_MANAGEMENT	urn:gs1:std:gdsn:cv171967	type-and-iri-code	GrowingMethodCode	INTEGRATED_PEST_MANAGEMENT	171967	Integrated Pest Management	(IPM) Plants grown using a pest control strategy that uses an array of complimentary methods: mechanical devices, physical devices, genetic, biological, legal, cultural management and chemical management. These methods are done in three stages: prevention, observation, and intervention. It is an ecological approach with a main goal of significantly reducing or eliminating the use of pesticides. array of complimentary methods: mechanical devices, physical devices, genetic, biological, legal, cultural management and chemical management. These methods are done in three stages: prevention, observation, and intervention. It is an ecological approach with a main goal of significantly reducing or eliminating the use of pesticides.	https://ref.gs1.org/voc/GrowingMethodCode	urn:gs1:std:gdsn:c1120209087	Integrated Pest Management	(IPM) Plants grown using a pest control strategy that uses an array of complimentary methods: mechanical devices, physical devices, genetic, biological, legal, cultural management and chemical management. These methods are done in three stages: prevention, observation, and intervention. It is an ecological approach with a main goal of significantly reducing or eliminating the use of pesticides.	INTEGRATED_PEST_MANAGEMENT	True	False		rdf:type + IRI code suffix + JSON sourceId/classId + GDSN codeListName/label
https://ref.gs1.org/voc/GrowingMethodCode-ORGANIC	urn:gs1:std:gdsn:cv171968	type-and-iri-code	GrowingMethodCode	ORGANIC	171968	Organic	Foods grown organically, either indoors or outdoors	https://ref.gs1.org/voc/GrowingMethodCode	urn:gs1:std:gdsn:c1120209087	Organic	Foods grown organically, either indoors or outdoors.	ORGANIC	True	False		rdf:type + IRI code suffix + JSON sourceId/classId + GDSN codeListName/label
https://ref.gs1.org/voc/GrowingMethodCode-SHADE_GROWN	urn:gs1:std:gdsn:cv171969	type-and-iri-code	GrowingMethodCode	SHADE_GROWN	171969	Shade Grown	Plant grown under shade of a canopy of trees; typically used in the cultivation of coffee	https://ref.gs1.org/voc/GrowingMethodCode	urn:gs1:std:gdsn:c1120209087	Shade Grown	Produce which has been grown under shade or grown under cloth.	SHADE_GROWN	True	False		rdf:type + IRI code suffix + JSON sourceId/classId + GDSN codeListName/label
https://ref.gs1.org/voc/GrowingMethodCode-SUSTAINABLE	urn:gs1:std:gdsn:cv171970	type-and-iri-code	GrowingMethodCode	SUSTAINABLE	171970	Sustainable	A method of growing a resource so that the resource is not depleted or permanently damaged.	https://ref.gs1.org/voc/GrowingMethodCode	urn:gs1:std:gdsn:c1120209087	Sustainable		SUSTAINABLE	True	False		rdf:type + IRI code suffix + JSON sourceId/classId + GDSN codeListName/label
https://ref.gs1.org/voc/GrowingMethodCode-WILD	urn:gs1:std:gdsn:cv171971	type-and-iri-code	GrowingMethodCode	WILD	171971	Wild	The animal was not inhibited or prohibited from roving, wandering, and not tamed or domesticated or the plant has not been tilled, prepared or planted.	https://ref.gs1.org/voc/GrowingMethodCode	urn:gs1:std:gdsn:c1120209087	Wild	The animal or plant was not inhibited or prohibited from roving, wandering, and not tamed or domesticated.	WILD	True	False		rdf:type + IRI code suffix + JSON sourceId/classId + GDSN codeListName/label
https://ref.gs1.org/voc/LevelOfContainmentCode-CONTAINS	urn:gs1:std:gdsn:cv172347	type-and-iri-code	LevelOfContainmentCode	CONTAINS	172347	Contains	Intentionally included in the product.	https://ref.gs1.org/voc/LevelOfContainmentCode	urn:gs1:std:gdsn:c-1676761165	Contains	Intentionally included in the product.	CONTAINS	True	False		rdf:type + IRI code suffix + JSON sourceId/classId + GDSN codeListName/label
https://ref.gs1.org/voc/LevelOfContainmentCode-FREE_FROM	urn:gs1:std:gdsn:cv172348	type-and-iri-code	LevelOfContainmentCode	FREE_FROM	172348	Free From	"The product is free from the indicated substance.  ""Free from"" may be defined by a regulatory authority in the target market."	https://ref.gs1.org/voc/LevelOfContainmentCode	urn:gs1:std:gdsn:c-1676761165	Free From	The product is free from the indicated substance.	FREE_FROM	True	False		rdf:type + IRI code suffix + JSON sourceId/classId + GDSN codeListName/label
https://ref.gs1.org/voc/LevelOfContainmentCode-MAY_CONTAIN	urn:gs1:std:gdsn:cv172349	type-and-iri-code	LevelOfContainmentCode	MAY_CONTAIN	172349	May Contain	The substance is not intentionally included, but due to shared production facilities or other reasons, the product may contain the substance.	https://ref.gs1.org/voc/LevelOfContainmentCode	urn:gs1:std:gdsn:c-1676761165	May Contain	The substance is not intentionally included, but due to shared production facilities or other reasons, the product may contain the substance.	MAY_CONTAIN	True	False		rdf:type + IRI code suffix + JSON sourceId/classId + GDSN codeListName/label
https://ref.gs1.org/voc/MaturationMethodCode-JET_FRESH	urn:gs1:std:gdsn:cv172494	type-and-iri-code	MaturationMethodCode	JET_FRESH	172494	Jet Fresh	Freshly picked and immediately packed and shipped at mature stage and flown to destination for adequate distribution (i.e. imports from South America, Africa or Europe). Flown by jet to market; the carton will be labelled Jet Fresh, when applicable, stickered Jet Fresh. For the produce industry, most common with berries, stonefruits and pineapples	https://ref.gs1.org/voc/MaturationMethodCode	urn:gs1:std:gdsn:c-1168885596	Jet Fresh	Freshly picked and immediately packed and shipped at mature stage and flown to destination for adequate distribution (i.e. imports from South America, Africa or Europe). Flown by jet to market; the carton will be labelled Jet Fresh, when applicable, stickered Jet Fresh. For the produce industry, most common with berries, stone fruits and pineapples.	JET_FRESH	True	False		rdf:type + IRI code suffix + JSON sourceId/classId + GDSN codeListName/label
https://ref.gs1.org/voc/MaturationMethodCode-PRECONDITIONED	urn:gs1:std:gdsn:cv172495	type-and-iri-code	MaturationMethodCode	PRECONDITIONED	172495	Preconditioned	Product stored at proper temperature prior to shipment to allow ripening and/or colouring, adequate for distribution and/or consumption. Pre- conditioned product is matured to a specific maturity level as a result of ripening through either temperature, gas treatment, humidity or any combination thereof.	https://ref.gs1.org/voc/MaturationMethodCode	urn:gs1:std:gdsn:c-1168885596	Preconditioned	Product stored at proper temperature prior to shipment to allow ripening and/or colouring, adequate for distribution and/or consumption. Pre-conditioned product is matured to a specific maturity level as a result of ripening through either temperature, gas treatment, humidity or any combination thereof.	PRECONDITIONED	True	False		rdf:type + IRI code suffix + JSON sourceId/classId + GDSN codeListName/label
https://ref.gs1.org/voc/MaturationMethodCode-TREE_VINE_RIPE	urn:gs1:std:gdsn:cv172497	type-and-iri-code	MaturationMethodCode	TREE_VINE_RIPE	172497	Tree Vine  Ripe	Product that is picked at optimum maturity or just shy of. It is almost ‘ripe’ or ‘ready to eat’. This fruit will be shipped immediately (imported = flown) from the pack-house and stickered as Tree or Vine Ripe.	https://ref.gs1.org/voc/MaturationMethodCode	urn:gs1:std:gdsn:c-1168885596	Tree Vine Ripe	Product that is picked at optimum maturity or just shy of. It is almost ripe or ready to eat. This fruit will be shipped immediately (imported = flown) from the pack-house and stickered as Tree or Vine Ripe.	TREE_VINE_RIPE	True	False		rdf:type + IRI code suffix + JSON sourceId/classId + GDSN codeListName/label
https://ref.gs1.org/voc/MeasurementPrecisionCode-APPROXIMATELY	urn:gs1:std:gdsn:cv172501	type-and-iri-code	MeasurementPrecisionCode	APPROXIMATELY	172501	Approximately	The method used to analyse the products resulted in approximate value of the nutritional content.	https://ref.gs1.org/voc/MeasurementPrecisionCode	urn:gs1:std:gdsn:c-2070653794	Approximately	The method used to analyse the products resulted in approximate value of the nutritional content.	APPROXIMATELY	True	False		rdf:type + IRI code suffix + JSON sourceId/classId + GDSN codeListName/label
https://ref.gs1.org/voc/MeasurementPrecisionCode-EXACT	urn:gs1:std:gdsn:cv172502	type-and-iri-code	MeasurementPrecisionCode	EXACT	172502	Exact	The method used to analyse the products resulted in exact value of the nutritional content.	https://ref.gs1.org/voc/MeasurementPrecisionCode	urn:gs1:std:gdsn:c-2070653794	Exact	The method used to analyse the products resulted in exact value of the nutritional content.	EXACT	True	False		rdf:type + IRI code suffix + JSON sourceId/classId + GDSN codeListName/label
https://ref.gs1.org/voc/MeasurementPrecisionCode-LESS_THAN	urn:gs1:std:gdsn:cv172505	type-and-iri-code	MeasurementPrecisionCode	LESS_THAN	172505	Less Than	To indicate presence when the measurement value is too small to be measured precisely (rule states less than 0.5).	https://ref.gs1.org/voc/MeasurementPrecisionCode	urn:gs1:std:gdsn:c-2070653794	Less Than	To indicate presence when the measurement value is too small to be measured precisely (rule states less than 0.5).	LESS_THAN	True	False		rdf:type + IRI code suffix + JSON sourceId/classId + GDSN codeListName/label
https://ref.gs1.org/voc/OrganicClaimAgencyCode-1	urn:gs1:std:gdsn:cv174793	type-and-iri-code	OrganicClaimAgencyCode	1	174793	EPA	EPA – US Environmental Protection Agency	https://ref.gs1.org/voc/OrganicClaimAgencyCode	urn:gs1:std:gdsn:c366491729	EPA	EPA - US Environmental Protection Agency	1	True	False		rdf:type + IRI code suffix + JSON sourceId/classId + GDSN codeListName/label
https://ref.gs1.org/voc/OrganicClaimAgencyCode-10	urn:gs1:std:gdsn:cv174794	type-and-iri-code	OrganicClaimAgencyCode	10	174794	Demeter-Bund	Demeter-Bund - The Demeter movement as an entrepreneurial network promotes the development of bio-dynamic economy, to secure the livelihoods of the world and to strengthen the positive people in his ministry. In cooperation contribute producers, processors, traders and consumers in partnership to shape the market.	https://ref.gs1.org/voc/OrganicClaimAgencyCode	urn:gs1:std:gdsn:c366491729	Demeter-Bund	Demeter-Bund - The Demeter movement as an entrepreneurial network promotes the development of bio-dynamic economy, to secure the livelihoods of the world and to strengthen the positive people in his ministry. In cooperation contribute producers, processors, traders and consumers in partnership to shape the market.	10	True	False		rdf:type + IRI code suffix + JSON sourceId/classId + GDSN codeListName/label
https://ref.gs1.org/voc/OrganicClaimAgencyCode-11	urn:gs1:std:gdsn:cv174795	type-and-iri-code	OrganicClaimAgencyCode	11	174795	GÄA	"GÄA - Gäa is a diverse farming association for farmers, processors and traders inside.Focal point is Germany. Gäa is a special design for the structure of the organic farming. 
Biokreis- The Biokreis is an association for organic farming. Currently more than 800 farms, 80 and 200 processors, consumers are members of Biokreis, committed to working together on more than 33,000 for organic and sustainable farming."	https://ref.gs1.org/voc/OrganicClaimAgencyCode	urn:gs1:std:gdsn:c366491729	GÄA	GÄA is a diverse farming association for farmers, processors and traders inside.Focal point is Germany. GÄA is a special design for the structure of the organic farming.  Biokreis- The Biokreis is an association for organic farming. Currently more than 800 farms, 80 and 200 processors, consumers are members of Biokreis, committed to working together on more than 33,000 for organic and sustainable farming.	11	True	False		rdf:type + IRI code suffix + JSON sourceId/classId + GDSN codeListName/label
https://ref.gs1.org/voc/OrganicClaimAgencyCode-12	urn:gs1:std:gdsn:cv174796	type-and-iri-code	OrganicClaimAgencyCode	12	174796	Naturland	Naturland - Naturland is active the world over in promoting organic agriculture. Its members are farmers who produce a wide range of valuable products: coffee from Mexico and Peru, olive oil from Greece, tea from the slopes of India’s mountains, pineapple and other tropical fruit from Uganda, spices from Sri Lanka. Organic agriculture safeguards the existence of smallholders and helps with the sustainable management of what are often fragile ecosystems. On a global scale, over 50,000 Naturland farmers are cultivating an area of over 142,000 hectares.	https://ref.gs1.org/voc/OrganicClaimAgencyCode	urn:gs1:std:gdsn:c366491729	Naturland	Naturland - Naturland is active the world over in promoting organic agriculture. Its members are farmers who produce a wide range of valuable products: coffee from Mexico and Peru, olive oil from Greece, tea from the slopes of India's mountains, pineapple and other tropical fruit from Uganda, spices from Sri Lanka. Organic agriculture safeguards the existence of smallholders and helps with the sustainable management of what are often fragile ecosystems. On a global scale, over 50,000 Naturland farmers are cultivating an area of over 142,000 hectares.	12	True	False		rdf:type + IRI code suffix + JSON sourceId/classId + GDSN codeListName/label
https://ref.gs1.org/voc/OrganicClaimAgencyCode-13	urn:gs1:std:gdsn:cv174797	type-and-iri-code	OrganicClaimAgencyCode	13	174797	Biopark	Biopark - Biopark is an organic farmers’ association based in the North of Germany, in Mecklenburg-Vorpommerania. 	https://ref.gs1.org/voc/OrganicClaimAgencyCode	urn:gs1:std:gdsn:c366491729	Biopark	Biopark - Biopark is an organic farmers' association based in the North of Germany, in Mecklenburg-Vorpommerania. 	13	True	False		rdf:type + IRI code suffix + JSON sourceId/classId + GDSN codeListName/label
https://ref.gs1.org/voc/OrganicClaimAgencyCode-14	urn:gs1:std:gdsn:cv174798	type-and-iri-code	OrganicClaimAgencyCode	14	174798	Ecovin	Ecovin - ECOVIN Federation Organic Viticulture Association: ECOVIN largest merger in 1985 as ecologically-working wine estates in Germany was founded. Approximately 220 member companies currently manage 1,600 hectares of vineyards in 11 German wine-growing areas.	https://ref.gs1.org/voc/OrganicClaimAgencyCode	urn:gs1:std:gdsn:c366491729	Ecovin	Ecovin - ECOVIN Federation Organic Viticulture Association: ECOVIN largest merger in 1985 as ecologically-working wine estates in Germany was founded. Approximately 220 member companies currently manage 1,600 hectares of vineyards in 11 German wine-growing areas.	14	True	False		rdf:type + IRI code suffix + JSON sourceId/classId + GDSN codeListName/label
https://ref.gs1.org/voc/OrganicClaimAgencyCode-15	urn:gs1:std:gdsn:cv174799	type-and-iri-code	OrganicClaimAgencyCode	15	174799	IFOAM	IFOAM - The International Federation of Organic Agriculture Movements (IFOAM) is a grassroots and democratic organisation that currently unites 750 member organisations in 116 countries. Note: this value will be deleted in the future and should not be used.	https://ref.gs1.org/voc/OrganicClaimAgencyCode	urn:gs1:std:gdsn:c366491729	IFOAM	IFOAM - The International Federation of Organic Agriculture Movements (IFOAM) is a grassroots and democratic organisation that currently unites 750 member organisations in 116 countries. Note: this value will be deleted in the future and should not be used.	15	True	False		rdf:type + IRI code suffix + JSON sourceId/classId + GDSN codeListName/label
https://ref.gs1.org/voc/OrganicClaimAgencyCode-16	urn:gs1:std:gdsn:cv174800	type-and-iri-code	OrganicClaimAgencyCode	16	174800	Demeter International	Demeter International Demeter-International e. V. is a non profit organisation and its member organisations work together in the spirit of an international confederation with democratic principles. Membership requires a functioning Demeter certification programme.	https://ref.gs1.org/voc/OrganicClaimAgencyCode	urn:gs1:std:gdsn:c366491729	Demeter International	Demeter International Demeter-International e. V. is a non profit organisation and its member organisations work together in the spirit of an international confederation with democratic principles. Membership requires a functioning Demeter certification programme.	16	True	False		rdf:type + IRI code suffix + JSON sourceId/classId + GDSN codeListName/label
https://ref.gs1.org/voc/OrganicClaimAgencyCode-17	urn:gs1:std:gdsn:cv174801	type-and-iri-code	OrganicClaimAgencyCode	17	174801	Bioland	Bioland: The leading organic farmers' association in Germany for the economy of organic-based businesses without synthetic pesticides and synthetic chemical nitrogen fertilizer. The animals are kept humanely and processed food carefully. This provides an environmentally sound and sustainable food production. http://www.bioland.de.	https://ref.gs1.org/voc/OrganicClaimAgencyCode	urn:gs1:std:gdsn:c366491729	Bioland	Bioland: The leading organic farmers' association in Germany for the economy of organic-based businesses without synthetic pesticides and synthetic chemical nitrogen fertilizer. The animals are kept humanely and processed food carefully. This provides an environmentally sound and sustainable food production. http://www.bioland.de.	17	True	False		rdf:type + IRI code suffix + JSON sourceId/classId + GDSN codeListName/label
https://ref.gs1.org/voc/OrganicClaimAgencyCode-19	urn:gs1:std:gdsn:cv174802	type-and-iri-code	OrganicClaimAgencyCode	19	174802	QCS	Quality Certification Services. Note: this value will be deleted in the future and should not be used.	https://ref.gs1.org/voc/OrganicClaimAgencyCode	urn:gs1:std:gdsn:c366491729	QCS	Quality Certification Services. Note: this value will be deleted in the future and should not be used.	19	True	False		rdf:type + IRI code suffix + JSON sourceId/classId + GDSN codeListName/label
https://ref.gs1.org/voc/OrganicClaimAgencyCode-2	urn:gs1:std:gdsn:cv174803	type-and-iri-code	OrganicClaimAgencyCode	2	174803	FSA	FSA – UK Food Standards Agency	https://ref.gs1.org/voc/OrganicClaimAgencyCode	urn:gs1:std:gdsn:c366491729	FSA	FSA - UK Food Standards Agency	2	True	False		rdf:type + IRI code suffix + JSON sourceId/classId + GDSN codeListName/label
https://ref.gs1.org/voc/OrganicClaimAgencyCode-20	urn:gs1:std:gdsn:cv174804	type-and-iri-code	OrganicClaimAgencyCode	20	174804	WSDA	Washington State Dept. of Agriculture. Note: this value will be deleted in the future and should not be used.	https://ref.gs1.org/voc/OrganicClaimAgencyCode	urn:gs1:std:gdsn:c366491729	WSDA	Washington State Dept. of Agriculture. Note: this value will be deleted in the future and should not be used.	20	True	False		rdf:type + IRI code suffix + JSON sourceId/classId + GDSN codeListName/label
https://ref.gs1.org/voc/OrganicClaimAgencyCode-21	urn:gs1:std:gdsn:cv174805	type-and-iri-code	OrganicClaimAgencyCode	21	174805	CFIA - Organic Regime	The Canada Organic Regime is the Government of Canada's response to requests by the organic sector and consumers to develop a regulated system for organic agricultural products. The Organic Products Regulations define specific requirements for organic products to be labelled as organic or that bear the Canada Organic logo. URL: http://www.inspection.gc.ca/food/organic-products/labelling-and-general-information/certified-choice/eng/1328082717777/1328082783032 	https://ref.gs1.org/voc/OrganicClaimAgencyCode	urn:gs1:std:gdsn:c366491729	CFIA - Organic Regime	The Canada Organic Regime is the Government of Canada's response to requests by the organic sector and consumers to develop a regulated system for organic agricultural products. The Organic Products Regulations define specific requirements for organic products to be labelled as organic or that bear the Canada Organic logo. URL: http://www.inspection.gc.ca/food/organic-products/labelling-and-general-information/certified-choice/eng/1328082717777/1328082783032 	21	True	False		rdf:type + IRI code suffix + JSON sourceId/classId + GDSN codeListName/label
https://ref.gs1.org/voc/OrganicClaimAgencyCode-22	urn:gs1:std:gdsn:cv174806	type-and-iri-code	OrganicClaimAgencyCode	22	174806	EU Commission	The European Union Commission.	https://ref.gs1.org/voc/OrganicClaimAgencyCode	urn:gs1:std:gdsn:c366491729	EU Commission	The European Union Commission.	22	True	False		rdf:type + IRI code suffix + JSON sourceId/classId + GDSN codeListName/label
https://ref.gs1.org/voc/OrganicClaimAgencyCode-23	urn:gs1:std:gdsn:cv174807	type-and-iri-code	OrganicClaimAgencyCode	23	174807	The Organic Industry Standards and Certification Council (OISCC)	OISCC - The Organic Industry Standards and Certification Council maintains the Australian National Standard for Organic and Biodynamic Produce, to ensure continued consumer confidence and International market access.	https://ref.gs1.org/voc/OrganicClaimAgencyCode	urn:gs1:std:gdsn:c366491729	The Organic Industry Standards and Certification Council (OISCC)	OISCC - The Organic Industry Standards and Certification Council maintains the Australian National Standard for Organic and Biodynamic Produce, to ensure continued consumer confidence and International market access.	23	True	False		rdf:type + IRI code suffix + JSON sourceId/classId + GDSN codeListName/label
https://ref.gs1.org/voc/OrganicClaimAgencyCode-24	urn:gs1:std:gdsn:cv174808	type-and-iri-code	OrganicClaimAgencyCode	24	174808	Australian Certified Organic (ACO)	ACO - Australian Certified Organic is Australia’s largest certifier for organic and biodynamic produce and has over 1500 operators within its certification system. ACO is a not for profit fully-owned subsidiary of Australia Organic Ltd.	https://ref.gs1.org/voc/OrganicClaimAgencyCode	urn:gs1:std:gdsn:c366491729	Australian Certified Organic (ACO)	ACO - Australian Certified Organic is Australia's largest certifier for organic and biodynamic produce and has over 1500 operators within its certification system. ACO is a not for profit fully-owned subsidiary of Australia Organic Ltd.	24	True	False		rdf:type + IRI code suffix + JSON sourceId/classId + GDSN codeListName/label
https://ref.gs1.org/voc/OrganicClaimAgencyCode-25	urn:gs1:std:gdsn:cv174809	type-and-iri-code	OrganicClaimAgencyCode	25	174809	National Association for Sustainable Agriculture (NASAA)	NASAA Certified Organic (NCO) is a fully-owned subsidiary of The National Association for Sustainable Agriculture, Australia who provides the certification services.	https://ref.gs1.org/voc/OrganicClaimAgencyCode	urn:gs1:std:gdsn:c366491729	National Association for Sustainable Agriculture (NASAA)	NASAA Certified Organic (NCO) is a fully-owned subsidiary of The National Association for Sustainable Agriculture, Australia who provides the certification services.	25	True	False		rdf:type + IRI code suffix + JSON sourceId/classId + GDSN codeListName/label
https://ref.gs1.org/voc/OrganicClaimAgencyCode-26	urn:gs1:std:gdsn:cv174810	type-and-iri-code	OrganicClaimAgencyCode	26	174810	OFC	OFC - The Organic Food Chain provides certification services in accordance with the National Standard for Organic and Bio-Dynamic Produce and other international organic certification standards.	https://ref.gs1.org/voc/OrganicClaimAgencyCode	urn:gs1:std:gdsn:c366491729	OFC	OFC - The Organic Food Chain provides certification services in accordance with the National Standard for Organic and Bio-Dynamic Produce and other international organic certification standards.	26	True	False		rdf:type + IRI code suffix + JSON sourceId/classId + GDSN codeListName/label
https://ref.gs1.org/voc/OrganicClaimAgencyCode-27	urn:gs1:std:gdsn:cv174811	type-and-iri-code	OrganicClaimAgencyCode	27	174811	AUS-QUAL	AUS-QUAL is a certification body accredited by JAS-ANZ, providing conformity assessment services for quality management and food safety (HACCP) management systems, as well as Product Cortication Systems for the wider Australian and New Zealand agricultural, horticultural and secondary processing sectors.	https://ref.gs1.org/voc/OrganicClaimAgencyCode	urn:gs1:std:gdsn:c366491729	AUS-QUAL	AUS-QUAL is a certification body accredited by JAS-ANZ, providing conformity assessment services for quality management and food safety (HACCP) management systems, as well as Product Cortication Systems for the wider Australian and New Zealand agricultural, horticultural and secondary processing sectors.	27	True	False		rdf:type + IRI code suffix + JSON sourceId/classId + GDSN codeListName/label
https://ref.gs1.org/voc/OrganicClaimAgencyCode-28	urn:gs1:std:gdsn:cv174812	type-and-iri-code	OrganicClaimAgencyCode	28	174812	BDRI	"The Bio-Dynamic Research Institute, founded in 1957, is involved in research and practical development of the Australian DEMETER Bio-Dynamic Method of Agriculture. In 1967 it was vested with the rights and supervision of the DEMETER Trademark in Australia.
Part of this role is the certification of DEMETER quality products."	https://ref.gs1.org/voc/OrganicClaimAgencyCode	urn:gs1:std:gdsn:c366491729	BDRI	The Bio-Dynamic Research Institute, founded in 1957, is involved in research and practical development of the Australian DEMETER Bio-Dynamic Method of Agriculture. In 1967 it was vested with the rights and supervision of the DEMETER Trademark in Australia. Part of this role is the certification of DEMETER quality products.	28	True	False		rdf:type + IRI code suffix + JSON sourceId/classId + GDSN codeListName/label
https://ref.gs1.org/voc/OrganicClaimAgencyCode-29	urn:gs1:std:gdsn:cv174813	type-and-iri-code	OrganicClaimAgencyCode	29	174813	SFQ	Safe Food Production Queensland  works in partnership with the Department of Agriculture and Fisheries and Forestry (DAFF) and Queensland Health (QH) across the entire food chain, to ensure Queensland's food supply is safe.	https://ref.gs1.org/voc/OrganicClaimAgencyCode	urn:gs1:std:gdsn:c366491729	SFQ	Safe Food Production Queensland  works in partnership with the Department of Agriculture and Fisheries and Forestry (DAFF) and Queensland Health (QH) across the entire food chain, to ensure Queensland's food supply is safe.	29	True	False		rdf:type + IRI code suffix + JSON sourceId/classId + GDSN codeListName/label
https://ref.gs1.org/voc/OrganicClaimAgencyCode-3	urn:gs1:std:gdsn:cv174814	type-and-iri-code	OrganicClaimAgencyCode	3	174814	FDA	FDA – US Food and Drug Agency	https://ref.gs1.org/voc/OrganicClaimAgencyCode	urn:gs1:std:gdsn:c366491729	FDA	FDA - US Food and Drug Agency	3	True	False		rdf:type + IRI code suffix + JSON sourceId/classId + GDSN codeListName/label
https://ref.gs1.org/voc/OrganicClaimAgencyCode-30	urn:gs1:std:gdsn:cv174815	type-and-iri-code	OrganicClaimAgencyCode	30	174815	Danish Veterinary and Food Administration (DVFA)	"​The Danish Veterinary and Food Administration (DVFA) is part of the Ministry of Environment and Food. DVFA is responsible for food safety and health from farm to fork and maintains a list of Danish food companies, aquacultural farms etc. subject to organic inspection.
Only authorities under the Ministry of Environment and Food carry out inspection under the government rules for organic production. The Danish AgriFish Agency inspects ​the primary production, while the Danish Veterinary and Food Administration (DVFA) inspects food companies."	https://ref.gs1.org/voc/OrganicClaimAgencyCode	urn:gs1:std:gdsn:c366491729	Danish Veterinary and Food Administration (DVFA)	The Danish Veterinary and Food Administration (DVFA) is part of the Ministry of Environment and Food. DVFA is responsible for food safety and health from farm to fork and maintains a list of Danish food companies, aquacultural farms etc. subject to organic inspection. Only authorities under the Ministry of Environment and Food carry out inspection under the government rules for organic production. The Danish AgriFish Agency inspects the primary production, while the Danish Veterinary and Food Administration (DVFA) inspects food companies.	30	True	False		rdf:type + IRI code suffix + JSON sourceId/classId + GDSN codeListName/label
https://ref.gs1.org/voc/OrganicClaimAgencyCode-31	urn:gs1:std:gdsn:cv174816	type-and-iri-code	OrganicClaimAgencyCode	31	174816	Ökohöfe	Verbund Ökohöfe e.V. is an organic cultivation association based in Wanzleben in the Magdeburg Börde region	https://ref.gs1.org/voc/OrganicClaimAgencyCode	urn:gs1:std:gdsn:c366491729	Ökohöfe	Verbund Ökohöfe e.V. is an organic cultivation association based in Wanzleben in the Magdeburg Börde region	31	True	False		rdf:type + IRI code suffix + JSON sourceId/classId + GDSN codeListName/label
https://ref.gs1.org/voc/OrganicClaimAgencyCode-32	urn:gs1:std:gdsn:cv174817	type-and-iri-code	OrganicClaimAgencyCode	32	174817	Bayerisches Bio-Siegel	The biolabel of the Bavarian State Ministry for Food, Agriculture and Forestry meets the wish of consumers for a high quality of organic products and traceable origin. Only those products whose organic quality standards extend far beyond the statutory regulations and originate from the stated regions are permitted to bear this quality seal. Try out convincing organic products yourself, safe in the knowledge of their place of origin.	https://ref.gs1.org/voc/OrganicClaimAgencyCode	urn:gs1:std:gdsn:c366491729	Bayerisches Bio-Siegel	The biolabel of the Bavarian State Ministry for Food, Agriculture and Forestry meets the wish of consumers for a high quality of organic products and traceable origin. Only those products whose organic quality standards extend far beyond the statutory regulations and originate from the stated regions are permitted to bear this quality seal. Try out convincing organic products yourself, safe in the knowledge of their place of origin.	32	True	False		rdf:type + IRI code suffix + JSON sourceId/classId + GDSN codeListName/label
https://ref.gs1.org/voc/OrganicClaimAgencyCode-33	urn:gs1:std:gdsn:cv174818	type-and-iri-code	OrganicClaimAgencyCode	33	174818	Bio Baden-Württemberg	The products marked with the bio-symbol Baden-Württemberg are regional organic foods with traceable origin. The use or labelling is based on the ecological standards of the EC eco-regulation supplemented by the requirement that the products have to be produced in fully converted farms and partly also to the stricter requirements of the ecological cultivation associations	https://ref.gs1.org/voc/OrganicClaimAgencyCode	urn:gs1:std:gdsn:c366491729	Bio Baden-Württemberg	The products marked with the bio-symbol Baden-Württemberg are regional organic foods with traceable origin. The use or labelling is based on the ecological standards of the EC eco-regulation supplemented by the requirement that the products have to be produced in fully converted farms and partly also to the stricter requirements of the ecological cultivation associations	33	True	False		rdf:type + IRI code suffix + JSON sourceId/classId + GDSN codeListName/label
https://ref.gs1.org/voc/OrganicClaimAgencyCode-34	urn:gs1:std:gdsn:cv174819	type-and-iri-code	OrganicClaimAgencyCode	34	174819	Stichting EKO keurmerk	The EKO Certification Foundation is an independent private foundation established in 2012. The foundation has no profit objective. The EKO label for foods has been around for 30 years, and most people know as a hallmark for organic foods. The EKO certificate has been the owner of this collective mark. With the advent of the European Ecolabel (the green leaf with the asterisks), EKO has been given the opportunity to develop further. Producers should be in addition to biologically certified, also carry out additional efforts in the area of ​​sustainability.	https://ref.gs1.org/voc/OrganicClaimAgencyCode	urn:gs1:std:gdsn:c366491729	Stichting EKO keurmerk	The EKO Certification Foundation is an independent private foundation established in 2012. The foundation has no profit objective. The EKO label for foods has been around for 30 years, and most people know as a hallmark for organic foods. The EKO certificate has been the owner of this collective mark. With the advent of the European Ecolabel (the green leaf with the asterisks), EKO has been given the opportunity to develop further. Producers should be in addition to biologically certified, also carry out additional efforts in the area of sustainability.	34	True	False		rdf:type + IRI code suffix + JSON sourceId/classId + GDSN codeListName/label
https://ref.gs1.org/voc/OrganicClaimAgencyCode-4	urn:gs1:std:gdsn:cv174820	type-and-iri-code	OrganicClaimAgencyCode	4	174820	IFOA	International Foundation for Organic Agriculture	https://ref.gs1.org/voc/OrganicClaimAgencyCode	urn:gs1:std:gdsn:c366491729	IFOA	International Foundation for Organic Agriculture	4	True	False		rdf:type + IRI code suffix + JSON sourceId/classId + GDSN codeListName/label
https://ref.gs1.org/voc/OrganicClaimAgencyCode-5	urn:gs1:std:gdsn:cv174821	type-and-iri-code	OrganicClaimAgencyCode	5	174821	BFA	BFA - Biological Farmers of Australia	https://ref.gs1.org/voc/OrganicClaimAgencyCode	urn:gs1:std:gdsn:c366491729	BFA	BFA - Biological Farmers of Australia	5	True	False		rdf:type + IRI code suffix + JSON sourceId/classId + GDSN codeListName/label
https://ref.gs1.org/voc/OrganicClaimAgencyCode-6	urn:gs1:std:gdsn:cv174822	type-and-iri-code	OrganicClaimAgencyCode	6	174822	USDA	USDA- US Department of Agriculture	https://ref.gs1.org/voc/OrganicClaimAgencyCode	urn:gs1:std:gdsn:c366491729	USDA	USDA- US Department of Agriculture	6	True	False		rdf:type + IRI code suffix + JSON sourceId/classId + GDSN codeListName/label
https://ref.gs1.org/voc/OrganicClaimAgencyCode-7	urn:gs1:std:gdsn:cv174823	type-and-iri-code	OrganicClaimAgencyCode	7	174823	QAI	"Quality Assurance International www.qai-inc.com
QAI is a leading USDA-accredited organic product certifying agency. Note: this value will be deleted in the future and should not be used."	https://ref.gs1.org/voc/OrganicClaimAgencyCode	urn:gs1:std:gdsn:c366491729	QAI	Quality Assurance International www.qai-inc.com QAI is a leading USDA-accredited organic product certifying agency. Note: this value will be deleted in the future and should not be used.	7	True	False		rdf:type + IRI code suffix + JSON sourceId/classId + GDSN codeListName/label
https://ref.gs1.org/voc/OrganicClaimAgencyCode-8	urn:gs1:std:gdsn:cv174824	type-and-iri-code	OrganicClaimAgencyCode	8	174824	Südtirol Bioland	Südtirol Bioland - Bioland Association of South Tyrol The Association of South Tyrol is the largest organic association for organic farmers having to farmers in South Tyrol and the only active in association with a national association office Terlan.Note: this value will be deleted in the future and should not be used.	https://ref.gs1.org/voc/OrganicClaimAgencyCode	urn:gs1:std:gdsn:c366491729	Südtirol Bioland	Südtirol Bioland - Bioland Association of South Tyrol The Association of South Tyrol is the largest organic association for organic farmers having to farmers in South Tyrol and the only active in association with a national association office Terlan.Note: this value will be deleted in the future and should not be used.	8	True	False		rdf:type + IRI code suffix + JSON sourceId/classId + GDSN codeListName/label
https://ref.gs1.org/voc/OrganicClaimAgencyCode-9	urn:gs1:std:gdsn:cv174825	type-and-iri-code	OrganicClaimAgencyCode	9	174825	Ecoland	Ecoland - Ecoland is a membership organisation whose members elect a governing Board which is responsible for the design and implementation of the organic certification system.	https://ref.gs1.org/voc/OrganicClaimAgencyCode	urn:gs1:std:gdsn:c366491729	Ecoland	Ecoland - Ecoland is a membership organisation whose members elect a governing Board which is responsible for the design and implementation of the organic certification system.	9	True	False		rdf:type + IRI code suffix + JSON sourceId/classId + GDSN codeListName/label
https://ref.gs1.org/voc/OrganicClaimAgencyCode-999	urn:gs1:std:gdsn:cv174826	type-and-iri-code	OrganicClaimAgencyCode	999	174826	Unspecified Agency	Unspecified Agency	https://ref.gs1.org/voc/OrganicClaimAgencyCode	urn:gs1:std:gdsn:c366491729	Unspecified Agency	Unspecified Agency	999	True	False		rdf:type + IRI code suffix + JSON sourceId/classId + GDSN codeListName/label
https://ref.gs1.org/voc/PackagingFeatureCode-BASE	urn:gs1:std:gdsn:cv176169	type-and-iri-code	PackagingFeatureCode	BASE	176169	Base to stand up vertically	A general term applied to the support or pedestal of an object.	https://ref.gs1.org/voc/PackagingFeatureCode	urn:gs1:std:gdsn:c-1204590580	Base	A general term applied to the support or pedestal of an object.	BASE	True	False		rdf:type + IRI code suffix + JSON sourceId/classId + GDSN codeListName/label
https://ref.gs1.org/voc/PackagingFeatureCode-BEAM	urn:gs1:std:gdsn:cv176170	type-and-iri-code	PackagingFeatureCode	BEAM	176170	Beams	Long sturdy piece of squared timber or metal used in house-building etc.	https://ref.gs1.org/voc/PackagingFeatureCode	urn:gs1:std:gdsn:c-1204590580	Beam	Long sturdy piece of squared timber or metal used in house-building etc.	BEAM	True	False		rdf:type + IRI code suffix + JSON sourceId/classId + GDSN codeListName/label
https://ref.gs1.org/voc/PackagingFeatureCode-BUNG_SEAL	urn:gs1:std:gdsn:cv176171	type-and-iri-code	PackagingFeatureCode	BUNG_SEAL	176171	Bung seals	A bung is an apparatus used to seal a container, such as a bottle, barrel or tube. A bung is partially inserted inside the container to act as a seal.	https://ref.gs1.org/voc/PackagingFeatureCode	urn:gs1:std:gdsn:c-1204590580	Bung Seal	A bung is an apparatus used to seal a container, such as a bottle, barrel or tubes. A bung is partially inserted inside the container to act as a seal. The most common every-day example of a bung is the stopper of a wine bottle.	BUNG_SEAL	True	False		rdf:type + IRI code suffix + JSON sourceId/classId + GDSN codeListName/label
https://ref.gs1.org/voc/PackagingFeatureCode-CAP	urn:gs1:std:gdsn:cv176174	type-and-iri-code	PackagingFeatureCode	CAP	176174	Cap	A cap that seals a bottle or other form of packaging.	https://ref.gs1.org/voc/PackagingFeatureCode	urn:gs1:std:gdsn:c-1204590580	Cap	A cap that seals a bottle or other form of packaging.	CAP	True	False		rdf:type + IRI code suffix + JSON sourceId/classId + GDSN codeListName/label
https://ref.gs1.org/voc/PackagingFeatureCode-CARRIER	urn:gs1:std:gdsn:cv176175	type-and-iri-code	PackagingFeatureCode	CARRIER	176175	Carriers	A device of various types attached to or hung from trolleys to support the load.	https://ref.gs1.org/voc/PackagingFeatureCode	urn:gs1:std:gdsn:c-1204590580	Carrier	A device of various types attached to or hung from trolleys to support the load.	CARRIER	True	False		rdf:type + IRI code suffix + JSON sourceId/classId + GDSN codeListName/label
https://ref.gs1.org/voc/PackagingFeatureCode-CONSUMPTION_UTENSIL	urn:gs1:std:gdsn:cv176178	type-and-iri-code	PackagingFeatureCode	CONSUMPTION_UTENSIL	176178	Consumption utensil	An item which allows the user to extract and/or consume the content of a container or product (straws, spoons, ice cream stick).	https://ref.gs1.org/voc/PackagingFeatureCode	urn:gs1:std:gdsn:c-1204590580	Consumption Utensil	An item which allows the user to extract and/or consume the content of a container.	CONSUMPTION_UTENSIL	True	False		rdf:type + IRI code suffix + JSON sourceId/classId + GDSN codeListName/label
https://ref.gs1.org/voc/PackagingFeatureCode-CORE	urn:gs1:std:gdsn:cv176179	type-and-iri-code	PackagingFeatureCode	CORE	176179	Core	A tubular shape around which flexible material such as plastic film or paper are wound for purposes of transport and handling.	https://ref.gs1.org/voc/PackagingFeatureCode	urn:gs1:std:gdsn:c-1204590580	Core	A tubular shape around which flexible material such as plastic film or paper are wound for purposes of transport and handling.	CORE	True	False		rdf:type + IRI code suffix + JSON sourceId/classId + GDSN codeListName/label
https://ref.gs1.org/voc/PackagingFeatureCode-CREEL	urn:gs1:std:gdsn:cv176190	type-and-iri-code	PackagingFeatureCode	CREEL	176190	Creel	A creel is a device for holding the required number of roving spools or other supply packages of reinforcement fibers for Fiber Reinforced Plastics manufacturing. This device holds the rovings in the desired position for unwinding in continuous processes like Pultrusion and Filament Winding.	https://ref.gs1.org/voc/PackagingFeatureCode	urn:gs1:std:gdsn:c-1204590580	Creel	A creel is a device for holding the required number of roving spools or other supply packages of reinforcement fibers for Fiber Reinforced Plastics manufacturing. This device holds the rovings in the desired position for unwinding in continuous processes like Pultrusion and Filament Winding.	CREEL	True	False		rdf:type + IRI code suffix + JSON sourceId/classId + GDSN codeListName/label
https://ref.gs1.org/voc/PackagingFeatureCode-EDGE_PROTECTION	urn:gs1:std:gdsn:cv176193	type-and-iri-code	PackagingFeatureCode	EDGE_PROTECTION	176193	Edge Protection	A right-angle piece placed over the outermost perimeter edges of a container to distribute pressure and prevent collapse or cutting from banding, strapping, or handling.	https://ref.gs1.org/voc/PackagingFeatureCode	urn:gs1:std:gdsn:c-1204590580	Edge Protection	A right-angle piece placed over the outermost perimeter edges of a container to distribute pressure and prevent collapse or cutting from banding, strapping, or handling.	EDGE_PROTECTION	True	False		rdf:type + IRI code suffix + JSON sourceId/classId + GDSN codeListName/label
https://ref.gs1.org/voc/PackagingFeatureCode-HANDLE	urn:gs1:std:gdsn:cv176196	type-and-iri-code	PackagingFeatureCode	HANDLE	176196	Handles	A grip attached to an object for using or moving the object, usually with the hands.	https://ref.gs1.org/voc/PackagingFeatureCode	urn:gs1:std:gdsn:c-1204590580	Handle	A grip attached to an object for using or moving the object, usually with the hands.	HANDLE	True	False		rdf:type + IRI code suffix + JSON sourceId/classId + GDSN codeListName/label
https://ref.gs1.org/voc/PackagingFeatureCode-INNER_CONTAINER	urn:gs1:std:gdsn:cv176197	type-and-iri-code	PackagingFeatureCode	INNER_CONTAINER	176197	Inner containers	Any container inside an outer container used to pack or transport e.g. dairy or meat products.	https://ref.gs1.org/voc/PackagingFeatureCode	urn:gs1:std:gdsn:c-1204590580	Inner Container	Inner Container	INNER_CONTAINER	True	False		rdf:type + IRI code suffix + JSON sourceId/classId + GDSN codeListName/label
https://ref.gs1.org/voc/PackagingFeatureCode-INTERNAL_DIVIDER	urn:gs1:std:gdsn:cv176199	type-and-iri-code	PackagingFeatureCode	INTERNAL_DIVIDER	176199	Internal Dividers	An internal divider is an object, either flat or custom-shaped, used to separate the content of a container or to prevent the content from mixing.	https://ref.gs1.org/voc/PackagingFeatureCode	urn:gs1:std:gdsn:c-1204590580	Internal Divider	An internal divider is an object, either flat or custom-shaped, used to separate the content of a container or to prevent the content from mixing.	INTERNAL_DIVIDER	True	False		rdf:type + IRI code suffix + JSON sourceId/classId + GDSN codeListName/label
https://ref.gs1.org/voc/PackagingFeatureCode-LABEL	urn:gs1:std:gdsn:cv176201	type-and-iri-code	PackagingFeatureCode	LABEL	176201	Labels	A label is a piece of paper, polymer, cloth, metal, or other material affixed to a container or article (or printed directly upon it), which usually carries information about the article to which it has been attached.	https://ref.gs1.org/voc/PackagingFeatureCode	urn:gs1:std:gdsn:c-1204590580	Label	A label is a piece of paper, polymer, cloth, metal, or other material affixed to a container or article (or printed directly upon it), which usually carries information about the article to.which it has been attached.	LABEL	True	False		rdf:type + IRI code suffix + JSON sourceId/classId + GDSN codeListName/label
https://ref.gs1.org/voc/PackagingFeatureCode-LID	urn:gs1:std:gdsn:cv176203	type-and-iri-code	PackagingFeatureCode	LID	176203	Lid	In packaging, the top or bottom of a container, usually the part that closes the opening; may also be known as cap, over, or top	https://ref.gs1.org/voc/PackagingFeatureCode	urn:gs1:std:gdsn:c-1204590580	Lid	In packaging, the top or bottom of a container, usually the part that closes the opening; may also be known as cap, over, or top	LID	True	False		rdf:type + IRI code suffix + JSON sourceId/classId + GDSN codeListName/label
https://ref.gs1.org/voc/PackagingFeatureCode-LINER	urn:gs1:std:gdsn:cv176204	type-and-iri-code	PackagingFeatureCode	LINER	176204	Inner Coating or liners	An internal chamber within a container which separates the content of the container from the walls. Inner liners provide additional isolation and protection to the content of a container. Sometimes coatings of certain materials may be applied as an alternative to inner liners.	https://ref.gs1.org/voc/PackagingFeatureCode	urn:gs1:std:gdsn:c-1204590580	Liner	An internal chamber within a container which separates the content of the container from the walls. Inner liners provide additional isolation and protection to the content of a container. Sometimes coatings of certain materials may be applied as an alternative to inner liners.	LINER	True	False		rdf:type + IRI code suffix + JSON sourceId/classId + GDSN codeListName/label
https://ref.gs1.org/voc/PackagingFeatureCode-LUG	urn:gs1:std:gdsn:cv176207	type-and-iri-code	PackagingFeatureCode	LUG	176207	Lug	A small indentation or raised portion on the surface of a bottle, provided as an indexing means for operations such as multi-pass decoration or labeling.	https://ref.gs1.org/voc/PackagingFeatureCode	urn:gs1:std:gdsn:c-1204590580	Lug	A small indentation or raised portion on the surface of a bottle, provided as an indexing means for operations such as multi-pass decoration or labeling.	LUG	True	False		rdf:type + IRI code suffix + JSON sourceId/classId + GDSN codeListName/label
https://ref.gs1.org/voc/PackagingFeatureCode-NESTING_EDGE	urn:gs1:std:gdsn:cv176210	type-and-iri-code	PackagingFeatureCode	NESTING_EDGE	176210	Nesting Edges	Edges which allow items of the same size to be partially stacked within one another in any direction thus reducing the space required in order to stack them.	https://ref.gs1.org/voc/PackagingFeatureCode	urn:gs1:std:gdsn:c-1204590580	Nesting Edge	Edges which allow items of the same size to be partially stacked within one another in any direction thus reducing the space required in order to stack them.	NESTING_EDGE	True	False		rdf:type + IRI code suffix + JSON sourceId/classId + GDSN codeListName/label
https://ref.gs1.org/voc/PackagingFeatureCode-PEG	urn:gs1:std:gdsn:cv176213	type-and-iri-code	PackagingFeatureCode	PEG	176213	Pegs	A fastener which allows a product to be hanged.	https://ref.gs1.org/voc/PackagingFeatureCode	urn:gs1:std:gdsn:c-1204590580	Peg	A fastener which allows a product to be hanged.	PEG	True	False		rdf:type + IRI code suffix + JSON sourceId/classId + GDSN codeListName/label
https://ref.gs1.org/voc/PackagingFeatureCode-PULL_OFF_TAB	urn:gs1:std:gdsn:cv176215	type-and-iri-code	PackagingFeatureCode	PULL_OFF_TAB	176215	Pull-off tab	A flexible cover which can be easily removed in order to open a container.	https://ref.gs1.org/voc/PackagingFeatureCode	urn:gs1:std:gdsn:c-1204590580	Pull Off Tab	A flexible cover which can be easily removed in order to open a container.	PULL_OFF_TAB	True	False		rdf:type + IRI code suffix + JSON sourceId/classId + GDSN codeListName/label
https://ref.gs1.org/voc/PackagingFeatureCode-RING_HOLDER	urn:gs1:std:gdsn:cv176217	type-and-iri-code	PackagingFeatureCode	RING_HOLDER	176217	Ring-Holders	A hollow circular band of material wound around itself.	https://ref.gs1.org/voc/PackagingFeatureCode	urn:gs1:std:gdsn:c-1204590580	Ring Holder	A hollow circular band of material wound around itself.	RING_HOLDER	True	False		rdf:type + IRI code suffix + JSON sourceId/classId + GDSN codeListName/label
https://ref.gs1.org/voc/PackagingFeatureCode-RIVET	urn:gs1:std:gdsn:cv176218	type-and-iri-code	PackagingFeatureCode	RIVET	176218	Rivets	A permanent fastener which consists of a cylindrical shaft with a head on one end and tail which is deformed to fixate the rivet in place.	https://ref.gs1.org/voc/PackagingFeatureCode	urn:gs1:std:gdsn:c-1204590580	Rivet	A permanent fastener which consists of a cylindrical shaft with a head on one end and tail which is deformed to fixate the rivet in place.	RIVET	True	False		rdf:type + IRI code suffix + JSON sourceId/classId + GDSN codeListName/label
https://ref.gs1.org/voc/PackagingFeatureCode-SLEEVE	urn:gs1:std:gdsn:cv176223	type-and-iri-code	PackagingFeatureCode	SLEEVE	176223	Sleeve	A tubular form, open at both ends, that is slipped over an item or package.	https://ref.gs1.org/voc/PackagingFeatureCode	urn:gs1:std:gdsn:c-1204590580	Sleeve	A tubular form, open at both ends, that is slipped over an item or package.	SLEEVE	True	False		rdf:type + IRI code suffix + JSON sourceId/classId + GDSN codeListName/label
https://ref.gs1.org/voc/PackagingFeatureCode-SPOUT	urn:gs1:std:gdsn:cv176226	type-and-iri-code	PackagingFeatureCode	SPOUT	176226	Spout	A spout is a protruding edge which allows the pouring of liquids contained within a container.	https://ref.gs1.org/voc/PackagingFeatureCode	urn:gs1:std:gdsn:c-1204590580	Spout	A spout is a protruding edge which allows the lifting and pouring of liquids contained within a container.	SPOUT	True	False		rdf:type + IRI code suffix + JSON sourceId/classId + GDSN codeListName/label
https://ref.gs1.org/voc/PackagingFeatureCode-TAG	urn:gs1:std:gdsn:cv176228	type-and-iri-code	PackagingFeatureCode	TAG	176228	Tags	A hanging card made of any material which is used to identify or provide additional information of a product.	https://ref.gs1.org/voc/PackagingFeatureCode	urn:gs1:std:gdsn:c-1204590580	Tag	A hanging card made of any material which is used to identify or provide additional information of a product.	TAG	True	False		rdf:type + IRI code suffix + JSON sourceId/classId + GDSN codeListName/label
https://ref.gs1.org/voc/PackagingFeatureCode-WICKER_OUTER_CONTAINER	urn:gs1:std:gdsn:cv176230	type-and-iri-code	PackagingFeatureCode	WICKER_OUTER_CONTAINER	176230	Wicker Outer Container	An outer container made of wicker which is fitted to the bottle usually a little less than half way up from the bottom of the bottle and is used to hold, hang or support the bottle.	https://ref.gs1.org/voc/PackagingFeatureCode	urn:gs1:std:gdsn:c-1204590580	Wicker Outer Container	An outer container made of wicker which is fitted to the bottle usually a little less than half way up from the bottom of the bottle and is used to hold, hang or support the bottle.	WICKER_OUTER_CONTAINER	True	False		rdf:type + IRI code suffix + JSON sourceId/classId + GDSN codeListName/label
https://ref.gs1.org/voc/PackagingFeatureCode-WRAP	urn:gs1:std:gdsn:cv176231	type-and-iri-code	PackagingFeatureCode	WRAP	176231	Wrap	A layer of any material which completely enclose a product. A wrap can have many purposes, from providing additional protection to an item to serving as a gift-wrap.	https://ref.gs1.org/voc/PackagingFeatureCode	urn:gs1:std:gdsn:c-1204590580	Wrap	A layer of any material which completely enclose a product. A wrap can have many purposes, from providing additional protection to an item to serving as a gift-wrap.	WRAP	True	False		rdf:type + IRI code suffix + JSON sourceId/classId + GDSN codeListName/label
https://ref.gs1.org/voc/PackagingFunctionCode-ANTISEPTIC	urn:gs1:std:gdsn:cv176233	type-and-iri-code	PackagingFunctionCode	ANTISEPTIC	176233		The process by which a sterile (aseptic) product (typically food or pharmaceutical) is packaged in a sterile container in a way which maintains sterility.	https://ref.gs1.org/voc/PackagingFunctionCode	urn:gs1:std:gdsn:c715725203	Antiseptic	The process by which a sterile (aseptic) product (typically food or pharmaceutical) is packaged in a sterile container in a way which maintains sterility.	ANTISEPTIC	True	False		rdf:type + IRI code suffix + JSON sourceId/classId + GDSN codeListName/label
https://ref.gs1.org/voc/PackagingFunctionCode-ANTI_TAMPERING	urn:gs1:std:gdsn:cv176232	type-and-iri-code	PackagingFunctionCode	ANTI_TAMPERING	176232		A methodology used to hinder, or deter unauthorized access to a device.	https://ref.gs1.org/voc/PackagingFunctionCode	urn:gs1:std:gdsn:c715725203	Anti-tampering	A methodology used to hinder, or deter unauthorized access to a device.	ANTI_TAMPERING	True	False		rdf:type + IRI code suffix + JSON sourceId/classId + GDSN codeListName/label
https://ref.gs1.org/voc/PackagingFunctionCode-COATED	urn:gs1:std:gdsn:cv176236	type-and-iri-code	PackagingFunctionCode	COATED	176236		Covered with a material (paraffin, wax) that protects the product or packaging.	https://ref.gs1.org/voc/PackagingFunctionCode	urn:gs1:std:gdsn:c715725203	Coated	Covered with a material (paraffin, wax) that protects the product or packaging.	COATED	True	False		rdf:type + IRI code suffix + JSON sourceId/classId + GDSN codeListName/label
https://ref.gs1.org/voc/PackagingFunctionCode-COMPRESSED	urn:gs1:std:gdsn:cv176237	type-and-iri-code	PackagingFunctionCode	COMPRESSED	176237		Content has been pressed together to the maximum possible way.	https://ref.gs1.org/voc/PackagingFunctionCode	urn:gs1:std:gdsn:c715725203	Compressed	Content has been pressed together to the maximum possible way.	COMPRESSED	True	False		rdf:type + IRI code suffix + JSON sourceId/classId + GDSN codeListName/label
https://ref.gs1.org/voc/PackagingFunctionCode-DISPENSER	urn:gs1:std:gdsn:cv176238	type-and-iri-code	PackagingFunctionCode	DISPENSER	176238		A device or mechanism to supply or extract contents.	https://ref.gs1.org/voc/PackagingFunctionCode	urn:gs1:std:gdsn:c715725203	Dispenser	A device or mechanism to supply or extract contents.	DISPENSER	True	False		rdf:type + IRI code suffix + JSON sourceId/classId + GDSN codeListName/label
https://ref.gs1.org/voc/PackagingFunctionCode-GIFT_WRAPPED	urn:gs1:std:gdsn:cv176240	type-and-iri-code	PackagingFunctionCode	GIFT_WRAPPED	176240		Packaging is wrapped in a decorative way for the purposes of the consumer giving it as a gift.	https://ref.gs1.org/voc/PackagingFunctionCode	urn:gs1:std:gdsn:c715725203	Gift Wrapped	Packaging is wrapped in a decorative way for the purposes of the consumer giving it as a gift.	GIFT_WRAPPED	True	False		rdf:type + IRI code suffix + JSON sourceId/classId + GDSN codeListName/label
https://ref.gs1.org/voc/PackagingFunctionCode-ISOTHERMIC	urn:gs1:std:gdsn:cv176242	type-and-iri-code	PackagingFunctionCode	ISOTHERMIC	176242		Thermal carry container designed for the carriage of temperature controlled goods such as vaccines, pharmaceuticals, and medicines.	https://ref.gs1.org/voc/PackagingFunctionCode	urn:gs1:std:gdsn:c715725203	Isothermic	Thermal carry container designed for the carriage of temperature controlled goods such as vaccines, pharmaceuticals, and medicines.	ISOTHERMIC	True	False		rdf:type + IRI code suffix + JSON sourceId/classId + GDSN codeListName/label
https://ref.gs1.org/voc/PackagingFunctionCode-MODIFIED_ATMOSPHERE	urn:gs1:std:gdsn:cv176243	type-and-iri-code	PackagingFunctionCode	MODIFIED_ATMOSPHERE	176243		The practice of modifying the composition of the internal atmosphere of a package, (commonly food packages, and drugs) in order to improve the shelf life.	https://ref.gs1.org/voc/PackagingFunctionCode	urn:gs1:std:gdsn:c715725203	Modified Atmosphere	The practice of modifying the composition of the internal atmosphere of a package, (commonly food packages, and drugs) in order to improve the shelf life.	MODIFIED_ATMOSPHERE	True	False		rdf:type + IRI code suffix + JSON sourceId/classId + GDSN codeListName/label
https://ref.gs1.org/voc/PackagingFunctionCode-OXYGEN_INFUSED	urn:gs1:std:gdsn:cv176244	type-and-iri-code	PackagingFunctionCode	OXYGEN_INFUSED	176244		A barrier packaging material for an infusion solution, i.e., oxygen.	https://ref.gs1.org/voc/PackagingFunctionCode	urn:gs1:std:gdsn:c715725203	Oxygen Infused	A barrier packaging material for an infusion solution, i.e., oxygen.	OXYGEN_INFUSED	True	False		rdf:type + IRI code suffix + JSON sourceId/classId + GDSN codeListName/label
https://ref.gs1.org/voc/PackagingFunctionCode-PEEL_OFF	urn:gs1:std:gdsn:cv176245	type-and-iri-code	PackagingFunctionCode	PEEL_OFF	176245		A section of the packaging can be detached with ease in order to have access to the content or product, e.g. peel-off Lids used for packing Milk, Coffee and Cacao Powder.	https://ref.gs1.org/voc/PackagingFunctionCode	urn:gs1:std:gdsn:c715725203	Peel Off	A section of the packaging can be detached with ease in order to have access to the content or product, e.g. peel-off Lids used for packing Milk, Coffee and Cacao Powder.	PEEL_OFF	True	False		rdf:type + IRI code suffix + JSON sourceId/classId + GDSN codeListName/label
https://ref.gs1.org/voc/PackagingFunctionCode-PINPACK	urn:gs1:std:gdsn:cv176246	type-and-iri-code	PackagingFunctionCode	PINPACK	176246		"The package is equipped to be hung up on a hook""."	https://ref.gs1.org/voc/PackagingFunctionCode	urn:gs1:std:gdsn:c715725203	Pinpack	The package is equipped to be hung up on a hook.	PINPACK	True	False		rdf:type + IRI code suffix + JSON sourceId/classId + GDSN codeListName/label
https://ref.gs1.org/voc/PackagingFunctionCode-PROTECTED	urn:gs1:std:gdsn:cv176247	type-and-iri-code	PackagingFunctionCode	PROTECTED	176247		Functionality to keep from being damaged, attacked, stolen, or injured; guard.	https://ref.gs1.org/voc/PackagingFunctionCode	urn:gs1:std:gdsn:c715725203	Protected	Functionality to keep from being damaged, attacked, stolen, or injured; guard.	PROTECTED	True	False		rdf:type + IRI code suffix + JSON sourceId/classId + GDSN codeListName/label
https://ref.gs1.org/voc/PackagingFunctionCode-REINFORCED	urn:gs1:std:gdsn:cv176249	type-and-iri-code	PackagingFunctionCode	REINFORCED	176249		A component is added to a container for a particular application to lend additional support under severe applications.	https://ref.gs1.org/voc/PackagingFunctionCode	urn:gs1:std:gdsn:c715725203	Reinforced	A component is added to a container for a particular application to lend additional support under severe applications.	REINFORCED	True	False		rdf:type + IRI code suffix + JSON sourceId/classId + GDSN codeListName/label
https://ref.gs1.org/voc/PackagingFunctionCode-SIFT_PROOF	urn:gs1:std:gdsn:cv176251	type-and-iri-code	PackagingFunctionCode	SIFT_PROOF	176251		Packaging is designed to prevent leaking of the content specially when it is on powdered or liquid state.	https://ref.gs1.org/voc/PackagingFunctionCode	urn:gs1:std:gdsn:c715725203	Sift Proof	Packaging is designed to prevent leaking of the content specially when it is on powdered or liquid state.	SIFT_PROOF	True	False		rdf:type + IRI code suffix + JSON sourceId/classId + GDSN codeListName/label
https://ref.gs1.org/voc/PackagingFunctionCode-TAMPER_EVIDENT	urn:gs1:std:gdsn:cv176252	type-and-iri-code	PackagingFunctionCode	TAMPER_EVIDENT	176252		The packaging is designed to show when there has been some interference with the original sealing or configuration of the packaging.	https://ref.gs1.org/voc/PackagingFunctionCode	urn:gs1:std:gdsn:c715725203	Tamper Evident	The packaging is designed to show when there has been some interference with the original sealing or configuration of the packaging.	TAMPER_EVIDENT	True	False		rdf:type + IRI code suffix + JSON sourceId/classId + GDSN codeListName/label
https://ref.gs1.org/voc/PackagingFunctionCode-WATER_RESISTANT	urn:gs1:std:gdsn:cv176254	type-and-iri-code	PackagingFunctionCode	WATER_RESISTANT	176254		Coated with materials that make the packaging impervious to the effects of water.	https://ref.gs1.org/voc/PackagingFunctionCode	urn:gs1:std:gdsn:c715725203	Water Resistant	Coated with materials that make the packaging impervious to the effects of water.	WATER_RESISTANT	True	False		rdf:type + IRI code suffix + JSON sourceId/classId + GDSN codeListName/label
https://ref.gs1.org/voc/PackagingMarkedLabelAccreditationCode-AMA_ORGANIC_SEAL	urn:gs1:std:gdsn:cv176288	type-and-iri-code	PackagingMarkedLabelAccreditationCode	AMA_ORGANIC_SEAL	176288	Austria Ministry of Agriculture Organic Organic Seal	Austria Ministry of Agriculture Organic Label, AMA Marketing licenses the AMA organic logo. Red, white and black indicates the majority of ingredients are of Austrian origin.	https://ref.gs1.org/voc/PackagingMarkedLabelAccreditationCode	urn:gs1:std:gdsn:c-1409540287	Austria Ministry of Agriculture Organic Label	Austria Ministry of Agriculture Organic Label, AMA Marketing licenses the AMA organic logo. Red, white and black indicates the majority of ingredients are of Austrian origin.	AMA_ORGANIC_SEAL	True	False		rdf:type + IRI code suffix + JSON sourceId/classId + GDSN codeListName/label
https://ref.gs1.org/voc/PackagingMarkedLabelAccreditationCode-AUS_KAUP_ESTONIA	urn:gs1:std:gdsn:cv176306	type-and-iri-code	PackagingMarkedLabelAccreditationCode	AUS_KAUP_ESTONIA	176306	Aus Kaup Estonia	Used to specify Estonia Meat in their product. Eesti Lihatöötlejate Assotsiatsioon www.ela.ee	https://ref.gs1.org/voc/PackagingMarkedLabelAccreditationCode	urn:gs1:std:gdsn:c-1409540287	Aus Kaup Estonia	Used to specify Estonia Meat in their product.	AUS_KAUP_ESTONIA	True	False		rdf:type + IRI code suffix + JSON sourceId/classId + GDSN codeListName/label
https://ref.gs1.org/voc/PackagingMarkedLabelAccreditationCode-BDIH_LOGO	urn:gs1:std:gdsn:cv176311	type-and-iri-code	PackagingMarkedLabelAccreditationCode	BDIH_LOGO	176311	BDIH Logo	BDIH Germany guidelines for Certified Natural Cosmetics	https://ref.gs1.org/voc/PackagingMarkedLabelAccreditationCode	urn:gs1:std:gdsn:c-1409540287	BDIH Germany guidelines for Certified Natural Cosmetics		BDIH_LOGO	True	False		rdf:type + IRI code suffix + JSON sourceId/classId + GDSN codeListName/label
https://ref.gs1.org/voc/PackagingMarkedLabelAccreditationCode-BETER_LEVEN_1_STER	urn:gs1:std:gdsn:cv176324	type-and-iri-code	PackagingMarkedLabelAccreditationCode	BETER_LEVEN_1_STER	176324	Beter Leven 1 Ster	The one-star Beter Leven (better life) mark indicates that the product comes from a company that cares that animals are kept according to the minimal requirements for sanitation and well-being for the cattle industry.	https://ref.gs1.org/voc/PackagingMarkedLabelAccreditationCode	urn:gs1:std:gdsn:c-1409540287	Beter Leven One Star Mark	The one-star Beter Leven (better life) mark indicates that the product comes from a company that cares that animals are kept according to the minimal requirements for sanitation and well-being for the cattle industry.	BETER_LEVEN_1_STER	True	False		rdf:type + IRI code suffix + JSON sourceId/classId + GDSN codeListName/label
https://ref.gs1.org/voc/PackagingMarkedLabelAccreditationCode-BETER_LEVEN_2_STER	urn:gs1:std:gdsn:cv176325	type-and-iri-code	PackagingMarkedLabelAccreditationCode	BETER_LEVEN_2_STER	176325	Beter Leven 2 Ster	The two-star Beter Leven (better life) mark indicates that the product comes from a company that provides for a higher well-being of animals than that established by the minimal requirements for sanitation and well-being for the cattle industry, yet the conditions are inferior to those of biological-class products.	https://ref.gs1.org/voc/PackagingMarkedLabelAccreditationCode	urn:gs1:std:gdsn:c-1409540287	Beter Leven Two Star Mark	The two-star Beter Leven (better life) mark indicates that the product comes from a company that provides for a higher well-being of animals than that established by the minimal requirements for sanitation and well-being for the cattle industry, yet the conditions are inferior to those of Biological-class products.	BETER_LEVEN_2_STER	True	False		rdf:type + IRI code suffix + JSON sourceId/classId + GDSN codeListName/label
https://ref.gs1.org/voc/PackagingMarkedLabelAccreditationCode-BETER_LEVEN_3_STER	urn:gs1:std:gdsn:cv176326	type-and-iri-code	PackagingMarkedLabelAccreditationCode	BETER_LEVEN_3_STER	176326	Beter leven 3 ster	The three-star Beter Leven (better life) mark is awarded to products that come from companies that excel in keeping animals according to top guidelines for biological-class products. In some cases, this mark is accompanied by an EKO indication.	https://ref.gs1.org/voc/PackagingMarkedLabelAccreditationCode	urn:gs1:std:gdsn:c-1409540287	Beter Leven Three Star Mark	The three-star Beter Leven (better life) mark is awarded to products that come from companies that excel in keeping animals according to top guidelines for Biological-class products. In some cases this mark is accompanied by an EKO indication.	BETER_LEVEN_3_STER	True	False		rdf:type + IRI code suffix + JSON sourceId/classId + GDSN codeListName/label
https://ref.gs1.org/voc/PackagingMarkedLabelAccreditationCode-BIO_AUSTRIA_LABEL	urn:gs1:std:gdsn:cv176333	type-and-iri-code	PackagingMarkedLabelAccreditationCode	BIO_AUSTRIA_LABEL	176333	Bio Austria	Bio Austria is the largest organic farmers' association in Austria.  The guidelines followed at Bio Austria require a higher level of compliance than the EU-Organic regulations.	https://ref.gs1.org/voc/PackagingMarkedLabelAccreditationCode	urn:gs1:std:gdsn:c-1409540287	Bio Austria		BIO_AUSTRIA_LABEL	True	False		rdf:type + IRI code suffix + JSON sourceId/classId + GDSN codeListName/label
https://ref.gs1.org/voc/PackagingMarkedLabelAccreditationCode-BIO_LABEL_GERMAN	urn:gs1:std:gdsn:cv176342	type-and-iri-code	PackagingMarkedLabelAccreditationCode	BIO_LABEL_GERMAN	176342	Bio Label German	German national organic certification label (Bio-Siegel), see www.bio-siegel.de	https://ref.gs1.org/voc/PackagingMarkedLabelAccreditationCode	urn:gs1:std:gdsn:c-1409540287	German national organic certification label (Bio-Siegel)		BIO_LABEL_GERMAN	True	False		rdf:type + IRI code suffix + JSON sourceId/classId + GDSN codeListName/label
https://ref.gs1.org/voc/PackagingMarkedLabelAccreditationCode-BIO_SUISSE_BUD_SEAL	urn:gs1:std:gdsn:cv176347	type-and-iri-code	PackagingMarkedLabelAccreditationCode	BIO_SUISSE_BUD_SEAL	176347	Bio Swiss Bud Seal	Fully organic, produced in Switzerland. More than 90% of the raw materials come from Switzerland.Produced within the 2 years period in which the producer is converting to fully organic farming.	https://ref.gs1.org/voc/PackagingMarkedLabelAccreditationCode	urn:gs1:std:gdsn:c-1409540287	Represents interests of Swiss organic farmers		BIO_SUISSE_BUD_SEAL	True	False		rdf:type + IRI code suffix + JSON sourceId/classId + GDSN codeListName/label
https://ref.gs1.org/voc/PackagingMarkedLabelAccreditationCode-BLUE_ANGEL	urn:gs1:std:gdsn:cv176364	type-and-iri-code	PackagingMarkedLabelAccreditationCode	BLUE_ANGEL	176364	Blue Angel	The Blue Angel is awarded to companies as kind of a reward for their commitment to environmental protection. They use it to professionally promote their eco-friendly products in the market. The Blue Angel is an ecological beacon showing the consumer the way to the ecologically superior product and promotes environmentally conscious consumption. See: http://www.blauer-engel.de/en/index.php	https://ref.gs1.org/voc/PackagingMarkedLabelAccreditationCode	urn:gs1:std:gdsn:c-1409540287	Blue Angel	The Blue Angel is awarded to companies as kind of a reward for their commitment to environmental protection. They use it to professionally promote their eco-friendly products in the market. The Blue Angel is an ecological beacon showing the consumer the way to the ecologically superior product and promotes environmentally conscious consumption.	BLUE_ANGEL	True	False		rdf:type + IRI code suffix + JSON sourceId/classId + GDSN codeListName/label
https://ref.gs1.org/voc/PackagingMarkedLabelAccreditationCode-BORD_BIA_APPROVED	urn:gs1:std:gdsn:cv176369	type-and-iri-code	PackagingMarkedLabelAccreditationCode	BORD_BIA_APPROVED	176369	Bord Bia Approved	"The Bord Bia Approved logo is awarded to a company which has been audited by Bord Bia to verify that processes, from farm to fork, comply with the highest Quality Assurance Standards. These standards include: animal welfare, traceability, environment, safety, feed, water, testing, inspection, hygiene and good manufacturing practice. ""Bord Bia Approved"" is awarded to a company where all the ingredients including meat content satisfy the Bord Bia requirements. www.bordbia.ie"	https://ref.gs1.org/voc/PackagingMarkedLabelAccreditationCode	urn:gs1:std:gdsn:c-1409540287	Bord Bia Approved Logo	The Bord Bia Approved logo is awarded to a company which has been audited by Bord Bia to verify that processes, from farm to fork, comply with the highest Quality Assurance Standards. These standards include animal welfare, traceability, environment, safety, feed, water, testing, inspection, hygiene and good manufacturing practice. Bord Bia Approved is awarded to a company where all the ingredients including meat content satisfy the Bord Bia requirements.	BORD_BIA_APPROVED	True	False		rdf:type + IRI code suffix + JSON sourceId/classId + GDSN codeListName/label
https://ref.gs1.org/voc/PackagingMarkedLabelAccreditationCode-BORD_BIA_APPROVED_MEAT	urn:gs1:std:gdsn:cv176370	type-and-iri-code	PackagingMarkedLabelAccreditationCode	BORD_BIA_APPROVED_MEAT	176370	Bord Bia Approved Meat	Bord Bia Approved - Meat Content Only applies to companies where only the meat content satisfies certain conditions detailed in the Bord Bia requirements document. see http://www.bordbia.ie/industryservices/quality/Documents/Quality-Assurance-Scheme-Logo-GuidelinesV7.pdf for more details.	https://ref.gs1.org/voc/PackagingMarkedLabelAccreditationCode	urn:gs1:std:gdsn:c-1409540287	Bord Bia Approved - Meat Content Only	Bord Bia Approved - Meat Content Only applies to companies where only the meat content satisfies certain conditions detailed in the Bord Bia requirements document.	BORD_BIA_APPROVED_MEAT	True	False		rdf:type + IRI code suffix + JSON sourceId/classId + GDSN codeListName/label
https://ref.gs1.org/voc/PackagingMarkedLabelAccreditationCode-BRA_MILJOVAL_LABEL_SWEDISH	urn:gs1:std:gdsn:cv176371	type-and-iri-code	PackagingMarkedLabelAccreditationCode	BRA_MILJOVAL_LABEL_SWEDISH	176371	Bra Miljöval Bra Miljöval	"Bra Miljöval is the ecolabel of SSNC. It is referred to as ""Good Environmental Choice"" in English. SSNC started ecolabelling."	https://ref.gs1.org/voc/PackagingMarkedLabelAccreditationCode	urn:gs1:std:gdsn:c-1409540287	Bra Miljoval	Bra Miljoval Bra is the ecolabel of SSNC. It is referred to as Good Environmental Choice in English. SSNC started ecolabelling.	BRA_MILJOVAL_LABEL_SWEDISH	True	False		rdf:type + IRI code suffix + JSON sourceId/classId + GDSN codeListName/label
https://ref.gs1.org/voc/PackagingMarkedLabelAccreditationCode-CROSSED_GRAIN_SYMBOL	urn:gs1:std:gdsn:cv176460	type-and-iri-code	PackagingMarkedLabelAccreditationCode	CROSSED_GRAIN_SYMBOL	176460	Crossed Grain Symbol	Crossed grain logo is a trademark owned and administered by Coeliac. It is a wolrdwide symbol for safe gluten-free foods. Each country has their own Coeliac website for example UK www.coeliac.org.uk	https://ref.gs1.org/voc/PackagingMarkedLabelAccreditationCode	urn:gs1:std:gdsn:c-1409540287	Crossed grain logo	Crossed grain logo is a trademark owned and administered by Coeliac. It is a worldwide symbol for safe gluten-free foods. Each country has their own Coeliac	CROSSED_GRAIN_SYMBOL	True	False		rdf:type + IRI code suffix + JSON sourceId/classId + GDSN codeListName/label
https://ref.gs1.org/voc/PackagingMarkedLabelAccreditationCode-DEMETER_LABEL	urn:gs1:std:gdsn:cv176475	type-and-iri-code	PackagingMarkedLabelAccreditationCode	DEMETER_LABEL	176475	Demeter Label	Demeter International trademark for products of certified biodynamic production. www.demeter.net	https://ref.gs1.org/voc/PackagingMarkedLabelAccreditationCode	urn:gs1:std:gdsn:c-1409540287	Demeter International Trademark	Demeter International trademark for products of certified biodynamic production.	DEMETER_LABEL	True	False		rdf:type + IRI code suffix + JSON sourceId/classId + GDSN codeListName/label
https://ref.gs1.org/voc/PackagingMarkedLabelAccreditationCode-ECOCERT_CERTIFICATE	urn:gs1:std:gdsn:cv176500	type-and-iri-code	PackagingMarkedLabelAccreditationCode	ECOCERT_CERTIFICATE	176500	Ecocert Certificate	ECOCERT is a certification body for sustainable development. Www.ecocert.com	https://ref.gs1.org/voc/PackagingMarkedLabelAccreditationCode	urn:gs1:std:gdsn:c-1409540287	ECOCERT Certification	ECOCERT is a certification body for sustainable development.	ECOCERT_CERTIFICATE	True	False		rdf:type + IRI code suffix + JSON sourceId/classId + GDSN codeListName/label
https://ref.gs1.org/voc/PackagingMarkedLabelAccreditationCode-ECO_LABEL_LADYBUG	urn:gs1:std:gdsn:cv176498	type-and-iri-code	PackagingMarkedLabelAccreditationCode	ECO_LABEL_LADYBUG	176498	Eco Label Ladybug	This is a Finnish label used by the Organic union, which represents the entire Finnish organic industry, consumers and producers in a common interest group. They work as a neutral voice in various working groups and consultations, and prepare position papers and presentations. The Federation also organizes training events and professional seminars. The Organic Federation also publishes the magazine Organic.	https://ref.gs1.org/voc/PackagingMarkedLabelAccreditationCode	urn:gs1:std:gdsn:c-1409540287	Eco Label Ladybug	This is a Finnish label used by the Organic union, which represents the entire Finnish organic industry, consumers and producers in a common interest group. They work as a neutral voice in various working groups and consultations, and prepare position papers and presentations. The Federation also organizes training events and professional seminars. The Organic Federation also publishes the magazine Organic.	ECO_LABEL_LADYBUG	True	False		rdf:type + IRI code suffix + JSON sourceId/classId + GDSN codeListName/label
https://ref.gs1.org/voc/PackagingMarkedLabelAccreditationCode-EESTI_OKOMARK	urn:gs1:std:gdsn:cv176509	type-and-iri-code	PackagingMarkedLabelAccreditationCode	EESTI_OKOMARK	176509	Estonian Eco Label	Estonian Eco Label: Ministry of Agriculture Ökomärk (Label of Organic Food). www.agri.ee	https://ref.gs1.org/voc/PackagingMarkedLabelAccreditationCode	urn:gs1:std:gdsn:c-1409540287	EESTI OKOMARK (Label of Organic Food)	Estonian Eco Label: Ministry of Agriculture Okomark (Label of Organic Food).	EESTI_OKOMARK	True	False		rdf:type + IRI code suffix + JSON sourceId/classId + GDSN codeListName/label
https://ref.gs1.org/voc/PackagingMarkedLabelAccreditationCode-EESTI_PARIM_TOIDUAINE	urn:gs1:std:gdsn:cv176510	type-and-iri-code	PackagingMarkedLabelAccreditationCode	EESTI_PARIM_TOIDUAINE	176510	Eesti Parim Toiduaine	Best Food  - Association of Estonia Food Industry http://www.toiduliit.ee/ Our mission is to support and promote Estonian food industry and economy, and contribute to a balanced and appropriate ethics to members of a favorable business environment for development.	https://ref.gs1.org/voc/PackagingMarkedLabelAccreditationCode	urn:gs1:std:gdsn:c-1409540287	Best Food Association of Estonia Food Industry	Best Food Association of Estonia Food Industry http://www.toiduliit.ee/. An organisation that supports and promote Estonian food industry and economy, and contribute to a balanced and appropriate ethics to members of a favourable business environment for development.	EESTI_PARIM_TOIDUAINE	True	False		rdf:type + IRI code suffix + JSON sourceId/classId + GDSN codeListName/label
https://ref.gs1.org/voc/PackagingMarkedLabelAccreditationCode-EKO	urn:gs1:std:gdsn:cv176511	type-and-iri-code	PackagingMarkedLabelAccreditationCode	EKO	176511	EKO	This symbol stands for organic production certified by Skal that meets the requirements of the EU-regulation for organic production. Skal is the inspection body for the organic production in the Netherlands.	https://ref.gs1.org/voc/PackagingMarkedLabelAccreditationCode	urn:gs1:std:gdsn:c-1409540287	Skal EKO Label	This symbol stands for organic production certified by Skal that meets the requirements of the EU-regulation for organic production. Skal is the inspection body for the organic production in the Netherlands.	EKO	True	False		rdf:type + IRI code suffix + JSON sourceId/classId + GDSN codeListName/label
https://ref.gs1.org/voc/PackagingMarkedLabelAccreditationCode-EU_ECO_LABEL	urn:gs1:std:gdsn:cv176534	type-and-iri-code	PackagingMarkedLabelAccreditationCode	EU_ECO_LABEL	176534	EU Eco Label	The item is physically marked with the European Union Eco label a European environmental initiative supported by the European Commission.	https://ref.gs1.org/voc/PackagingMarkedLabelAccreditationCode	urn:gs1:std:gdsn:c-1409540287	European Union Eco Label	The item is physically marked with the European Union Eco label a European environmental initiative supported by the European Commission.	EU_ECO_LABEL	True	False		rdf:type + IRI code suffix + JSON sourceId/classId + GDSN codeListName/label
https://ref.gs1.org/voc/PackagingMarkedLabelAccreditationCode-EU_ORGANIC_FARMING	urn:gs1:std:gdsn:cv176536	type-and-iri-code	PackagingMarkedLabelAccreditationCode	EU_ORGANIC_FARMING	176536	EU Organic Farming	New EU organic logo the EU introduced a new organic logo to ensure consumer protection and common standards. See www.organic-farming.europa.eu	https://ref.gs1.org/voc/PackagingMarkedLabelAccreditationCode	urn:gs1:std:gdsn:c-1409540287	EU Organic Farming Logo	New EU organic logo the EU introduced a new organic logo to ensure consumer protection and common standards.	EU_ORGANIC_FARMING	True	False		rdf:type + IRI code suffix + JSON sourceId/classId + GDSN codeListName/label
https://ref.gs1.org/voc/PackagingMarkedLabelAccreditationCode-FAIR_TRADE_MARK	urn:gs1:std:gdsn:cv176546	type-and-iri-code	PackagingMarkedLabelAccreditationCode	FAIR_TRADE_MARK	176546	Fair Trade Mark	The FAIR TRADE Mark certifies that products meet the social, economic and environmental International Fairtrade Standards. The FAIR TRADE Mark is usually supported by a local Fair Trade Labelling Organisation and certifies products not companies. It does not cover the companies or organizations selling the product.	https://ref.gs1.org/voc/PackagingMarkedLabelAccreditationCode	urn:gs1:std:gdsn:c-1409540287	The Fair Trade Mark	The Fair Trade Mark certifies that products meet the social, economic and environmental International Fair trade Standards. The Fair Trade Mark is usually supported by a local Fair Trade Labelling Organization and certifies products not companies. It does not cover the companies or organizations selling the product	FAIR_TRADE_MARK	True	False		rdf:type + IRI code suffix + JSON sourceId/classId + GDSN codeListName/label
https://ref.gs1.org/voc/PackagingMarkedLabelAccreditationCode-FALKEN	urn:gs1:std:gdsn:cv176570	type-and-iri-code	PackagingMarkedLabelAccreditationCode	FALKEN	176570	Falken	Falken	https://ref.gs1.org/voc/PackagingMarkedLabelAccreditationCode	urn:gs1:std:gdsn:c-1409540287	Falken		FALKEN	True	False		rdf:type + IRI code suffix + JSON sourceId/classId + GDSN codeListName/label
https://ref.gs1.org/voc/PackagingMarkedLabelAccreditationCode-FINNISH_HEART_SYMBOL	urn:gs1:std:gdsn:cv176574	type-and-iri-code	PackagingMarkedLabelAccreditationCode	FINNISH_HEART_SYMBOL	176574	Finnish Heart Symbol	The heart symbol to inform the consumer at one glance that the product marked with this symbol is a preferred choice in its product group with regard to fat and sodium.  Finnish Heart Association www.sydanmerkki.fi	https://ref.gs1.org/voc/PackagingMarkedLabelAccreditationCode	urn:gs1:std:gdsn:c-1409540287	Finnish Heart Symbol	The heart symbol to inform the consumer at one glance that the product marked with this symbol is a preferred choice in its product group with regard to fat and sodium. Finnish Heart Association.	FINNISH_HEART_SYMBOL	True	False		rdf:type + IRI code suffix + JSON sourceId/classId + GDSN codeListName/label
https://ref.gs1.org/voc/PackagingMarkedLabelAccreditationCode-FOREST_STEWARDSHIP_COUNCIL_LABEL	urn:gs1:std:gdsn:cv176588	type-and-iri-code	PackagingMarkedLabelAccreditationCode	FOREST_STEWARDSHIP_COUNCIL_LABEL	176588	Forest Stewardship Council Label	The item is physically marked with the Forest Stewardship Council label.	https://ref.gs1.org/voc/PackagingMarkedLabelAccreditationCode	urn:gs1:std:gdsn:c-1409540287	Forest Stewardship Council Label	The item is physically marked with the Forest Stewardship Council label.	FOREST_STEWARDSHIP_COUNCIL_LABEL	True	False		rdf:type + IRI code suffix + JSON sourceId/classId + GDSN codeListName/label
https://ref.gs1.org/voc/PackagingMarkedLabelAccreditationCode-GMO_MARKED	urn:gs1:std:gdsn:cv176624	type-and-iri-code	PackagingMarkedLabelAccreditationCode	GMO_MARKED	176624	GMO Marked	The item is physically marked as of genetically modified origin.	https://ref.gs1.org/voc/PackagingMarkedLabelAccreditationCode	urn:gs1:std:gdsn:c-1409540287	GMO Marked	The item is physically marked as of genetically modified origin.	GMO_MARKED	True	False		rdf:type + IRI code suffix + JSON sourceId/classId + GDSN codeListName/label
https://ref.gs1.org/voc/PackagingMarkedLabelAccreditationCode-GOODS_FROM_FINLAND_BLUE_SWAN	urn:gs1:std:gdsn:cv176630	type-and-iri-code	PackagingMarkedLabelAccreditationCode	GOODS_FROM_FINLAND_BLUE_SWAN	176630	Goods From Finland Blue Swan	http://www.finfood.fi/ Finfood Suomen Ruokatieto Ry	https://ref.gs1.org/voc/PackagingMarkedLabelAccreditationCode	urn:gs1:std:gdsn:c-1409540287	Finfood Suomen Ruokatieto Ry		GOODS_FROM_FINLAND_BLUE_SWAN	True	False		rdf:type + IRI code suffix + JSON sourceId/classId + GDSN codeListName/label
https://ref.gs1.org/voc/PackagingMarkedLabelAccreditationCode-GREEN_DOT	urn:gs1:std:gdsn:cv176635	type-and-iri-code	PackagingMarkedLabelAccreditationCode	GREEN_DOT	176635	Green Dot	Green Dot	https://ref.gs1.org/voc/PackagingMarkedLabelAccreditationCode	urn:gs1:std:gdsn:c-1409540287	Green Dot		GREEN_DOT	True	False		rdf:type + IRI code suffix + JSON sourceId/classId + GDSN codeListName/label
https://ref.gs1.org/voc/PackagingMarkedLabelAccreditationCode-GREEN_RESTAURANT_ASSOCIATION_ENDORSED	urn:gs1:std:gdsn:cv176638	type-and-iri-code	PackagingMarkedLabelAccreditationCode	GREEN_RESTAURANT_ASSOCIATION_ENDORSED	176638	Green Restaurant Association Endorsed	The item is physically marked with the Green Restaurant Association Endorsed symbol.	https://ref.gs1.org/voc/PackagingMarkedLabelAccreditationCode	urn:gs1:std:gdsn:c-1409540287	Green Restaurant Association Endorsed symbol	The item is physically marked with the Green Restaurant Association Endorsed symbol.	GREEN_RESTAURANT_ASSOCIATION_ENDORSED	True	False		rdf:type + IRI code suffix + JSON sourceId/classId + GDSN codeListName/label
https://ref.gs1.org/voc/PackagingMarkedLabelAccreditationCode-GREEN_SEAL_CERTIFIED	urn:gs1:std:gdsn:cv176640	type-and-iri-code	PackagingMarkedLabelAccreditationCode	GREEN_SEAL_CERTIFIED	176640	Green Seal Certified	The item is physically marked with the Green Seal Certified symbol.	https://ref.gs1.org/voc/PackagingMarkedLabelAccreditationCode	urn:gs1:std:gdsn:c-1409540287	Green Seal Certified Symbol	The item is physically marked with the Green Seal Certified symbol.	GREEN_SEAL_CERTIFIED	True	False		rdf:type + IRI code suffix + JSON sourceId/classId + GDSN codeListName/label
https://ref.gs1.org/voc/PackagingMarkedLabelAccreditationCode-GUARANTEED_IRISH	urn:gs1:std:gdsn:cv176646	type-and-iri-code	PackagingMarkedLabelAccreditationCode	GUARANTEED_IRISH	176646	Guaranteed Irish	Ireland: The Guaranteed Irish symbol makes shopping for Irish products and services a lot easier. Shoppers know that when they buy a product or service featuring the guaranteed Irish logo they are supporting Irish companies and safeguarding Irish jobs. http://www.guaranteedirish.ie/	https://ref.gs1.org/voc/PackagingMarkedLabelAccreditationCode	urn:gs1:std:gdsn:c-1409540287	Guaranteed Irish Symbol	Ireland: The Guaranteed Irish symbol makes shopping for Irish products and services a lot easier. Shoppers know that when they buy a product or service featuring the guaranteed Irish logo they are supporting Irish companies and safeguarding Irish jobs.	GUARANTEED_IRISH	True	False		rdf:type + IRI code suffix + JSON sourceId/classId + GDSN codeListName/label
https://ref.gs1.org/voc/PackagingMarkedLabelAccreditationCode-KRAV_MARK	urn:gs1:std:gdsn:cv176738	type-and-iri-code	PackagingMarkedLabelAccreditationCode	KRAV_MARK	176738	KRAV Mark	Krav Mark	https://ref.gs1.org/voc/PackagingMarkedLabelAccreditationCode	urn:gs1:std:gdsn:c-1409540287	KRAV Mark		KRAV_MARK	True	False		rdf:type + IRI code suffix + JSON sourceId/classId + GDSN codeListName/label
https://ref.gs1.org/voc/PackagingMarkedLabelAccreditationCode-LABEL_OF_THE_ALLERGY_AND_ASTHMA_FEDERATION	urn:gs1:std:gdsn:cv176743	type-and-iri-code	PackagingMarkedLabelAccreditationCode	LABEL_OF_THE_ALLERGY_AND_ASTHMA_FEDERATION	176743	Label of Allergy and Asthma Federation	Allergy and Asthma Federation is a non-profit public health organisation. Our aim is to improve quality of life of the allergy and asthma patients. http://www.allergia.fi/in-english/	https://ref.gs1.org/voc/PackagingMarkedLabelAccreditationCode	urn:gs1:std:gdsn:c-1409540287	Allergy and Asthma Federation	Allergy and Asthma Federation is a non-profit public health organisation. Our aim is to improve quality of life of the allergy and asthma patients.	LABEL_OF_THE_ALLERGY_AND_ASTHMA_FEDERATION	True	False		rdf:type + IRI code suffix + JSON sourceId/classId + GDSN codeListName/label
https://ref.gs1.org/voc/PackagingMarkedLabelAccreditationCode-LEAPING_BUNNY	urn:gs1:std:gdsn:cv176751	type-and-iri-code	PackagingMarkedLabelAccreditationCode	LEAPING_BUNNY	176751	Leaping Bunny	The Coalition for Consumer Information on Cosmetics (CCIC) Leaping Bunny Program administers a cruelty-free standard and the internationally recognized Leaping Bunny Logo for companies producing cosmetic, personal care, and household products. The Leaping Bunny Program provides the best assurance that no new animal testing is used in any phase of product development by the company, its laboratories, or suppliers. See also www.leapingbunny.org	https://ref.gs1.org/voc/PackagingMarkedLabelAccreditationCode	urn:gs1:std:gdsn:c-1409540287	Leaping Bunny Program	The Coalition for Consumer Information on Cosmetics (CCIC) Leaping Bunny Program administers a cruelty-free standard and the internationally recognized Leaping Bunny Logo for companies producing cosmetic, personal care, and household products. The Leaping Bunny Program provides the best assurance that no new animal testing is used in any phase of product development by the company, its laboratories, or suppliers.	LEAPING_BUNNY	True	False		rdf:type + IRI code suffix + JSON sourceId/classId + GDSN codeListName/label
https://ref.gs1.org/voc/PackagingMarkedLabelAccreditationCode-LOODUSSOBRALIK_TOODE_ESTONIA	urn:gs1:std:gdsn:cv176758	type-and-iri-code	PackagingMarkedLabelAccreditationCode	LOODUSSOBRALIK_TOODE_ESTONIA	176758	Loodussobralik Toode Estonia	"Eco-friendly product The sign ""eco-friendly product"" is designed to make environmentally friendly products on store shelves more as significant. When it comes to food shall be used for agriculture, natural farming methods. No use of mineral fertilizers, insect control and plant poisons. http://www.stockmann.ee/portal/7765/"	https://ref.gs1.org/voc/PackagingMarkedLabelAccreditationCode	urn:gs1:std:gdsn:c-1409540287	Loodussobralik Toode Estonia	Eco-friendly product The sign eco-friendly product is designed to make environmentally friendly products on store shelves more as significant. When it comes to food shall be used for agriculture, natural farming methods. No use of mineral fertilizers, insect control and plant poisons.	LOODUSSOBRALIK_TOODE_ESTONIA	True	False		rdf:type + IRI code suffix + JSON sourceId/classId + GDSN codeListName/label
https://ref.gs1.org/voc/PackagingMarkedLabelAccreditationCode-LOVE_IRISH_FOOD	urn:gs1:std:gdsn:cv176759	type-and-iri-code	PackagingMarkedLabelAccreditationCode	LOVE_IRISH_FOOD	176759	Love Irish Food	Love Irish Food - a promotional label printed on the product packaging to indicate to the consumer that the food is manufactured in Ireland using Irish ingredients. http://www.loveirishfood.ie/	https://ref.gs1.org/voc/PackagingMarkedLabelAccreditationCode	urn:gs1:std:gdsn:c-1409540287	Love Irish Food	Love Irish Food - a promotional label printed on the product packaging to indicate to the consumer that the food is manufactured in Ireland using Irish ingredients.	LOVE_IRISH_FOOD	True	False		rdf:type + IRI code suffix + JSON sourceId/classId + GDSN codeListName/label
https://ref.gs1.org/voc/PackagingMarkedLabelAccreditationCode-MADE_IN_FINLAND_FLAG_WITH_KEY	urn:gs1:std:gdsn:cv176763	type-and-iri-code	PackagingMarkedLabelAccreditationCode	MADE_IN_FINLAND_FLAG_WITH_KEY	176763	Made in Finland	Made in Finland  Products that are made in Finland Avainlippu (Key Flag) Suomalaisen Työn www.avainlippu.fi	https://ref.gs1.org/voc/PackagingMarkedLabelAccreditationCode	urn:gs1:std:gdsn:c-1409540287	Made in Finland	Made in Finland Products that are made in Finland Avainlippu (Key Flag) Suomalaisen Tyon	MADE_IN_FINLAND_FLAG_WITH_KEY	True	False		rdf:type + IRI code suffix + JSON sourceId/classId + GDSN codeListName/label
https://ref.gs1.org/voc/PackagingMarkedLabelAccreditationCode-MARINE_STEWARDSHIP_COUNCIL_LABEL	urn:gs1:std:gdsn:cv176768	type-and-iri-code	PackagingMarkedLabelAccreditationCode	MARINE_STEWARDSHIP_COUNCIL_LABEL	176768	Marine Stewardship Council	The MSC is the world's leading certification and ecolabelling program for sustainable seafood. Look for the blue MSC ecolabel when shopping or dining out. The item is physically marked with the Marine Stewardship Council label.	https://ref.gs1.org/voc/PackagingMarkedLabelAccreditationCode	urn:gs1:std:gdsn:c-1409540287	Marine Stewardship Council label		MARINE_STEWARDSHIP_COUNCIL_LABEL	True	False		rdf:type + IRI code suffix + JSON sourceId/classId + GDSN codeListName/label
https://ref.gs1.org/voc/PackagingMarkedLabelAccreditationCode-MAX_HAVELAAR	urn:gs1:std:gdsn:cv176769	type-and-iri-code	PackagingMarkedLabelAccreditationCode	MAX_HAVELAAR	176769	Fairtrade Max Havelaar	Fair trade Max Havelaar symbol awarded to manufacturers which contribute to improving the living and working conditions of small farmers and agricultural workers in disadvantaged regions. This symbol may also be used in France and Switzerland.	https://ref.gs1.org/voc/PackagingMarkedLabelAccreditationCode	urn:gs1:std:gdsn:c-1409540287	Max Havelaar	Fair trade symbol used in the Netherlands Target Market awarded to manufacturers which contribute to improving the living and working conditions of small farmers and agricultural workers in disadvantaged regions.	MAX_HAVELAAR	True	False		rdf:type + IRI code suffix + JSON sourceId/classId + GDSN codeListName/label
https://ref.gs1.org/voc/PackagingMarkedLabelAccreditationCode-NATRUE_LABEL	urn:gs1:std:gdsn:cv176788	type-and-iri-code	PackagingMarkedLabelAccreditationCode	NATRUE_LABEL	176788	NATRUE Label	The NATRUE Label guarantees that the products that carry it are made only with natural and organic ingredients, through soft manufacturing processes and environmentally friendly practices. The NATRUE Label is awarded by NATRUE, a non-profit organisation committed to promote and protect high standards of quality and environmental integrity. See: http://www.natrue.org/home/	https://ref.gs1.org/voc/PackagingMarkedLabelAccreditationCode	urn:gs1:std:gdsn:c-1409540287	NATRUE Label	The NATRUE Label guarantees that the products that carry it are made only with natural and organic ingredients, through soft manufacturing processes and environmentally friendly practices. The NATRUE Label is awarded by NATRUE, a non-profit organisation committed to promote and protect high standards of quality and environmental integrity.	NATRUE_LABEL	True	False		rdf:type + IRI code suffix + JSON sourceId/classId + GDSN codeListName/label
https://ref.gs1.org/voc/PackagingMarkedLabelAccreditationCode-NYCKELHALET	urn:gs1:std:gdsn:cv176820	type-and-iri-code	PackagingMarkedLabelAccreditationCode	NYCKELHALET	176820	Nyckelhalet	The green key hole is to be put on the healthy foods in Sweden, Denmark, and Norway within certain product groups in order to make it easier for the customers to make a healthy choice. http://www.norden.org/	https://ref.gs1.org/voc/PackagingMarkedLabelAccreditationCode	urn:gs1:std:gdsn:c-1409540287	Green Key Hole	The green key hole is to be put on the healthy foods in Sweden, Denmark, and Norway within certain product groups in order to make it easier for the customers to make a healthy choice. http://www.norden.org/	NYCKELHALET	True	False		rdf:type + IRI code suffix + JSON sourceId/classId + GDSN codeListName/label
https://ref.gs1.org/voc/PackagingMarkedLabelAccreditationCode-OEKO_TEX_LABEL	urn:gs1:std:gdsn:cv176828	type-and-iri-code	PackagingMarkedLabelAccreditationCode	OEKO_TEX_LABEL	176828	OEKO-TEX Standard 100	The OEKO-TEX® Standard 100 is a globally recognized certification that indicates textiles have been tested for harmful substances and meet stringent safety criteria. Products bearing the STANDARD 100 label are verified to be safe for human health, ensuring they contain no harmful levels of over 1,000 substances. The certification applies to every component of the product, from the fabric to the buttons and threads, making it a benchmark for textile safety and environmental protection.	https://ref.gs1.org/voc/PackagingMarkedLabelAccreditationCode	urn:gs1:std:gdsn:c-1409540287	Confidence in Textiles Oeko-Tex	Confidence in textiles. This has been the motto of the independent test institutes of the International Oeko-Tex Association since 1992, with their tests for harmful substances according to Oeko-Tex Standard 100 for textile products of all types which pose no risk whatsoever to health.	OEKO_TEX_LABEL	True	False		rdf:type + IRI code suffix + JSON sourceId/classId + GDSN codeListName/label
https://ref.gs1.org/voc/PackagingMarkedLabelAccreditationCode-OFFICIAL_ECO_LABEL_SUN	urn:gs1:std:gdsn:cv176832	type-and-iri-code	PackagingMarkedLabelAccreditationCode	OFFICIAL_ECO_LABEL_SUN	176832	Official Eco Label Sun	Luomo Sun Sign Denotes controlled organic production. The official label of the Finnish inspection authorities; owned by the Ministry of Agriculture and Forestry. http://opetus.ruokatieto.fi/	https://ref.gs1.org/voc/PackagingMarkedLabelAccreditationCode	urn:gs1:std:gdsn:c-1409540287	Luomo Sun Sign	Luomo Sun Sign Denotes controlled organic production. The official label of the Finnish inspection authorities; owned by the Ministry of Agriculture and Forestry.	OFFICIAL_ECO_LABEL_SUN	True	False		rdf:type + IRI code suffix + JSON sourceId/classId + GDSN codeListName/label
https://ref.gs1.org/voc/PackagingMarkedLabelAccreditationCode-PEFC	urn:gs1:std:gdsn:cv176867	type-and-iri-code	PackagingMarkedLabelAccreditationCode	PEFC	176867	PEFC	Programme for Endorsement of Forest Certification (PEFCC_ is an international non-profit, non-governmental organisation dedicated to promoting Sustainable Forest Management (SFM) through independent third-party certification	https://ref.gs1.org/voc/PackagingMarkedLabelAccreditationCode	urn:gs1:std:gdsn:c-1409540287	Programme for Endorsement of Forest Certification	Programme for Endorsement of Forest Certification (PEFCC_ is an international non-profit, non-governmental organisation dedicated to promoting Sustainable Forest Management (SFM) through independent third-party certification	PEFC	True	False		rdf:type + IRI code suffix + JSON sourceId/classId + GDSN codeListName/label
https://ref.gs1.org/voc/PackagingMarkedLabelAccreditationCode-PROTECTED_DESIGNATION_OF_ORIGIN	urn:gs1:std:gdsn:cv176890	type-and-iri-code	PackagingMarkedLabelAccreditationCode	PROTECTED_DESIGNATION_OF_ORIGIN	176890	Protected Designation of Origin	The Protected designation of origin is the name of an area, a specific place or, in exceptional cases, the name of a country, used as a designation for an agricultural product or a foodstuff, the entire product must be traditionally and ENTIRELY manufactured (prepared, processed AND produced) within the specific region and thus acquire unique properties. Protected Geographical Status (PGS) is a legal framework defined in European Union law to protect the names of regional foods.	https://ref.gs1.org/voc/PackagingMarkedLabelAccreditationCode	urn:gs1:std:gdsn:c-1409540287	Protected Designation of Origin	The Protected designation of origin is the name of an area, a specific place or, in exceptional cases, the name of a country, used as a designation for an agricultural product or a foodstuff, the entire product must be traditionally and ENTIRELY manufactured (prepared, processed AND produced) within the specific region and thus acquire unique properties. Protected Geographical Status (PGS) is a legal framework defined in European Union law to protect the names of regional foods.	PROTECTED_DESIGNATION_OF_ORIGIN	True	False		rdf:type + IRI code suffix + JSON sourceId/classId + GDSN codeListName/label
https://ref.gs1.org/voc/PackagingMarkedLabelAccreditationCode-PROTECTED_GEOGRAPHICAL_INDICATION	urn:gs1:std:gdsn:cv176891	type-and-iri-code	PackagingMarkedLabelAccreditationCode	PROTECTED_GEOGRAPHICAL_INDICATION	176891	Protected Geographical Indication	The Protected geographical indication is the name of an area, a specific place or, in exceptional cases, the name of a country, used as a description of an agricultural product or a foodstuff, the entire product must be traditionally and at least PARTIALLY manufactured (prepared, processed OR produced) within the specific region and thus acquire unique properties. Protected Geographical Status (PGS) is a legal framework[1] defined in European Union law to protect the names of regional foods.	https://ref.gs1.org/voc/PackagingMarkedLabelAccreditationCode	urn:gs1:std:gdsn:c-1409540287	Protected Geographical Indication	The Protected geographical indication is the name of an area, a specific place or, in exceptional cases, the name of a country, used as a description of an agricultural product or a foodstuff, the entire product must be traditionally and at least PARTIALLY manufactured (prepared, processed OR produced) within the specific region and thus acquire unique properties. Protected Geographical Status (PGS) is a legal framework[1] defined in European Union law to protect the names of regional foods.	PROTECTED_GEOGRAPHICAL_INDICATION	True	False		rdf:type + IRI code suffix + JSON sourceId/classId + GDSN codeListName/label
https://ref.gs1.org/voc/PackagingMarkedLabelAccreditationCode-PROTECTED_HARVEST_CERTIFIED	urn:gs1:std:gdsn:cv176892	type-and-iri-code	PackagingMarkedLabelAccreditationCode	PROTECTED_HARVEST_CERTIFIED	176892	Protected Harvest Certified	The item is physically marked with the Protected Harvest Certified symbol.	https://ref.gs1.org/voc/PackagingMarkedLabelAccreditationCode	urn:gs1:std:gdsn:c-1409540287	Protected Harvest Certified Symbol	The item is physically marked with the Protected Harvest Certified symbol.	PROTECTED_HARVEST_CERTIFIED	True	False		rdf:type + IRI code suffix + JSON sourceId/classId + GDSN codeListName/label
https://ref.gs1.org/voc/PackagingMarkedLabelAccreditationCode-QUALITY_MARK_IRELAND	urn:gs1:std:gdsn:cv176902	type-and-iri-code	PackagingMarkedLabelAccreditationCode	QUALITY_MARK_IRELAND	176902	Quality Mark Ireland	Control IMO Organic farming is an alternative, environmentally friendly method of food production. It forbids the use of chemicals and requires production methods that respect animal welfare and do not damage the environment. The term â€˜organicâ€™ can only be used on food labels in Ireland if the food product meets strict Irish and EU organic standards and is licensed by an approved certification body.	https://ref.gs1.org/voc/PackagingMarkedLabelAccreditationCode	urn:gs1:std:gdsn:c-1409540287	Quality Mark Ireland	Control IMO Organic farming is an alternative, environmentally friendly method of food production. It forbids the use of chemicals and requires production methods that respect animal welfare and do not damage the environment. The term organic can only be used on food labels in Ireland if the food product meets strict Irish and EU organic standards and is licensed by an approved certification body.	QUALITY_MARK_IRELAND	True	False		rdf:type + IRI code suffix + JSON sourceId/classId + GDSN codeListName/label
https://ref.gs1.org/voc/PackagingMarkedLabelAccreditationCode-RAINFOREST_ALLIANCE	urn:gs1:std:gdsn:cv176908	type-and-iri-code	PackagingMarkedLabelAccreditationCode	RAINFOREST_ALLIANCE	176908	Rainforest Alliance	The item is physically marked with the Rainforest Alliance Certified symbol.	https://ref.gs1.org/voc/PackagingMarkedLabelAccreditationCode	urn:gs1:std:gdsn:c-1409540287	Rainforest Alliance Certified Symbol	The item is physically marked with the Rainforest Alliance Certified symbol.	RAINFOREST_ALLIANCE	True	False		rdf:type + IRI code suffix + JSON sourceId/classId + GDSN codeListName/label
https://ref.gs1.org/voc/PackagingMarkedLabelAccreditationCode-SCHARRELVLEES	urn:gs1:std:gdsn:cv176937	type-and-iri-code	PackagingMarkedLabelAccreditationCode	SCHARRELVLEES	176937	Scharrelvlees	A symbol used in the Netherlands Target Market intended for meat based products which guarantees that the animals has been growth without the use of antibiotics.	https://ref.gs1.org/voc/PackagingMarkedLabelAccreditationCode	urn:gs1:std:gdsn:c-1409540287	Scharrelvlees	A symbol used in the Netherlands Target Market intended for meat based products which guarantees that the animals has been growth without the use of antibiotics.	SCHARRELVLEES	True	False		rdf:type + IRI code suffix + JSON sourceId/classId + GDSN codeListName/label
https://ref.gs1.org/voc/PackagingMarkedLabelAccreditationCode-SOIL_ASSOCIATION_ORGANIC_SYMBOL	urn:gs1:std:gdsn:cv176960	type-and-iri-code	PackagingMarkedLabelAccreditationCode	SOIL_ASSOCIATION_ORGANIC_SYMBOL	176960	Soil Association Organic Symbol	The Soil Association Organic Symbol is a symbol used in the UK to show that products meet a strict set of organic standards that protect health, sustainability and the environment.	https://ref.gs1.org/voc/PackagingMarkedLabelAccreditationCode	urn:gs1:std:gdsn:c-1409540287	Soil Association Organic Symbol	The Soil Association Organic Symbol is a symbol used in the UK to show that products meet a strict set of organic standards that protect health, sustainability and the environment.	SOIL_ASSOCIATION_ORGANIC_SYMBOL	True	False		rdf:type + IRI code suffix + JSON sourceId/classId + GDSN codeListName/label
https://ref.gs1.org/voc/PackagingMarkedLabelAccreditationCode-SUSTAINABLE_PALM_OIL_RSPO	urn:gs1:std:gdsn:cv176981	type-and-iri-code	PackagingMarkedLabelAccreditationCode	SUSTAINABLE_PALM_OIL_RSPO	176981	Sustainable Palm Oil RSPO Certified	"The 'Certified RSPO' logo needs to be displayed if one of the two supply chain models below are utilized:Identity Preserved (IP): The Identity Preserved (IP) supply chain model assures that the RSPO certified oil palm product delivered to the end user is uniquely identifiable to a single RSPO certified mill and its certified supply base.
Segregated (SG): The Segregated (SG) supply chain model assures that RSPO certified oil palm products delivered to the end user come only from RSPO certified sources.

https://www.rspo.org/key-documents/certification/rspo-supply-chain-certification"	https://ref.gs1.org/voc/PackagingMarkedLabelAccreditationCode	urn:gs1:std:gdsn:c-1409540287	Sustainably Produced Palm Oil	In response to the urgent and pressing global call for sustainably produced palm oil, the Roundtable on Sustainable Palm Oil (RSPO) was formed in 2004 with the objective of promoting the growth and use of sustainable oil palm products through credible global standards and engagement of stakeholders.	SUSTAINABLE_PALM_OIL_RSPO	True	False		rdf:type + IRI code suffix + JSON sourceId/classId + GDSN codeListName/label
https://ref.gs1.org/voc/PackagingMarkedLabelAccreditationCode-SVANEN	urn:gs1:std:gdsn:cv176986	type-and-iri-code	PackagingMarkedLabelAccreditationCode	SVANEN	176986	Svanen	The Swan is the Nordic environmental label. It was established by the Nordic Council of Ministers in 1989 and Denmark joined in 1997. The Swan is used in all Nordic countries, i.e. Denmark, Norway, Sweden, Finland and Iceland.	https://ref.gs1.org/voc/PackagingMarkedLabelAccreditationCode	urn:gs1:std:gdsn:c-1409540287	Svanen	The Swan is the Nordic environmental label. It was established by the Nordic Council of Ministers in 1989 and Denmark joined in 1997. The Swan is used in all Nordic countries, i.e. Denmark, Norway, Sweden, Finland and Iceland.	SVANEN	True	False		rdf:type + IRI code suffix + JSON sourceId/classId + GDSN codeListName/label
https://ref.gs1.org/voc/PackagingMarkedLabelAccreditationCode-SWEDISH_SEAL_OF_QUALITY	urn:gs1:std:gdsn:cv176991	type-and-iri-code	PackagingMarkedLabelAccreditationCode	SWEDISH_SEAL_OF_QUALITY	176991	Swedish Seal of Quality	The item is physically marked with the Swedish Seal of Quality label which intends to guarantee the responsibility for the environment of the product.	https://ref.gs1.org/voc/PackagingMarkedLabelAccreditationCode	urn:gs1:std:gdsn:c-1409540287	Swedish Seal of Quality Label	The item is physically marked with the Swedish Seal of Quality label which intends to guarantee the responsibility for the environment of the product.	SWEDISH_SEAL_OF_QUALITY	True	False		rdf:type + IRI code suffix + JSON sourceId/classId + GDSN codeListName/label
https://ref.gs1.org/voc/PackagingMarkedLabelAccreditationCode-TRADITIONAL_SPECIALTY_GUARANTEED	urn:gs1:std:gdsn:cv177009	type-and-iri-code	PackagingMarkedLabelAccreditationCode	TRADITIONAL_SPECIALTY_GUARANTEED	177009	Traditional Speciality Guaranteed	The Traditional specialty guaranteed is a trademark for an agricultural product or a foodstuff, which has a certain feature or a set of features, setting it clearly apart from other similar products or foodstuffs belonging to the same category. The product or foodstuff must be manufactured using traditional ingredients or must be characteristic for its traditional composition, production process, or processing reflecting a traditional type of manufacturing or processing.	https://ref.gs1.org/voc/PackagingMarkedLabelAccreditationCode	urn:gs1:std:gdsn:c-1409540287	Traditional Specialty Guaranteed	The Traditional specialty guaranteed is a trademark for an agricultural product or a foodstuff, which has a certain feature or a set of features, setting it clearly apart from other similar products or foodstuffs belonging to the same category. The product or foodstuff must be manufactured using traditional ingredients or must be characteristic for its traditional composition, production process, or processing reflecting a traditional type of manufacturing or processing.	TRADITIONAL_SPECIALTY_GUARANTEED	True	False		rdf:type + IRI code suffix + JSON sourceId/classId + GDSN codeListName/label
https://ref.gs1.org/voc/PackagingMarkedLabelAccreditationCode-TUNNUSTATUD_EESTI_MAITSE	urn:gs1:std:gdsn:cv177016	type-and-iri-code	PackagingMarkedLabelAccreditationCode	TUNNUSTATUD_EESTI_MAITSE	177016	Approved Estonian Taste	Approved Estonian Taste - Quality/Tradition/Origin/Traceability for Estonian products. All raw materials must be 100% Estonian. Estonian Chamber of Agriculture and Commerce	https://ref.gs1.org/voc/PackagingMarkedLabelAccreditationCode	urn:gs1:std:gdsn:c-1409540287	Approved Estonian Taste	Approved Estonian Taste - Quality/Tradition/Origin/Traceability for Estonian products. All raw materials must be 100% Estonian. Estonian Chamber of Agriculture and Commerce.	TUNNUSTATUD_EESTI_MAITSE	True	False		rdf:type + IRI code suffix + JSON sourceId/classId + GDSN codeListName/label
https://ref.gs1.org/voc/PackagingMarkedLabelAccreditationCode-TUNNUSTATUD_MAITSE	urn:gs1:std:gdsn:cv177017	type-and-iri-code	PackagingMarkedLabelAccreditationCode	TUNNUSTATUD_MAITSE	177017	Approved Taste Label	Approved Taste label (designed as a barn swallow) denoting Estonian origin and high quality was introduced. This label has been given to products for Food quality and safety. Estonian Chamber of Agriculture and Commerce (ECAC) www.epkk.ee	https://ref.gs1.org/voc/PackagingMarkedLabelAccreditationCode	urn:gs1:std:gdsn:c-1409540287	Tunnustatud Maitse	Approved Taste label (designed as a barn swallow) denoting Estonian origin and high quality was introduced. This label has been given to products for Food quality and safety. Estonian Chamber of Agriculture and Commerce (ECAC).	TUNNUSTATUD_MAITSE	True	False		rdf:type + IRI code suffix + JSON sourceId/classId + GDSN codeListName/label
https://ref.gs1.org/voc/PackagingMarkedLabelAccreditationCode-UNIQUELY_FINNISH	urn:gs1:std:gdsn:cv177024	type-and-iri-code	PackagingMarkedLabelAccreditationCode	UNIQUELY_FINNISH	177024	Uniquely Finnish	Uniquely Finnish http://www.maakuntienparhaat.fi/en/ The Uniquely Finnish label is a national quality label for small entrepreneurs. ProAgria Association of Rural Advisory Centres grants the label to qualified foodstuff, handicraft and rural tourism companies based on applications.	https://ref.gs1.org/voc/PackagingMarkedLabelAccreditationCode	urn:gs1:std:gdsn:c-1409540287	Uniquely Finnish	Uniquely Finnish http://www.maakuntienparhaat.fi/en/ The Uniquely Finnish label is a national quality label for small entrepreneurs. ProAgria Association of Rural Advisory Centres grants the label to qualified foodstuff, handicraft and rural tourism companies based on applications.	UNIQUELY_FINNISH	True	False		rdf:type + IRI code suffix + JSON sourceId/classId + GDSN codeListName/label
https://ref.gs1.org/voc/PackagingMarkedLabelAccreditationCode-USDA	urn:gs1:std:gdsn:cv177028	type-and-iri-code	PackagingMarkedLabelAccreditationCode	USDA	177028	US Department of Agriculture	US Department of Agriculture	https://ref.gs1.org/voc/PackagingMarkedLabelAccreditationCode	urn:gs1:std:gdsn:c-1409540287	US Department of Agriculture		USDA	True	False		rdf:type + IRI code suffix + JSON sourceId/classId + GDSN codeListName/label
https://ref.gs1.org/voc/PackagingMarkedLabelAccreditationCode-UTZ_CERTIFIED	urn:gs1:std:gdsn:cv177034	type-and-iri-code	PackagingMarkedLabelAccreditationCode	UTZ_CERTIFIED	177034	UTZ Certified	A certification which is intended to assure the social and environmental quality in coffee production. Coffee based products may be marked with this certification.	https://ref.gs1.org/voc/PackagingMarkedLabelAccreditationCode	urn:gs1:std:gdsn:c-1409540287	UTZ Certified	A certification which is intended to assure the social and environmental quality in coffee production. Coffee based products may be marked with this certification.	UTZ_CERTIFIED	True	False		rdf:type + IRI code suffix + JSON sourceId/classId + GDSN codeListName/label
https://ref.gs1.org/voc/PackagingMarkedLabelAccreditationCode-VAELG_FULDKORN_FORST	urn:gs1:std:gdsn:cv177037	type-and-iri-code	PackagingMarkedLabelAccreditationCode	VAELG_FULDKORN_FORST	177037	Vaelg Fuldkorn Forst	Grain based foods (bread, breakfast products, baking articles etc.) which have got a high content of whole grain will be puffed with a nutritional puff from the beginning of 2009: Please choose whole grain first! Denmark http://www.fuldkorn.dk/	https://ref.gs1.org/voc/PackagingMarkedLabelAccreditationCode	urn:gs1:std:gdsn:c-1409540287	Vaelg Fuldkorn forst	Grain based foods (bread, breakfast products, baking articles etc.) which have got a high content of whole grain will be puffed with a nutritional puff from the beginning of 2009: Please choose whole grain first.	VAELG_FULDKORN_FORST	True	False		rdf:type + IRI code suffix + JSON sourceId/classId + GDSN codeListName/label
https://ref.gs1.org/voc/PackagingMarkedLabelAccreditationCode-WWF_PANDA_LABEL	urn:gs1:std:gdsn:cv177078	type-and-iri-code	PackagingMarkedLabelAccreditationCode	WWF_PANDA_LABEL	177078	WWF Panda	Products that support the WWF http://www.worldwildlife.org/	https://ref.gs1.org/voc/PackagingMarkedLabelAccreditationCode	urn:gs1:std:gdsn:c-1409540287	World Wildlife Federation Panda	Products that support the World Wildlife Federation.	WWF_PANDA_LABEL	True	False		rdf:type + IRI code suffix + JSON sourceId/classId + GDSN codeListName/label
https://ref.gs1.org/voc/PackagingMaterialTypeCode-BAMBOO	urn:gs1:std:gdsn:cv177118	type-and-iri-code	PackagingMaterialTypeCode	BAMBOO	177118	Bamboo	Any of various woody or arborescent grasses (as of the genera Bambusa, Arundinaria, and Dendrocalamus of the subfamily Bambusoideae) of tropical and temperate regions having hollow stems, thick rhizomes, and shoots. The packaging may be in the form of paper, wood or leaves.	https://ref.gs1.org/voc/PackagingMaterialTypeCode	urn:gs1:std:gdsn:c318819073	Bamboo	Any of various woody or arborescent grasses (as of the genera Bambusa, Arundinaria, and Dendrocalamus of the subfamily Bambusoideae) of tropical and temperate regions having hollow stems, thick rhizomes, and shoots. The packaging may be in the form of paper, wood or leaves.	BAMBOO	True	False		rdf:type + IRI code suffix + JSON sourceId/classId + GDSN codeListName/label
https://ref.gs1.org/voc/PackagingMaterialTypeCode-CELLULOSE_HYDRATE	urn:gs1:std:gdsn:cv177119	type-and-iri-code	PackagingMaterialTypeCode	CELLULOSE_HYDRATE	177119	Cellulose hydrate	A class of materials manufactured by the conversion of natural cellulose to a soluble cellulosic derivative and subsequent regeneration, typically forming a film (e.g., cellophane). 	https://ref.gs1.org/voc/PackagingMaterialTypeCode	urn:gs1:std:gdsn:c318819073	Cellulose hydrate	A class of materials manufactured by the conversion of natural cellulose to a soluble cellulosic derivative and subsequent regeneration, typically forming a film (e.g., cellophane). 	CELLULOSE_HYDRATE	True	False		rdf:type + IRI code suffix + JSON sourceId/classId + GDSN codeListName/label
https://ref.gs1.org/voc/PackagingMaterialTypeCode-CERAMIC	urn:gs1:std:gdsn:cv177120	type-and-iri-code	PackagingMaterialTypeCode	CERAMIC	177120	Ceramic	A non-specific material made from clay and hardened by firing at a high temperatures. Examples can include Terra-cotta, Earthenware, Stoneware, Porcelain, and High-Tech Ceramics.	https://ref.gs1.org/voc/PackagingMaterialTypeCode	urn:gs1:std:gdsn:c318819073	Ceramic	A non-specific material made from clay and hardened by firing at a high temperatures. Examples can include Terra-cotta, Earthenware, Stoneware, Porcelain, and High-Tech Ceramics.	CERAMIC	True	False		rdf:type + IRI code suffix + JSON sourceId/classId + GDSN codeListName/label
https://ref.gs1.org/voc/PackagingMaterialTypeCode-CLOTH_OR_FABRIC	urn:gs1:std:gdsn:cv177121	type-and-iri-code	PackagingMaterialTypeCode	CLOTH_OR_FABRIC	177121	Cloth or Fabric	A non specific material made by weaving, felting, knitting, or crocheting natural and/or synthetic fibers.	https://ref.gs1.org/voc/PackagingMaterialTypeCode	urn:gs1:std:gdsn:c318819073	Cloth or Fabric	A non specific material made by weaving, felting, knitting, or crocheting natural and/or synthetic fibers.	CLOTH_OR_FABRIC	True	False		rdf:type + IRI code suffix + JSON sourceId/classId + GDSN codeListName/label
https://ref.gs1.org/voc/PackagingMaterialTypeCode-COMPOSITE	urn:gs1:std:gdsn:cv177122	type-and-iri-code	PackagingMaterialTypeCode	COMPOSITE	177122	Composite	A material that is made from multiple materials.	https://ref.gs1.org/voc/PackagingMaterialTypeCode	urn:gs1:std:gdsn:c318819073	Composite	A material that is made from multiple materials.	COMPOSITE	True	False		rdf:type + IRI code suffix + JSON sourceId/classId + GDSN codeListName/label
https://ref.gs1.org/voc/PackagingMaterialTypeCode-CORK_NATURAL	urn:gs1:std:gdsn:cv177123	type-and-iri-code	PackagingMaterialTypeCode	CORK_NATURAL	177123	Natural cork	Cork is an impermeable buoyant material, the phellem layer of bark tissue that is harvested for commercial use primarily from Quercus suber (the cork oak).	https://ref.gs1.org/voc/PackagingMaterialTypeCode	urn:gs1:std:gdsn:c318819073	Natural cork	Cork is an impermeable buoyant material, the phellem layer of bark tissue that is harvested for commercial use primarily from Quercus suber (the cork oak).	CORK_NATURAL	True	False		rdf:type + IRI code suffix + JSON sourceId/classId + GDSN codeListName/label
https://ref.gs1.org/voc/PackagingMaterialTypeCode-CORRUGATED_BOARD_DOUBLE_WALL	urn:gs1:std:gdsn:cv177124	type-and-iri-code	PackagingMaterialTypeCode	CORRUGATED_BOARD_DOUBLE_WALL	177124	Double Wall Corrugated Board	A structure formed by five layers of cardboard: two fluted sheets and three linerboards (two outer liners and one intermediate liner). Also known as 5-layer type.	https://ref.gs1.org/voc/PackagingMaterialTypeCode	urn:gs1:std:gdsn:c318819073	Double Wall Corrugated Board	A structure formed by two layers of corrugated cardboard (flutes), with a linerboard facing between them.	CORRUGATED_BOARD_DOUBLE_WALL	True	False		rdf:type + IRI code suffix + JSON sourceId/classId + GDSN codeListName/label
https://ref.gs1.org/voc/PackagingMaterialTypeCode-CORRUGATED_BOARD_OTHER	urn:gs1:std:gdsn:cv177125	type-and-iri-code	PackagingMaterialTypeCode	CORRUGATED_BOARD_OTHER	177125	Corrugated Board Other	The value needed is not listed or is not defined within this list’s individual code value and definitions of corrugated boards. Please send a work request into GS1 or your solution provider requesting the code you are searching for.	https://ref.gs1.org/voc/PackagingMaterialTypeCode	urn:gs1:std:gdsn:c318819073	Corrugated Board Other	The value needed is not listed or is not defined within this list's individual code value and definitions of corrugated boards. Please send a work request into GS1 or your solution provider requesting the code you are searching for.	CORRUGATED_BOARD_OTHER	True	False		rdf:type + IRI code suffix + JSON sourceId/classId + GDSN codeListName/label
https://ref.gs1.org/voc/PackagingMaterialTypeCode-CORRUGATED_BOARD_SINGLE_WALL	urn:gs1:std:gdsn:cv177126	type-and-iri-code	PackagingMaterialTypeCode	CORRUGATED_BOARD_SINGLE_WALL	177126	Single Wall Corrugated Board	A structure formed by three layers of cardboard: one fluted sheet and two outer linerboards. Also known as 3-layer type or double faced.	https://ref.gs1.org/voc/PackagingMaterialTypeCode	urn:gs1:std:gdsn:c318819073	Single Wall Corrugated Board	A structure formed by three layers of paper that are glued using starch into one single, sturdy sheet; also termed double faced.	CORRUGATED_BOARD_SINGLE_WALL	True	False		rdf:type + IRI code suffix + JSON sourceId/classId + GDSN codeListName/label
https://ref.gs1.org/voc/PackagingMaterialTypeCode-CORRUGATED_BOARD_TRIPLE_WALL	urn:gs1:std:gdsn:cv177127	type-and-iri-code	PackagingMaterialTypeCode	CORRUGATED_BOARD_TRIPLE_WALL	177127	Triple Wall Corrugated Board	A structure formed by seven layers of cardboard: three fluted sheets and four linerboards (two outer liners and two intermediate liners). Also known as 7-layer type.	https://ref.gs1.org/voc/PackagingMaterialTypeCode	urn:gs1:std:gdsn:c318819073	Triple Wall Corrugated Board	A structure formed by an inner and outer liner with three fluted sheets in between, each separated by a layer of paper.	CORRUGATED_BOARD_TRIPLE_WALL	True	False		rdf:type + IRI code suffix + JSON sourceId/classId + GDSN codeListName/label
https://ref.gs1.org/voc/PackagingMaterialTypeCode-FIBRE_BURLAP	urn:gs1:std:gdsn:cv177128	type-and-iri-code	PackagingMaterialTypeCode	FIBRE_BURLAP	177128	Fibre Burlap	The American name for cloth woven from jute plant skins and other vegetable fibres. In other parts of the world it is known as Hessian, Hessian cloth, or gunny from the Indian gain.	https://ref.gs1.org/voc/PackagingMaterialTypeCode	urn:gs1:std:gdsn:c318819073	Fibre Burlap	The American name for cloth woven from jute plant skins and other vegetable fibres. In other parts of the world it is known as Hessian, Hessian cloth, or gunny from the Indian gain.	FIBRE_BURLAP	True	False		rdf:type + IRI code suffix + JSON sourceId/classId + GDSN codeListName/label
https://ref.gs1.org/voc/PackagingMaterialTypeCode-FIBRE_COTTON	urn:gs1:std:gdsn:cv177129	type-and-iri-code	PackagingMaterialTypeCode	FIBRE_COTTON	177129	Cotton	A natural cellulosic seed-hair fiber, obtained from the seed pod of the cotton plant. First known in India about 3000 B.C.	https://ref.gs1.org/voc/PackagingMaterialTypeCode	urn:gs1:std:gdsn:c318819073	Cotton	A natural cellulosic seed-hair fiber, obtained from the seed pod of the cotton plant. First known in India about 3000 B.C.	FIBRE_COTTON	True	False		rdf:type + IRI code suffix + JSON sourceId/classId + GDSN codeListName/label
https://ref.gs1.org/voc/PackagingMaterialTypeCode-FIBRE_FLAX	urn:gs1:std:gdsn:cv177130	type-and-iri-code	PackagingMaterialTypeCode	FIBRE_FLAX	177130	Flax	The plant from the stem of which bast fiber is extracted by retting to produce linen. An erroneous term for linen fiber, particularly in blends.	https://ref.gs1.org/voc/PackagingMaterialTypeCode	urn:gs1:std:gdsn:c318819073	Flax	The plant from the stem of which bast fiber is extracted by retting to produce linen. An erroneous term for linen fiber, particularly in blends.	FIBRE_FLAX	True	False		rdf:type + IRI code suffix + JSON sourceId/classId + GDSN codeListName/label
https://ref.gs1.org/voc/PackagingMaterialTypeCode-FIBRE_HEMP	urn:gs1:std:gdsn:cv177131	type-and-iri-code	PackagingMaterialTypeCode	FIBRE_HEMP	177131	Hemp	Hemp is a commonly used term for varieties of the Cannabis plant. Hemp can yield fibre which can be used in ropes, cloths, weaves, as a reinforcement of polymer composites as well as pulps for paper making.	https://ref.gs1.org/voc/PackagingMaterialTypeCode	urn:gs1:std:gdsn:c318819073	Hemp	Hemp is a commonly used term for varieties of the Cannabis plant. Hemp can yield fibre which can be used in ropes, cloths, weaves, as a reinforcement of polymer composites as well as pulps for paper making.	FIBRE_HEMP	True	False		rdf:type + IRI code suffix + JSON sourceId/classId + GDSN codeListName/label
https://ref.gs1.org/voc/PackagingMaterialTypeCode-FIBRE_JUTE	urn:gs1:std:gdsn:cv177132	type-and-iri-code	PackagingMaterialTypeCode	FIBRE_JUTE	177132	Jute	A bast fiber obtained from the round pod jute or the long pod jute of the family Tiliaceae. Jute ribbon is purely made from the jute plant. Grown extensively in Pakistan and India, mainly in the Bengal district of Pakistan.	https://ref.gs1.org/voc/PackagingMaterialTypeCode	urn:gs1:std:gdsn:c318819073	Jute	A bast fiber obtained from the round pod jute or the long pod jute of the family Tiliaceae. Jute ribbon is purely made from the jute plant. Grown extensively in Pakistan and India, mainly in the Bengal district of Pakistan.	FIBRE_JUTE	True	False		rdf:type + IRI code suffix + JSON sourceId/classId + GDSN codeListName/label
https://ref.gs1.org/voc/PackagingMaterialTypeCode-FIBRE_OTHER	urn:gs1:std:gdsn:cv177133	type-and-iri-code	PackagingMaterialTypeCode	FIBRE_OTHER	177133	Fibre Other	A non specific material made of a unit of matter, either natural or manufactured, that forms the basic element of fabrics and other textile structures.	https://ref.gs1.org/voc/PackagingMaterialTypeCode	urn:gs1:std:gdsn:c318819073	Fibre Other	A non specific material made of a unit of matter, either natural or manufactured, that forms the basic element of fabrics and other textile structures.	FIBRE_OTHER	True	False		rdf:type + IRI code suffix + JSON sourceId/classId + GDSN codeListName/label
https://ref.gs1.org/voc/PackagingMaterialTypeCode-FOAM	urn:gs1:std:gdsn:cv177134	type-and-iri-code	PackagingMaterialTypeCode	FOAM	177134	Solidified Foam	A non specific material in a lightweight cellular form resulting from introduction of gas bubbles during manufacture, used to reduce shock and vibration or abrasion. 	https://ref.gs1.org/voc/PackagingMaterialTypeCode	urn:gs1:std:gdsn:c318819073	Solidified Foam	A non specific material in a lightweight cellular form resulting from introduction of gas bubbles during manufacture, used to reduce shock and vibration or abrasion. 	FOAM	True	False		rdf:type + IRI code suffix + JSON sourceId/classId + GDSN codeListName/label
https://ref.gs1.org/voc/PackagingMaterialTypeCode-GLASS_BOROSILICATE	urn:gs1:std:gdsn:cv180740	type-and-iri-code	PackagingMaterialTypeCode	GLASS_BOROSILICATE	180740	Borosilicate glass	Glass composed of silicon, boron, sodium and aluminum oxides (+ other alkaline oxides). It is a technical glass, not recyclable.	https://ref.gs1.org/voc/PackagingMaterialTypeCode	urn:gs1:std:gdsn:c318819073	Borosilicate glass	Glass composed of silicon, boron, sodium and aluminum oxides (+ other alkaline oxides). It is a technical glass, not recyclable.	GLASS_BOROSILICATE	True	False		rdf:type + IRI code suffix + JSON sourceId/classId + GDSN codeListName/label
https://ref.gs1.org/voc/PackagingMaterialTypeCode-GLASS_COLOURED	urn:gs1:std:gdsn:cv177136	type-and-iri-code	PackagingMaterialTypeCode	GLASS_COLOURED	177136	Coloured Glass	Glass containing external colouring or glass that has been coloured by the addition of colouring agents/particles in its creation	https://ref.gs1.org/voc/PackagingMaterialTypeCode	urn:gs1:std:gdsn:c318819073	Coloured Glass	Glass containing external colouring or glass that has been coloured by the addition of colouring agents/particles in its creation	GLASS_COLOURED	True	False		rdf:type + IRI code suffix + JSON sourceId/classId + GDSN codeListName/label
https://ref.gs1.org/voc/PackagingMaterialTypeCode-GLASS_CRYSTAL	urn:gs1:std:gdsn:cv180741	type-and-iri-code	PackagingMaterialTypeCode	GLASS_CRYSTAL	180741	Crystal glass	Glass rich in lead oxide. It is a technical glass, not recyclable, typically used in decorative objects and also in certain cosmetic packaging.	https://ref.gs1.org/voc/PackagingMaterialTypeCode	urn:gs1:std:gdsn:c318819073	Crystal glass	Glass rich in lead oxide. It is a technical glass, not recyclable, typically used in decorative objects and also in certain cosmetic packaging.	GLASS_CRYSTAL	True	False		rdf:type + IRI code suffix + JSON sourceId/classId + GDSN codeListName/label
https://ref.gs1.org/voc/PackagingMaterialTypeCode-LAMINATED_CARTON	urn:gs1:std:gdsn:cv177137	type-and-iri-code	PackagingMaterialTypeCode	LAMINATED_CARTON	177137	Laminated Carton	A material made up of laminates of paperboard, foil and polyethylene which combined form a sheet suitable for asceptic processing.	https://ref.gs1.org/voc/PackagingMaterialTypeCode	urn:gs1:std:gdsn:c318819073	Laminated Carton	A material made up of laminates of paperboard, foil and polyethylene which combined form a sheet suitable for asceptic processing.	LAMINATED_CARTON	True	False		rdf:type + IRI code suffix + JSON sourceId/classId + GDSN codeListName/label
https://ref.gs1.org/voc/PackagingMaterialTypeCode-METAL_ALUMINUM	urn:gs1:std:gdsn:cv177138	type-and-iri-code	PackagingMaterialTypeCode	METAL_ALUMINUM	177138	Aluminum	A non specific material made from aluminum or aluminum alloy.	https://ref.gs1.org/voc/PackagingMaterialTypeCode	urn:gs1:std:gdsn:c318819073	Aluminum	A non specific material made from aluminum or aluminum alloy.	METAL_ALUMINUM	True	False		rdf:type + IRI code suffix + JSON sourceId/classId + GDSN codeListName/label
https://ref.gs1.org/voc/PackagingMaterialTypeCode-METAL_BRASS	urn:gs1:std:gdsn:cv177139	type-and-iri-code	PackagingMaterialTypeCode	METAL_BRASS	177139	Brass	Brass is an alloy of copper and zinc.	https://ref.gs1.org/voc/PackagingMaterialTypeCode	urn:gs1:std:gdsn:c318819073	Brass	Brass is an alloy of copper and zinc.	METAL_BRASS	True	False		rdf:type + IRI code suffix + JSON sourceId/classId + GDSN codeListName/label
https://ref.gs1.org/voc/PackagingMaterialTypeCode-METAL_COMPOSITE	urn:gs1:std:gdsn:cv177140	type-and-iri-code	PackagingMaterialTypeCode	METAL_COMPOSITE	177140	Metal Composite	"Refers to an object that is composed of two separate metals joined together. 
Instead of being a mixture of two or more metals, like alloys, metal composites consist of layers of different metals."	https://ref.gs1.org/voc/PackagingMaterialTypeCode	urn:gs1:std:gdsn:c318819073	Metal Composite	Refers to an object that is composed of two separate metals joined together. Instead of being a mixture of two or more metals, like alloys, metal composites consist of layers of different metals.	METAL_COMPOSITE	True	False		rdf:type + IRI code suffix + JSON sourceId/classId + GDSN codeListName/label
https://ref.gs1.org/voc/PackagingMaterialTypeCode-METAL_IRON	urn:gs1:std:gdsn:cv177141	type-and-iri-code	PackagingMaterialTypeCode	METAL_IRON	177141	Iron	A heavy metallic element (Fe) capable of being fashioned into a variety of forms.  	https://ref.gs1.org/voc/PackagingMaterialTypeCode	urn:gs1:std:gdsn:c318819073	Iron	A heavy metallic element (Fe) capable of being fashioned into a variety of forms.  	METAL_IRON	True	False		rdf:type + IRI code suffix + JSON sourceId/classId + GDSN codeListName/label
https://ref.gs1.org/voc/PackagingMaterialTypeCode-METAL_LEAD	urn:gs1:std:gdsn:cv177142	type-and-iri-code	PackagingMaterialTypeCode	METAL_LEAD	177142	Lead	A bluish-white soft malleable ductile plastic but inelastic heavy metallic element (Pb)	https://ref.gs1.org/voc/PackagingMaterialTypeCode	urn:gs1:std:gdsn:c318819073	Lead	A bluish-white soft malleable ductile plastic but inelastic heavy metallic element (Pb)	METAL_LEAD	True	False		rdf:type + IRI code suffix + JSON sourceId/classId + GDSN codeListName/label
https://ref.gs1.org/voc/PackagingMaterialTypeCode-METAL_OTHER	urn:gs1:std:gdsn:cv177143	type-and-iri-code	PackagingMaterialTypeCode	METAL_OTHER	177143	Metal other	A non specific material made from metal or metal alloy material.	https://ref.gs1.org/voc/PackagingMaterialTypeCode	urn:gs1:std:gdsn:c318819073	Metal other	A non specific material made from metal or metal alloy material.	METAL_OTHER	True	False		rdf:type + IRI code suffix + JSON sourceId/classId + GDSN codeListName/label
https://ref.gs1.org/voc/PackagingMaterialTypeCode-METAL_STAINLESS_STEEL	urn:gs1:std:gdsn:cv177144	type-and-iri-code	PackagingMaterialTypeCode	METAL_STAINLESS_STEEL	177144	Stainless Steel	An alloy of steel with chromium and sometimes another element (as nickel or molybdenum) that is practically immune to rusting and ordinary corrosion 	https://ref.gs1.org/voc/PackagingMaterialTypeCode	urn:gs1:std:gdsn:c318819073	Stainless Steel	An alloy of steel with chromium and sometimes another element (as nickel or molybdenum) that is practically immune to rusting and ordinary corrosion 	METAL_STAINLESS_STEEL	True	False		rdf:type + IRI code suffix + JSON sourceId/classId + GDSN codeListName/label
https://ref.gs1.org/voc/PackagingMaterialTypeCode-METAL_STEEL	urn:gs1:std:gdsn:cv177145	type-and-iri-code	PackagingMaterialTypeCode	METAL_STEEL	177145	Steel	Commercial iron that contains carbon in any amount up to about 1.7 percent as an essential alloying constituent, is malleable when under suitable conditions, and is distinguished from cast iron by its malleability and lower carbon content.	https://ref.gs1.org/voc/PackagingMaterialTypeCode	urn:gs1:std:gdsn:c318819073	Steel	Commercial iron that contains carbon in any amount up to about 1.7 percent as an essential alloying constituent, is malleable when under suitable conditions, and is distinguished from cast iron by its malleability and lower carbon content.	METAL_STEEL	True	False		rdf:type + IRI code suffix + JSON sourceId/classId + GDSN codeListName/label
https://ref.gs1.org/voc/PackagingMaterialTypeCode-METAL_TIN	urn:gs1:std:gdsn:cv177146	type-and-iri-code	PackagingMaterialTypeCode	METAL_TIN	177146	Tin	Tin is a chemical element that is obtained chiefly from the mineral cassiterite, where it occurs as an oxide, SnO2. This silvery, malleable poor metal is not easily oxidized in air, and is used to coat other metals to prevent corrosion. It is used in many alloys, most notably bronze	https://ref.gs1.org/voc/PackagingMaterialTypeCode	urn:gs1:std:gdsn:c318819073	Tin	Tin is a chemical element that is obtained chiefly from the mineral cassiterite, where it occurs as an oxide, SnO2. This silvery, malleable poor metal is not easily oxidized in air, and is used to coat other metals to prevent corrosion. It is used in many alloys, most notably bronze	METAL_TIN	True	False		rdf:type + IRI code suffix + JSON sourceId/classId + GDSN codeListName/label
https://ref.gs1.org/voc/PackagingMaterialTypeCode-METAL_ZAMAC	urn:gs1:std:gdsn:cv180742	type-and-iri-code	PackagingMaterialTypeCode	METAL_ZAMAC	180742	Metal zamac	Zamac is a family of alloys with a base metal of zinc and alloying elements of aluminium, magnesium, and copper.	https://ref.gs1.org/voc/PackagingMaterialTypeCode	urn:gs1:std:gdsn:c318819073	Metal zamac	Zamac is a family of alloys with a base metal of zinc and alloying elements of aluminium, magnesium, and copper.	METAL_ZAMAC	True	False		rdf:type + IRI code suffix + JSON sourceId/classId + GDSN codeListName/label
https://ref.gs1.org/voc/PackagingMaterialTypeCode-MINERAL_CALCIUM_CARBONATE	urn:gs1:std:gdsn:cv177147	type-and-iri-code	PackagingMaterialTypeCode	MINERAL_CALCIUM_CARBONATE	177147	Calcium Carbonate	Ground calcium carbonate and precipitated calcium carbonate products serve as functional fillers in plastic and rubber applications. Calcium carbonate is widely used as in polyvinyl chloride (PVC), polyolefin, polypropylene (PP), polyethylene (PE) and unsaturated polyester resins applications. 	https://ref.gs1.org/voc/PackagingMaterialTypeCode	urn:gs1:std:gdsn:c318819073	Calcium Carbonate	Ground calcium carbonate and precipitated calcium carbonate products serve as functional fillers in plastic and rubber applications. Calcium carbonate is widely used as in polyvinyl chloride (PVC), polyolefin, polypropylene (PP), polyethylene (PE) and unsaturated polyester resins applications. 	MINERAL_CALCIUM_CARBONATE	True	False		rdf:type + IRI code suffix + JSON sourceId/classId + GDSN codeListName/label
https://ref.gs1.org/voc/PackagingMaterialTypeCode-MINERAL_OTHER	urn:gs1:std:gdsn:cv177148	type-and-iri-code	PackagingMaterialTypeCode	MINERAL_OTHER	177148	Mineral Other	Any other mineral-based material not available in this list.  Should be used as a temporary measure while a proper code is established	https://ref.gs1.org/voc/PackagingMaterialTypeCode	urn:gs1:std:gdsn:c318819073	Mineral Other	Any other mineral-based material not available in this list.  Should be used as a temporary measure while a proper code is established	MINERAL_OTHER	True	False		rdf:type + IRI code suffix + JSON sourceId/classId + GDSN codeListName/label
https://ref.gs1.org/voc/PackagingMaterialTypeCode-MINERAL_TALC	urn:gs1:std:gdsn:cv177149	type-and-iri-code	PackagingMaterialTypeCode	MINERAL_TALC	177149	Talc	Talc is used to stiffen thermoplastics, mainly polypropylene but also polyethylene and polyamide (Nylon).	https://ref.gs1.org/voc/PackagingMaterialTypeCode	urn:gs1:std:gdsn:c318819073	Talc	Talc is used to stiffen thermoplastics, mainly polypropylene but also polyethylene and polyamide (Nylon).	MINERAL_TALC	True	False		rdf:type + IRI code suffix + JSON sourceId/classId + GDSN codeListName/label
https://ref.gs1.org/voc/PackagingMaterialTypeCode-NATURAL_RUBBER	urn:gs1:std:gdsn:cv177150	type-and-iri-code	PackagingMaterialTypeCode	NATURAL_RUBBER	177150	Natural rubber	A strong elastic material made by drying the sap from various tropical trees, especially the American rubber tree.	https://ref.gs1.org/voc/PackagingMaterialTypeCode	urn:gs1:std:gdsn:c318819073	Natural rubber	A strong elastic material made by drying the sap from various tropical trees, especially the American rubber tree.	NATURAL_RUBBER	True	False		rdf:type + IRI code suffix + JSON sourceId/classId + GDSN codeListName/label
https://ref.gs1.org/voc/PackagingMaterialTypeCode-OTHER	urn:gs1:std:gdsn:cv177151	type-and-iri-code	PackagingMaterialTypeCode	OTHER	177151	Other	The value needed is not listed or is not defined within this list’s individual code values and definitions. Please send a work request into GS1 or your solution provider requesting the code you are searching for.	https://ref.gs1.org/voc/PackagingMaterialTypeCode	urn:gs1:std:gdsn:c318819073	Other	The value needed is not listed or is not defined within this list's individual code values and definitions. Please send a work request into GS1 or your solution provider requesting the code you are searching for.	OTHER	True	False		rdf:type + IRI code suffix + JSON sourceId/classId + GDSN codeListName/label
https://ref.gs1.org/voc/PackagingMaterialTypeCode-PAPER_CORRUGATED	urn:gs1:std:gdsn:cv177152	type-and-iri-code	PackagingMaterialTypeCode	PAPER_CORRUGATED	177152	Corrugated Paper	Heavy paper with ridges and grooves, used in packing fragile articles.	https://ref.gs1.org/voc/PackagingMaterialTypeCode	urn:gs1:std:gdsn:c318819073	Corrugated Paper	Heavy paper with ridges and grooves, used in packing fragile articles.	PAPER_CORRUGATED	True	False		rdf:type + IRI code suffix + JSON sourceId/classId + GDSN codeListName/label
https://ref.gs1.org/voc/PackagingMaterialTypeCode-PAPER_KRAFT	urn:gs1:std:gdsn:cv177153	type-and-iri-code	PackagingMaterialTypeCode	PAPER_KRAFT	177153	Kraft paper	Kraft paper is the paper grade with the highest strength. It is used for the production of e.g. paper bags, emery paper or shopping bags.	https://ref.gs1.org/voc/PackagingMaterialTypeCode	urn:gs1:std:gdsn:c318819073	Kraft paper	Kraft paper is the paper grade with the highest strength. It is used for the production of e.g. paper bags, emery paper or shopping bags.	PAPER_KRAFT	True	False		rdf:type + IRI code suffix + JSON sourceId/classId + GDSN codeListName/label
https://ref.gs1.org/voc/PackagingMaterialTypeCode-PAPER_KRAFT_WET_STRENGTH	urn:gs1:std:gdsn:cv177154	type-and-iri-code	PackagingMaterialTypeCode	PAPER_KRAFT_WET_STRENGTH	177154	Kraft paper (wet strength)	The wet-strength kraft paper has a certain tear strength when wet due to special additives. It is used for the production of e.g. paper bags, emery paper or shopping bags. 	https://ref.gs1.org/voc/PackagingMaterialTypeCode	urn:gs1:std:gdsn:c318819073	Kraft paper (wet strength)	The wet-strength kraft paper has a certain tear strength when wet due to special additives. It is used for the production of e.g. paper bags, emery paper or shopping bags. 	PAPER_KRAFT_WET_STRENGTH	True	False		rdf:type + IRI code suffix + JSON sourceId/classId + GDSN codeListName/label
https://ref.gs1.org/voc/PackagingMaterialTypeCode-PAPER_MOLDED_PULP	urn:gs1:std:gdsn:cv177155	type-and-iri-code	PackagingMaterialTypeCode	PAPER_MOLDED_PULP	177155	Molded Pulp	Used for producing pulp-based or fibrous products by pressing; example products: egg packages, trays and boxes for fruits and vegetables.	https://ref.gs1.org/voc/PackagingMaterialTypeCode	urn:gs1:std:gdsn:c318819073	Molded Pulp	Used for producing pulp-based or fibrous products by pressing; example products: egg packages, trays and boxes for fruits and vegetables.	PAPER_MOLDED_PULP	True	False		rdf:type + IRI code suffix + JSON sourceId/classId + GDSN codeListName/label
https://ref.gs1.org/voc/PackagingMaterialTypeCode-PAPER_OTHER	urn:gs1:std:gdsn:cv177156	type-and-iri-code	PackagingMaterialTypeCode	PAPER_OTHER	177156	Paper Other	Any other paper-based material not available in this list.  Should be used as a temporary measure while a proper code is established.	https://ref.gs1.org/voc/PackagingMaterialTypeCode	urn:gs1:std:gdsn:c318819073	Paper Other	Any other paper-based material not available in this list.  Should be used as a temporary measure while a proper code is established.	PAPER_OTHER	True	False		rdf:type + IRI code suffix + JSON sourceId/classId + GDSN codeListName/label
https://ref.gs1.org/voc/PackagingMaterialTypeCode-PAPER_PAPER	urn:gs1:std:gdsn:cv177157	type-and-iri-code	PackagingMaterialTypeCode	PAPER_PAPER	177157	Paper	A non-specific sheet material produced by the matting of fibres from wood, rags, or other fibrous materials.  Generally, paper is of a lesser thickness or weight than paperboard.	https://ref.gs1.org/voc/PackagingMaterialTypeCode	urn:gs1:std:gdsn:c318819073	Paper	A non-specific sheet material produced by the matting of fibres from wood, rags, or other fibrous materials.  Generally, paper is of a lesser thickness or weight than paperboard.	PAPER_PAPER	True	False		rdf:type + IRI code suffix + JSON sourceId/classId + GDSN codeListName/label
https://ref.gs1.org/voc/PackagingMaterialTypeCode-PAPER_PAPERBOARD	urn:gs1:std:gdsn:cv177158	type-and-iri-code	PackagingMaterialTypeCode	PAPER_PAPERBOARD	177158	Paperboard	A non specific material, generally made from cotton or wood, that describe a variety or of board materials used in the production of boxes, folding cartons, and solid fibre and corrugated shipping containers; also termed cardboard	https://ref.gs1.org/voc/PackagingMaterialTypeCode	urn:gs1:std:gdsn:c318819073	Paperboard	A non specific material, generally made from cotton or wood, that describe a variety or of board materials used in the production of boxes, folding cartons, and solid fibre and corrugated shipping containers; also termed cardboard	PAPER_PAPERBOARD	True	False		rdf:type + IRI code suffix + JSON sourceId/classId + GDSN codeListName/label
https://ref.gs1.org/voc/PackagingMaterialTypeCode-PAPER_RAYON	urn:gs1:std:gdsn:cv177159	type-and-iri-code	PackagingMaterialTypeCode	PAPER_RAYON	177159	Rayon Paper 	Generic term for a manmade fiber derived from regenerated cellulose.	https://ref.gs1.org/voc/PackagingMaterialTypeCode	urn:gs1:std:gdsn:c318819073	Rayon Paper 	Generic term for a manmade fiber derived from regenerated cellulose.	PAPER_RAYON	True	False		rdf:type + IRI code suffix + JSON sourceId/classId + GDSN codeListName/label
https://ref.gs1.org/voc/PackagingMaterialTypeCode-PLANT_LEAVES	urn:gs1:std:gdsn:cv177160	type-and-iri-code	PackagingMaterialTypeCode	PLANT_LEAVES	177160	Plant Leaves	Plant leaves, such as banana leaves, including wet or dry leaves. In some cases, leaves are pre-softened by steaming.	https://ref.gs1.org/voc/PackagingMaterialTypeCode	urn:gs1:std:gdsn:c318819073	Plant Leaves	Plant leaves, such as banana leaves, including wet or dry leaves. In some cases, leaves are pre-softened by steaming.	PLANT_LEAVES	True	False		rdf:type + IRI code suffix + JSON sourceId/classId + GDSN codeListName/label
https://ref.gs1.org/voc/PackagingMaterialTypeCode-PLASTIC_OTHER	urn:gs1:std:gdsn:cv177162	type-and-iri-code	PackagingMaterialTypeCode	PLASTIC_OTHER	177162	Plastic Other	A non-specific material made of any of numerous organic synthetic or processed materials that are mostly thermoplastic or thermosetting polymers of high molecular weight and that can be made into objects, films, or filaments.	https://ref.gs1.org/voc/PackagingMaterialTypeCode	urn:gs1:std:gdsn:c318819073	Plastic Other	A non-specific material made of any of numerous organic synthetic or processed materials that are mostly thermoplastic or thermosetting polymers of high molecular weight and that can be made into objects, films, or filaments.	PLASTIC_OTHER	True	False		rdf:type + IRI code suffix + JSON sourceId/classId + GDSN codeListName/label
https://ref.gs1.org/voc/PackagingMaterialTypeCode-PLASTIC_THERMOPLASTICS	urn:gs1:std:gdsn:cv177163	type-and-iri-code	PackagingMaterialTypeCode	PLASTIC_THERMOPLASTICS	177163	Thermoplastics	A non-specific substance that becomes soft and pliable when heated, without a change in its intrinsic properties. Polystyrene and polyethylene are thermoplastics.	https://ref.gs1.org/voc/PackagingMaterialTypeCode	urn:gs1:std:gdsn:c318819073	Thermoplastics	A non-specific substance that becomes soft and pliable when heated, without a change in its intrinsic properties. Polystyrene and polyethylene are thermoplastics.	PLASTIC_THERMOPLASTICS	True	False		rdf:type + IRI code suffix + JSON sourceId/classId + GDSN codeListName/label
https://ref.gs1.org/voc/PackagingMaterialTypeCode-POLYMER_APET	urn:gs1:std:gdsn:cv177164	type-and-iri-code	PackagingMaterialTypeCode	POLYMER_APET	177164	Polyethylene Terephthalate, amorphous (APET)	Polyethylene Terephthalate, amorphous (APET) has a very high transparency, is flame retardant and suitable for direct food contact. It is used for packaging of all kinds.	https://ref.gs1.org/voc/PackagingMaterialTypeCode	urn:gs1:std:gdsn:c318819073	Polyethylene Terephthalate, amorphous (APET)	Polyethylene Terephthalate, amorphous (APET) has a very high transparency, is flame retardant and suitable for direct food contact. It is used for packaging of all kinds.	POLYMER_APET	True	False		rdf:type + IRI code suffix + JSON sourceId/classId + GDSN codeListName/label
https://ref.gs1.org/voc/PackagingMaterialTypeCode-POLYMER_BOPP	urn:gs1:std:gdsn:cv177165	type-and-iri-code	PackagingMaterialTypeCode	POLYMER_BOPP	177165	Polypropylene, longitudinally and laterally stretched (BOPP)	Biaxially oriented PP (BOPP) films are characterized by their tear, impact and puncture resistance. The film is mainly used in food packaging, e.g. as candy wrap or wrapping for chocolate bars.	https://ref.gs1.org/voc/PackagingMaterialTypeCode	urn:gs1:std:gdsn:c318819073	Polypropylene, longitudinally and laterally stretched (BOPP)	Biaxially oriented PP (BOPP) films are characterized by their tear, impact and puncture resistance. The film is mainly used in food packaging, e.g. as candy wrap or wrapping for chocolate bars.	POLYMER_BOPP	True	False		rdf:type + IRI code suffix + JSON sourceId/classId + GDSN codeListName/label
https://ref.gs1.org/voc/PackagingMaterialTypeCode-POLYMER_CELLULOSE_ACETATE	urn:gs1:std:gdsn:cv177166	type-and-iri-code	PackagingMaterialTypeCode	POLYMER_CELLULOSE_ACETATE	177166	Cellulose Acetate	Cellulose acetate is one of the most important esters of cellulose. Depending on the way it has been processed cellulose acetate can be used for a wide variety of applications, e.g. films, membranes or fibers.	https://ref.gs1.org/voc/PackagingMaterialTypeCode	urn:gs1:std:gdsn:c318819073	Cellulose Acetate	Cellulose acetate is one of the most important esters of cellulose. Depending on the way it has been processed cellulose acetate can be used for a wide variety of applications, e.g. films, membranes or fibers.	POLYMER_CELLULOSE_ACETATE	True	False		rdf:type + IRI code suffix + JSON sourceId/classId + GDSN codeListName/label
https://ref.gs1.org/voc/PackagingMaterialTypeCode-POLYMER_CPET	urn:gs1:std:gdsn:cv177167	type-and-iri-code	PackagingMaterialTypeCode	POLYMER_CPET	177167	Crystallized polyethylene terephthalate (CPET)	Crystallized polyethylene terephthalate (CPET) is a variation of standard PET which has been crystallized for heat resistance, rigidity, and toughness	https://ref.gs1.org/voc/PackagingMaterialTypeCode	urn:gs1:std:gdsn:c318819073	Crystallized polyethylene terephthalate (CPET)	Crystallized polyethylene terephthalate (CPET) is a variation of standard PET which has been crystallized for heat resistance, rigidity, and toughness	POLYMER_CPET	True	False		rdf:type + IRI code suffix + JSON sourceId/classId + GDSN codeListName/label
https://ref.gs1.org/voc/PackagingMaterialTypeCode-POLYMER_EPE	urn:gs1:std:gdsn:cv180746	type-and-iri-code	PackagingMaterialTypeCode	POLYMER_EPE	180746	Expanded Polyethylene	EPE is foamed polyethylene, which is a type of environmentally friendly material, that is, pearl cotton like. EPE is made of low-density polyethylene grease through a physical foaming process to produce a non-crosslinked closed cell structure. EPE can be recycled and allows a certain amount of EPE recycled material to be matched in the manufacturing process. Also known as EPE Foam.	https://ref.gs1.org/voc/PackagingMaterialTypeCode	urn:gs1:std:gdsn:c318819073	Expanded Polyethylene	EPE is foamed polyethylene, which is a type of environmentally friendly material, that is, pearl cotton like. EPE is made of low-density polyethylene grease through a physical foaming process to produce a non-crosslinked closed cell structure. EPE can be recycled and allows a certain amount of EPE recycled material to be matched in the manufacturing process. Also known as EPE Foam.	POLYMER_EPE	True	False		rdf:type + IRI code suffix + JSON sourceId/classId + GDSN codeListName/label
https://ref.gs1.org/voc/PackagingMaterialTypeCode-POLYMER_EPOXY	urn:gs1:std:gdsn:cv177168	type-and-iri-code	PackagingMaterialTypeCode	POLYMER_EPOXY	177168	Epoxy	Epoxy resins are thermoset polymers which are frequently used as coatings for metal packaging such as soft-drink cans.	https://ref.gs1.org/voc/PackagingMaterialTypeCode	urn:gs1:std:gdsn:c318819073	Epoxy	Epoxy resins are thermoset polymers which are frequently used as coatings for metal packaging such as soft-drink cans.	POLYMER_EPOXY	True	False		rdf:type + IRI code suffix + JSON sourceId/classId + GDSN codeListName/label
https://ref.gs1.org/voc/PackagingMaterialTypeCode-POLYMER_EPS	urn:gs1:std:gdsn:cv177169	type-and-iri-code	PackagingMaterialTypeCode	POLYMER_EPS	177169	Expanded polystyrene (EPS)	Expanded polystyrene is a rigid, tough, closed cell and lightweight thermoplastic foam material. It is manufactured by expanding spherical beads in a mold, using heat and pressure to fuse the beads together. While each individual bead is a closed cell environment, there are significant open spaces between each bead.	https://ref.gs1.org/voc/PackagingMaterialTypeCode	urn:gs1:std:gdsn:c318819073	Expanded polystyrene (EPS)	Expanded polystyrene is a rigid, tough, closed cell and lightweight thermoplastic foam material. It is manufactured by expanding spherical beads in a mold, using heat and pressure to fuse the beads together. While each individual bead is a closed cell environment, there are significant open spaces between each bead.	POLYMER_EPS	True	False		rdf:type + IRI code suffix + JSON sourceId/classId + GDSN codeListName/label
https://ref.gs1.org/voc/PackagingMaterialTypeCode-POLYMER_EVA	urn:gs1:std:gdsn:cv177170	type-and-iri-code	PackagingMaterialTypeCode	POLYMER_EVA	177170	Ethylene vinyl acetate, (EVA)	Ethylene vinyl acetate, a copolymer of 60 to 90% ethylene and 40 to 10% vinyl acetate.  Packaging applications include soft films, coatings, hot melt adhesives, wine cork substitutes, and closure seals for plastic and metal container caps.	https://ref.gs1.org/voc/PackagingMaterialTypeCode	urn:gs1:std:gdsn:c318819073	Ethylene vinyl acetate, (EVA)	Ethylene vinyl acetate, a copolymer of 60 to 90% ethylene and 40 to 10% vinyl acetate.  Packaging applications include soft films, coatings, hot melt adhesives, wine cork substitutes, and closure seals for plastic and metal container caps.	POLYMER_EVA	True	False		rdf:type + IRI code suffix + JSON sourceId/classId + GDSN codeListName/label
https://ref.gs1.org/voc/PackagingMaterialTypeCode-POLYMER_EVOH	urn:gs1:std:gdsn:cv177171	type-and-iri-code	PackagingMaterialTypeCode	POLYMER_EVOH	177171	Ethylene vinyl alcohol, (EVOH)	Ethylene vinyl alcohol, a copolymer of ethylene and vinyl alcohol. A plastic resin commonly used in food applications to provide barrier to oxygen and other gases. 	https://ref.gs1.org/voc/PackagingMaterialTypeCode	urn:gs1:std:gdsn:c318819073	Ethylene vinyl alcohol, (EVOH)	Ethylene vinyl alcohol, a copolymer of ethylene and vinyl alcohol. A plastic resin commonly used in food applications to provide barrier to oxygen and other gases. 	POLYMER_EVOH	True	False		rdf:type + IRI code suffix + JSON sourceId/classId + GDSN codeListName/label
https://ref.gs1.org/voc/PackagingMaterialTypeCode-POLYMER_HDPE	urn:gs1:std:gdsn:cv177172	type-and-iri-code	PackagingMaterialTypeCode	POLYMER_HDPE	177172	High Density Polyethylene (HDPE) 	High-Density PolyEthylene (HDPE) is a polyethylene thermoplastic made from petroleum.  A strong, relatively opaque form of polyethylene having a dense structure with few side branches off the main carbon backbone. Can be applied to bottles, flasks and caps.	https://ref.gs1.org/voc/PackagingMaterialTypeCode	urn:gs1:std:gdsn:c318819073	High Density Polyethylene (HDPE) 	High-Density PolyEthylene (HDPE) is a polyethylene thermoplastic made from petroleum.  A strong, relatively opaque form of polyethylene having a dense structure with few side branches off the main carbon backbone. Can be applied to bottles, flasks and caps.	POLYMER_HDPE	True	False		rdf:type + IRI code suffix + JSON sourceId/classId + GDSN codeListName/label
https://ref.gs1.org/voc/PackagingMaterialTypeCode-POLYMER_IONOMER	urn:gs1:std:gdsn:cv180743	type-and-iri-code	PackagingMaterialTypeCode	POLYMER_IONOMER	180743	Polymer ionomer	Ionically is a cross-linked polyethylene (ionomer), can be used in combination with PE for its barrier properties.	https://ref.gs1.org/voc/PackagingMaterialTypeCode	urn:gs1:std:gdsn:c318819073	Polymer ionomer	Ionically is a cross-linked polyethylene (ionomer), can be used in combination with PE for its barrier properties.	POLYMER_IONOMER	True	False		rdf:type + IRI code suffix + JSON sourceId/classId + GDSN codeListName/label
https://ref.gs1.org/voc/PackagingMaterialTypeCode-POLYMER_LDPE	urn:gs1:std:gdsn:cv177173	type-and-iri-code	PackagingMaterialTypeCode	POLYMER_LDPE	177173	Low-density polyethylene (LDPE)	Low-density polyethylene (LDPE) is a polyethylene thermoplastic made from petroleum.  A strong form of polyethylene having a less dense structure with more side branches off the main carbon backbone (on about 2% of the carbon atoms) than HDPE; therefore its tensile strength is lower, and its resilience is higherMade in translucent or opaque variations, it is quite flexible, and tough to the degree of being almost unbreakable.  It is widely used for manufacturing various containers, dispensing bottles, wash bottles, tubing, plastic bags for computer components, and various moulded laboratory equipment. Its most common use is in plastic bags.	https://ref.gs1.org/voc/PackagingMaterialTypeCode	urn:gs1:std:gdsn:c318819073	Low-density polyethylene (LDPE)	Low-density polyethylene (LDPE) is a polyethylene thermoplastic made from petroleum.  A strong form of polyethylene having a less dense structure with more side branches off the main carbon backbone (on about 2% of the carbon atoms) than HDPE; therefore its tensile strength is lower, and its resilience is higherMade in translucent or opaque variations, it is quite flexible, and tough to the degree of being almost unbreakable.  It is widely used for manufacturing various containers, dispensing bottles, wash bottles, tubing, plastic bags for computer components, and various moulded laboratory equipment. Its most common use is in plastic bags.	POLYMER_LDPE	True	False		rdf:type + IRI code suffix + JSON sourceId/classId + GDSN codeListName/label
https://ref.gs1.org/voc/PackagingMaterialTypeCode-POLYMER_LLDPE	urn:gs1:std:gdsn:cv177174	type-and-iri-code	PackagingMaterialTypeCode	POLYMER_LLDPE	177174	Linear Low Density Polyethylene	Linear low density polyethylene is a linear polyethylene with a significant number of short branches on the polymer backbone. It is commonly made by copolymerization of ethylene with longer-chain olefins. It is different from LDPE due to the absence of long chain branches which gives it higher tensile strength, impact and puncture resistance than LDPE. Common uses of LLDPE are plastic bags, wraps, stretch wraps, pouches, covers and lids.	https://ref.gs1.org/voc/PackagingMaterialTypeCode	urn:gs1:std:gdsn:c318819073	Linear Low Density Polyethylene	Linear low density polyethylene is a linear polyethylene with a significant number of short branches on the polymer backbone. It is commonly made by copolymerization of ethylene with longer-chain olefins. It is different from LDPE due to the absence of long chain branches which gives it higher tensile strength, impact and puncture resistance than LDPE. Common uses of LLDPE are plastic bags, wraps, stretch wraps, pouches, covers and lids.	POLYMER_LLDPE	True	False		rdf:type + IRI code suffix + JSON sourceId/classId + GDSN codeListName/label
https://ref.gs1.org/voc/PackagingMaterialTypeCode-POLYMER_MDPE	urn:gs1:std:gdsn:cv177175	type-and-iri-code	PackagingMaterialTypeCode	POLYMER_MDPE	177175	Medium-density Polyethylene	Medium-density polyethylene is a type of polyethylene defined by a density range of 0.926-0.940 g/cm3. MDPE is typically used in shrink films, sacks, packaging film and carrier bags.	https://ref.gs1.org/voc/PackagingMaterialTypeCode	urn:gs1:std:gdsn:c318819073	Medium-density Polyethylene	Medium-density polyethylene is a type of polyethylene defined by a density range of 0.926-0.940 g/cm3. MDPE is typically used in shrink films, sacks, packaging film and carrier bags.	POLYMER_MDPE	True	False		rdf:type + IRI code suffix + JSON sourceId/classId + GDSN codeListName/label
https://ref.gs1.org/voc/PackagingMaterialTypeCode-POLYMER_MIX	urn:gs1:std:gdsn:cv180744	type-and-iri-code	PackagingMaterialTypeCode	POLYMER_MIX	180744	Polymer mix	"A polymer blend or mixture of least two polymers that are blended to create a new material with different physical properties. These tend to be a proprietary mix of polymers and cannot be separated. The individual materials may not be known by the seller.
"	https://ref.gs1.org/voc/PackagingMaterialTypeCode	urn:gs1:std:gdsn:c318819073	Polymer mix	A polymer blend or mixture of least two polymers that are blended to create a new material with different physical properties. These tend to be a proprietary mix of polymers and cannot be separated. The individual materials may not be known by the seller.	POLYMER_MIX	True	False		rdf:type + IRI code suffix + JSON sourceId/classId + GDSN codeListName/label
https://ref.gs1.org/voc/PackagingMaterialTypeCode-POLYMER_NYLON	urn:gs1:std:gdsn:cv177176	type-and-iri-code	PackagingMaterialTypeCode	POLYMER_NYLON	177176	Nylon	Packaging applications include oven-baking bags (nylon 6 and nylon 66) and barrier layers (MXD6 and nylon 6) for PET and HDPE bottles. Very occasionally, bottles can be made of nylon.	https://ref.gs1.org/voc/PackagingMaterialTypeCode	urn:gs1:std:gdsn:c318819073	Nylon	Packaging applications include oven-baking bags (nylon 6 and nylon 66) and barrier layers (MXD6 and nylon 6) for PET and HDPE bottles. Very occasionally, bottles can be made of nylon.	POLYMER_NYLON	True	False		rdf:type + IRI code suffix + JSON sourceId/classId + GDSN codeListName/label
https://ref.gs1.org/voc/PackagingMaterialTypeCode-POLYMER_OPP	urn:gs1:std:gdsn:cv177177	type-and-iri-code	PackagingMaterialTypeCode	POLYMER_OPP	177177	Oriented polypropylene (OPP)	Oriented polypropylene (OPP) is made of a soft polypropylene material which is stretched in a transverse or longitudinal direction (monoaxial) and becomes therefore brittle. Also known as: biaxially oriented polypropylene (BOPP), CAS Registry Number: 9003-07-0	https://ref.gs1.org/voc/PackagingMaterialTypeCode	urn:gs1:std:gdsn:c318819073	Oriented polypropylene (OPP)	Oriented polypropylene (OPP) is made of a soft polypropylene material which is stretched in a transverse or longitudinal direction (monoaxial) and becomes therefore brittle. Also known as: biaxially oriented polypropylene (BOPP), CAS Registry Number: 9003-07-0	POLYMER_OPP	True	False		rdf:type + IRI code suffix + JSON sourceId/classId + GDSN codeListName/label
https://ref.gs1.org/voc/PackagingMaterialTypeCode-POLYMER_OTHER	urn:gs1:std:gdsn:cv177178	type-and-iri-code	PackagingMaterialTypeCode	POLYMER_OTHER	177178	Polymers Other	A non-specific chemical compound or mixture of compounds formed by polymerization and consisting essentially of repeating structural units 	https://ref.gs1.org/voc/PackagingMaterialTypeCode	urn:gs1:std:gdsn:c318819073	Polymers Other	A non-specific chemical compound or mixture of compounds formed by polymerization and consisting essentially of repeating structural units 	POLYMER_OTHER	True	False		rdf:type + IRI code suffix + JSON sourceId/classId + GDSN codeListName/label
https://ref.gs1.org/voc/PackagingMaterialTypeCode-POLYMER_PA	urn:gs1:std:gdsn:cv177179	type-and-iri-code	PackagingMaterialTypeCode	POLYMER_PA	177179	Polyamide (PA)	A polymer with repeating units linked by amide bonds. Polyamides (PA) occur both naturally and artificially, examples of naturally occurring polyamides are proteins, such as wool and silk. Artificially made polyamides can be  nylons, aramids, and sodium poly(aspartate).	https://ref.gs1.org/voc/PackagingMaterialTypeCode	urn:gs1:std:gdsn:c318819073	Polyamide (PA)	A polymer with repeating units linked by amide bonds. Polyamides (PA) occur both naturally and artificially, examples of naturally occurring polyamides are proteins, such as wool and silk. Artificially made polyamides can be  nylons, aramids, and sodium poly(aspartate).	POLYMER_PA	True	False		rdf:type + IRI code suffix + JSON sourceId/classId + GDSN codeListName/label
https://ref.gs1.org/voc/PackagingMaterialTypeCode-POLYMER_PAN	urn:gs1:std:gdsn:cv177180	type-and-iri-code	PackagingMaterialTypeCode	POLYMER_PAN	177180	Polyacrylonitril (PAN)	Polyacrylonitril is a organic polymer which is frequently used in fibres for textiles. As fibres the material is frequently referred to as Acrylic. 	https://ref.gs1.org/voc/PackagingMaterialTypeCode	urn:gs1:std:gdsn:c318819073	Polyacrylonitril (PAN)	Polyacrylonitril is a organic polymer which is frequently used in fibres for textiles. As fibres the material is frequently referred to as Acrylic. 	POLYMER_PAN	True	False		rdf:type + IRI code suffix + JSON sourceId/classId + GDSN codeListName/label
https://ref.gs1.org/voc/PackagingMaterialTypeCode-POLYMER_PC	urn:gs1:std:gdsn:cv177181	type-and-iri-code	PackagingMaterialTypeCode	POLYMER_PC	177181	Polycarbonate (PC)	Polycarbonate, a transparent thermoplastic which is used in a wide variety of applications including CDs and DVDs, eyeglasses, cell phone covers, laptops as well as packaging applications such as bottles.	https://ref.gs1.org/voc/PackagingMaterialTypeCode	urn:gs1:std:gdsn:c318819073	Polycarbonate (PC)	Polycarbonate, a transparent thermoplastic which is used in a wide variety of applications including CDs and DVDs, eyeglasses, cell phone covers, laptops as well as packaging applications such as bottles.	POLYMER_PC	True	False		rdf:type + IRI code suffix + JSON sourceId/classId + GDSN codeListName/label
https://ref.gs1.org/voc/PackagingMaterialTypeCode-POLYMER_PCL	urn:gs1:std:gdsn:cv177182	type-and-iri-code	PackagingMaterialTypeCode	POLYMER_PCL	177182	Polycaprolactone (PCL)	Polycaprolactone is a biodegradable polyester which is also used in in the manufacturing of polyurethanes. It is also used in blends with thermoplastic starch to improve properties and can also be used as a plasticizer to PVC.	https://ref.gs1.org/voc/PackagingMaterialTypeCode	urn:gs1:std:gdsn:c318819073	Polycaprolactone (PCL)	Polycaprolactone is a biodegradable polyester which is also used in in the manufacturing of polyurethanes. It is also used in blends with thermoplastic starch to improve properties and can also be used as a plasticizer to PVC.	POLYMER_PCL	True	False		rdf:type + IRI code suffix + JSON sourceId/classId + GDSN codeListName/label
https://ref.gs1.org/voc/PackagingMaterialTypeCode-POLYMER_PE	urn:gs1:std:gdsn:cv177183	type-and-iri-code	PackagingMaterialTypeCode	POLYMER_PE	177183	Polyethylene (PE)	A thermoplastic composed of the polymers of ethylene. 	https://ref.gs1.org/voc/PackagingMaterialTypeCode	urn:gs1:std:gdsn:c318819073	Polyethylene (PE)	A thermoplastic composed of the polymers of ethylene. 	POLYMER_PE	True	False		rdf:type + IRI code suffix + JSON sourceId/classId + GDSN codeListName/label
https://ref.gs1.org/voc/PackagingMaterialTypeCode-POLYMER_PEN	urn:gs1:std:gdsn:cv177184	type-and-iri-code	PackagingMaterialTypeCode	POLYMER_PEN	177184	Polyethylene Naphthalate (PEN)	Polyethylene naphthalate is a polymer with good barrier properties (unlike Polyethylene terephthalate). It is well-suited for production of the amber-colored bottles meant for packing beverages like beer.	https://ref.gs1.org/voc/PackagingMaterialTypeCode	urn:gs1:std:gdsn:c318819073	Polyethylene Naphthalate (PEN)	Polyethylene naphthalate is a polymer with good barrier properties (unlike Polyethylene terephthalate). It is well-suited for production of the amber-colored bottles meant for packing beverages like beer.	POLYMER_PEN	True	False		rdf:type + IRI code suffix + JSON sourceId/classId + GDSN codeListName/label
https://ref.gs1.org/voc/PackagingMaterialTypeCode-POLYMER_PET	urn:gs1:std:gdsn:cv177185	type-and-iri-code	PackagingMaterialTypeCode	POLYMER_PET	177185	Polyethylene Terephthalate (PET)	Polyethylene terephthalate is a thermoplastic polymer resin of the polyester family and is used in synthetic fibers. Can be applied to bottles, flasks and caps.	https://ref.gs1.org/voc/PackagingMaterialTypeCode	urn:gs1:std:gdsn:c318819073	Polyethylene Terephthalate (PET)	Polyethylene terephthalate is a thermoplastic polymer resin of the polyester family and is used in synthetic fibers. Can be applied to bottles, flasks and caps.	POLYMER_PET	True	False		rdf:type + IRI code suffix + JSON sourceId/classId + GDSN codeListName/label
https://ref.gs1.org/voc/PackagingMaterialTypeCode-POLYMER_PETG	urn:gs1:std:gdsn:cv177186	type-and-iri-code	PackagingMaterialTypeCode	POLYMER_PETG	177186	Polyethylene Terephthalate Glycol (PETG)	Polyethylene Terephthalate Glycol (PETG) is a PET modified with glycol, which is characterized by its aqueous properties (viscosity). Applications are found in injection molding.	https://ref.gs1.org/voc/PackagingMaterialTypeCode	urn:gs1:std:gdsn:c318819073	Polyethylene Terephthalate Glycol (PETG)	Polyethylene Terephthalate Glycol (PETG) is a PET modified with glycol, which is characterized by its aqueous properties (viscosity). Applications are found in injection molding.	POLYMER_PETG	True	False		rdf:type + IRI code suffix + JSON sourceId/classId + GDSN codeListName/label
https://ref.gs1.org/voc/PackagingMaterialTypeCode-POLYMER_PHA	urn:gs1:std:gdsn:cv177187	type-and-iri-code	PackagingMaterialTypeCode	POLYMER_PHA	177187	Polyhydroxyalkanoates (PHA)	Polyhydroxyalkanoates are linear polyesters produced in nature by bacterial fermentation of sugar or lipids.	https://ref.gs1.org/voc/PackagingMaterialTypeCode	urn:gs1:std:gdsn:c318819073	Polyhydroxyalkanoates (PHA)	Polyhydroxyalkanoates are linear polyesters produced in nature by bacterial fermentation of sugar or lipids.	POLYMER_PHA	True	False		rdf:type + IRI code suffix + JSON sourceId/classId + GDSN codeListName/label
https://ref.gs1.org/voc/PackagingMaterialTypeCode-POLYMER_PLA	urn:gs1:std:gdsn:cv177188	type-and-iri-code	PackagingMaterialTypeCode	POLYMER_PLA	177188	Polylactic Acid or Polylactide (PLA)	Polylactic acid or Polylactide is a biodegradable, thermoplastic, aliphatic polyester derived from lactic acid.	https://ref.gs1.org/voc/PackagingMaterialTypeCode	urn:gs1:std:gdsn:c318819073	Polylactic Acid or Polylactide (PLA)	Polylactic acid or Polylactide is a biodegradable, thermoplastic, aliphatic polyester derived from lactic acid.	POLYMER_PLA	True	False		rdf:type + IRI code suffix + JSON sourceId/classId + GDSN codeListName/label
https://ref.gs1.org/voc/PackagingMaterialTypeCode-POLYMER_PMMA	urn:gs1:std:gdsn:cv177189	type-and-iri-code	PackagingMaterialTypeCode	POLYMER_PMMA	177189	Polymethyl Methacrylate (PMMA)	Polymethyl Methacrylate (PMMA) is often used as a lightweight and shatterproof alternative to glass, due to its transparency, brilliance and scratch resistance, PMMA is therefore often referred to as acrylic glass.	https://ref.gs1.org/voc/PackagingMaterialTypeCode	urn:gs1:std:gdsn:c318819073	Polymethyl Methacrylate (PMMA)	Polymethyl Methacrylate (PMMA) is often used as a lightweight and shatterproof alternative to glass, due to its transparency, brilliance and scratch resistance, PMMA is therefore often referred to as acrylic glass.	POLYMER_PMMA	True	False		rdf:type + IRI code suffix + JSON sourceId/classId + GDSN codeListName/label
https://ref.gs1.org/voc/PackagingMaterialTypeCode-POLYMER_POM	urn:gs1:std:gdsn:cv177190	type-and-iri-code	PackagingMaterialTypeCode	POLYMER_POM	177190	Polyoxymethylene (POM)	Polyoxymethylene (POM) is a thermoplastic with good mechanical properties and high dimensional stability. Fields of application are the automotive industry and electrical engineering, in packaging it is used for e.g. spray cans, gas lighter tanks, gas ampoules. Also known as acetal, polyacetal, and polyformaldehyde.	https://ref.gs1.org/voc/PackagingMaterialTypeCode	urn:gs1:std:gdsn:c318819073	Polyoxymethylene (POM)	Polyoxymethylene (POM) is a thermoplastic with good mechanical properties and high dimensional stability. Fields of application are the automotive industry and electrical engineering, in packaging it is used for e.g. spray cans, gas lighter tanks, gas ampoules. Also known as acetal, polyacetal, and polyformaldehyde.	POLYMER_POM	True	False		rdf:type + IRI code suffix + JSON sourceId/classId + GDSN codeListName/label
https://ref.gs1.org/voc/PackagingMaterialTypeCode-POLYMER_PP	urn:gs1:std:gdsn:cv177191	type-and-iri-code	PackagingMaterialTypeCode	POLYMER_PP	177191	Polypropylene (PP)	A non-specific material made of various thermoplastic plastics or fibers that are polymers of propylene. 	https://ref.gs1.org/voc/PackagingMaterialTypeCode	urn:gs1:std:gdsn:c318819073	Polypropylene (PP)	A non-specific material made of various thermoplastic plastics or fibers that are polymers of propylene. 	POLYMER_PP	True	False		rdf:type + IRI code suffix + JSON sourceId/classId + GDSN codeListName/label
https://ref.gs1.org/voc/PackagingMaterialTypeCode-POLYMER_PS	urn:gs1:std:gdsn:cv177192	type-and-iri-code	PackagingMaterialTypeCode	POLYMER_PS	177192	Polystyrene (PS)	A polymer prepared by the polymerization of styrene as the sole monomer	https://ref.gs1.org/voc/PackagingMaterialTypeCode	urn:gs1:std:gdsn:c318819073	Polystyrene (PS)	A polymer prepared by the polymerization of styrene as the sole monomer	POLYMER_PS	True	False		rdf:type + IRI code suffix + JSON sourceId/classId + GDSN codeListName/label
https://ref.gs1.org/voc/PackagingMaterialTypeCode-POLYMER_PU	urn:gs1:std:gdsn:cv177193	type-and-iri-code	PackagingMaterialTypeCode	POLYMER_PU	177193	Polyurethanes (PU)	Polyurethanes are primarily thermoset resins which are used in the manufacture of flexible and rigid foams, microcellular foam seals and gaskets, as well as high performance adhesives, surface coatings and sealants. Polyurethane can also be used to make synthetic fibers.	https://ref.gs1.org/voc/PackagingMaterialTypeCode	urn:gs1:std:gdsn:c318819073	Polyurethanes (PU)	Polyurethanes are primarily thermoset resins which are used in the manufacture of flexible and rigid foams, microcellular foam seals and gaskets, as well as high performance adhesives, surface coatings and sealants. Polyurethane can also be used to make synthetic fibers.	POLYMER_PU	True	False		rdf:type + IRI code suffix + JSON sourceId/classId + GDSN codeListName/label
https://ref.gs1.org/voc/PackagingMaterialTypeCode-POLYMER_PVA	urn:gs1:std:gdsn:cv177194	type-and-iri-code	PackagingMaterialTypeCode	POLYMER_PVA	177194	Polyvinyl Alcohol (PVA)	Polyvinyl alcohol (PVA or PVOH) is a biodegradable and highly water soluble polymer with high gas and grease barrier. Common uses for PVA are paper adhesives, paper coatings, as a self-standing water soluble films as well as blends to improve processability of thermoplastic starch. 	https://ref.gs1.org/voc/PackagingMaterialTypeCode	urn:gs1:std:gdsn:c318819073	Polyvinyl Alcohol (PVA)	Polyvinyl alcohol (PVA or PVOH) is a biodegradable and highly water soluble polymer with high gas and grease barrier. Common uses for PVA are paper adhesives, paper coatings, as a self-standing water soluble films as well as blends to improve processability of thermoplastic starch. 	POLYMER_PVA	True	False		rdf:type + IRI code suffix + JSON sourceId/classId + GDSN codeListName/label
https://ref.gs1.org/voc/PackagingMaterialTypeCode-POLYMER_PVC	urn:gs1:std:gdsn:cv177195	type-and-iri-code	PackagingMaterialTypeCode	POLYMER_PVC	177195	Polyvinyl Chloride (PVC)	A polymer of vinyl chloride used especially for electrical insulation, films, and pipes	https://ref.gs1.org/voc/PackagingMaterialTypeCode	urn:gs1:std:gdsn:c318819073	Polyvinyl Chloride (PVC)	A polymer of vinyl chloride used especially for electrical insulation, films, and pipes	POLYMER_PVC	True	False		rdf:type + IRI code suffix + JSON sourceId/classId + GDSN codeListName/label
https://ref.gs1.org/voc/PackagingMaterialTypeCode-POLYMER_PVDC	urn:gs1:std:gdsn:cv177196	type-and-iri-code	PackagingMaterialTypeCode	POLYMER_PVDC	177196	Polyvinylidene Chloride (PVDC)	Polyvinylidene chloride is primarily used as a barrier coating to provide barrier against fat, vapour and gases.	https://ref.gs1.org/voc/PackagingMaterialTypeCode	urn:gs1:std:gdsn:c318819073	Polyvinylidene Chloride (PVDC)	Polyvinylidene chloride is primarily used as a barrier coating to provide barrier against fat, vapour and gases.	POLYMER_PVDC	True	False		rdf:type + IRI code suffix + JSON sourceId/classId + GDSN codeListName/label
https://ref.gs1.org/voc/PackagingMaterialTypeCode-POLYMER_SAN	urn:gs1:std:gdsn:cv177197	type-and-iri-code	PackagingMaterialTypeCode	POLYMER_SAN	177197	Styrene acrylonitrile (SAN)	Styrene acrylonitrile (SAN) is a copolymer transparent and rigid plastic. Examples of applications are kitchenware and cosmetic packaging.	https://ref.gs1.org/voc/PackagingMaterialTypeCode	urn:gs1:std:gdsn:c318819073	Styrene acrylonitrile (SAN)	Styrene acrylonitrile (SAN) is a copolymer transparent and rigid plastic. Examples of applications are kitchenware and cosmetic packaging.	POLYMER_SAN	True	False		rdf:type + IRI code suffix + JSON sourceId/classId + GDSN codeListName/label
https://ref.gs1.org/voc/PackagingMaterialTypeCode-POLYMER_SILICONE	urn:gs1:std:gdsn:cv180745	type-and-iri-code	PackagingMaterialTypeCode	POLYMER_SILICONE	180745	Polymer silicone	Polymer is generally composed of organic chains linked together by the silicon-oxygen bond. Used in particular for valves. Also know as polysiloxane.	https://ref.gs1.org/voc/PackagingMaterialTypeCode	urn:gs1:std:gdsn:c318819073	Polymer silicone	Polymer is generally composed of organic chains linked together by the silicon-oxygen bond. Used in particular for valves. Also know as polysiloxane.	POLYMER_SILICONE	True	False		rdf:type + IRI code suffix + JSON sourceId/classId + GDSN codeListName/label
https://ref.gs1.org/voc/PackagingMaterialTypeCode-POLYMER_TPS	urn:gs1:std:gdsn:cv177198	type-and-iri-code	PackagingMaterialTypeCode	POLYMER_TPS	177198	Thermoplastic Starch (TPS)	Thermoplastic starch is obtained through destructurization of natural starch through exposure to shear and heat. TPS is most frequently used in blends with biodegradable synthetic polymers such as PCL and PVA.	https://ref.gs1.org/voc/PackagingMaterialTypeCode	urn:gs1:std:gdsn:c318819073	Thermoplastic Starch (TPS)	Thermoplastic starch is obtained through destructurization of natural starch through exposure to shear and heat. TPS is most frequently used in blends with biodegradable synthetic polymers such as PCL and PVA.	POLYMER_TPS	True	False		rdf:type + IRI code suffix + JSON sourceId/classId + GDSN codeListName/label
https://ref.gs1.org/voc/PackagingMaterialTypeCode-POLYMER_XPS	urn:gs1:std:gdsn:cv177199	type-and-iri-code	PackagingMaterialTypeCode	POLYMER_XPS	177199	Extruded polystyrene (XPS)	"Extruded polystyrene is a rigid, tough, closed cell and lightweight thermoplastic foam material. It is manufactured using a process of extrusion that produces a homogeneous ""closed cell"" matrix with each cell fully enclosed by polystyrene walls."	https://ref.gs1.org/voc/PackagingMaterialTypeCode	urn:gs1:std:gdsn:c318819073	Extruded polystyrene (XPS)	Extruded polystyrene is a rigid, tough, closed cell and lightweight thermoplastic foam material. It is manufactured using a process of extrusion that produces a homogeneous 'closed cell' matrix with each cell fully enclosed by polystyrene walls.	POLYMER_XPS	True	False		rdf:type + IRI code suffix + JSON sourceId/classId + GDSN codeListName/label
https://ref.gs1.org/voc/PackagingMaterialTypeCode-RUBBER	urn:gs1:std:gdsn:cv177200	type-and-iri-code	PackagingMaterialTypeCode	RUBBER	177200	Rubber	A strong elastic synthetic substance made either by improving the qualities of natural rubber or by an industrial process using petroleum and coal products	https://ref.gs1.org/voc/PackagingMaterialTypeCode	urn:gs1:std:gdsn:c318819073	Rubber	A strong elastic synthetic substance made either by improving the qualities of natural rubber or by an industrial process using petroleum and coal products	RUBBER	True	False		rdf:type + IRI code suffix + JSON sourceId/classId + GDSN codeListName/label
https://ref.gs1.org/voc/PackagingMaterialTypeCode-VINYL	urn:gs1:std:gdsn:cv177201	type-and-iri-code	PackagingMaterialTypeCode	VINYL	177201	Vinyl	A non-specific polymer of a vinyl compound or a product (as a resin or a textile fiber) made from such a polymer 	https://ref.gs1.org/voc/PackagingMaterialTypeCode	urn:gs1:std:gdsn:c318819073	Vinyl	A non-specific polymer of a vinyl compound or a product (as a resin or a textile fiber) made from such a polymer 	VINYL	True	False		rdf:type + IRI code suffix + JSON sourceId/classId + GDSN codeListName/label
https://ref.gs1.org/voc/PackagingMaterialTypeCode-WOOD_HARDBOARD	urn:gs1:std:gdsn:cv177202	type-and-iri-code	PackagingMaterialTypeCode	WOOD_HARDBOARD	177202	Hardboard	Hardboard (not to be confused with hardwood), also called High-Density Fiberboard (HDF), is a type of fiberboard, which is similar to particle board and medium-density fiberboard, but is denser, much stronger and harder because it is made out of exploded wood fibers which have been highly compressed. Consequently, the density of hardboard is 31 lbs or more per cubic foot (500 kg/m³)[2] and is usually about 50-65 lbs per cubic foot (800–1040 kg/m³). It differs from particle board in that the bonding of the wood fibers requires no additional materials, although resin is often added. Unlike particle board, it will not split or crack.	https://ref.gs1.org/voc/PackagingMaterialTypeCode	urn:gs1:std:gdsn:c318819073	Hardboard	Hardboard (not to be confused with hardwood), also called High-Density Fiberboard (HDF), is a type of fiberboard, which is similar to particle board and medium-density fiberboard, but is denser, much stronger and harder because it is made out of exploded wood fibers which have been highly compressed. Consequently, the density of hardboard is 31 lbs or more per cubic foot (500 kg/m_)[2] and is usually about 50-65 lbs per cubic foot (800-1040 kg/m_). It differs from particle board in that the bonding of the wood fibers requires no additional materials, although resin is often added. Unlike particle board, it will not split or crack.	WOOD_HARDBOARD	True	False		rdf:type + IRI code suffix + JSON sourceId/classId + GDSN codeListName/label
https://ref.gs1.org/voc/PackagingMaterialTypeCode-WOOD_HARDWOOD	urn:gs1:std:gdsn:cv177203	type-and-iri-code	PackagingMaterialTypeCode	WOOD_HARDWOOD	177203	Hardwood	A general term referring to any variety of broad-leaved, deciduous trees, and the wood from those trees. The term has nothing to do with the actual hardness of the wood; some hardwoods are softer than certain softwood (evergreen) species.	https://ref.gs1.org/voc/PackagingMaterialTypeCode	urn:gs1:std:gdsn:c318819073	Hardwood	A general term referring to any variety of broad-leaved, deciduous trees, and the wood from those trees. The term has nothing to do with the actual hardness of the wood; some hardwoods are softer than certain softwood (evergreen) species.	WOOD_HARDWOOD	True	False		rdf:type + IRI code suffix + JSON sourceId/classId + GDSN codeListName/label
https://ref.gs1.org/voc/PackagingMaterialTypeCode-WOOD_MEDIUM_DENSITY_FIBREBOARD	urn:gs1:std:gdsn:cv177204	type-and-iri-code	PackagingMaterialTypeCode	WOOD_MEDIUM_DENSITY_FIBREBOARD	177204	Medium density fibreboard	Medium-Density Fibreboard (MDF) is an engineered wood product made by breaking down hardwood or softwood residuals into wood fibres, combining them with wax and a resin binder, and forming panels by applying high temperature and pressure. MDF is generally denser than plywood. It is made up of separated fibres, but can be used as a building material similar in application to plywood. It is stronger and much more dense than particle board.	https://ref.gs1.org/voc/PackagingMaterialTypeCode	urn:gs1:std:gdsn:c318819073	Medium density fibreboard	Medium-Density Fibreboard (MDF) is an engineered wood product made by breaking down hardwood or softwood residuals into wood fibres, combining them with wax and a resin binder, and forming panels by applying high temperature and pressure. MDF is generally denser than plywood. It is made up of separated fibres, but can be used as a building material similar in application to plywood. It is stronger and much more dense than particle board.	WOOD_MEDIUM_DENSITY_FIBREBOARD	True	False		rdf:type + IRI code suffix + JSON sourceId/classId + GDSN codeListName/label
https://ref.gs1.org/voc/PackagingMaterialTypeCode-WOOD_ORIENTED_STRANDBOARD	urn:gs1:std:gdsn:cv177205	type-and-iri-code	PackagingMaterialTypeCode	WOOD_ORIENTED_STRANDBOARD	177205	Oriented strand board (OSB)	"Oriented Strand Board (OSB), also known as sterling board, sterling OSB, aspenite, and smartply, is an engineered wood particle board formed by adding adhesives and then compressing layers of wood strands (flakes) in specific orientations. OSB may have a rough and variegated surface with the individual strips of around 2.5 × 15 cm (1"" × 6""), lying unevenly across each other and comes in a variety of types."	https://ref.gs1.org/voc/PackagingMaterialTypeCode	urn:gs1:std:gdsn:c318819073	Oriented strand board (OSB)	Oriented Strand Board (OSB), also known as sterling board, sterling OSB, aspenite, and smartply, is an engineered wood particle board formed by adding adhesives and then compressing layers of wood strands (flakes) in specific orientations. OSB may have a rough and variegated surface with the individual strips of around 2.5 - 15 cm (1 - 6 inch), lying unevenly across each other and comes in a variety of types.	WOOD_ORIENTED_STRANDBOARD	True	False		rdf:type + IRI code suffix + JSON sourceId/classId + GDSN codeListName/label
https://ref.gs1.org/voc/PackagingMaterialTypeCode-WOOD_OTHER	urn:gs1:std:gdsn:cv177206	type-and-iri-code	PackagingMaterialTypeCode	WOOD_OTHER	177206	Wood other	A non specific material made from the hard fibrous lignified substance under the bark of trees.	https://ref.gs1.org/voc/PackagingMaterialTypeCode	urn:gs1:std:gdsn:c318819073	Wood other	A non specific material made from the hard fibrous lignified substance under the bark of trees.	WOOD_OTHER	True	False		rdf:type + IRI code suffix + JSON sourceId/classId + GDSN codeListName/label
https://ref.gs1.org/voc/PackagingMaterialTypeCode-WOOD_PARTICLE_BOARD	urn:gs1:std:gdsn:cv177207	type-and-iri-code	PackagingMaterialTypeCode	WOOD_PARTICLE_BOARD	177207	Particle board	Particle Board, also known as particleboard, chipboard, and Low-Density Fiberboard (LDF), is an engineered wood product manufactured from wood chips, sawmill shavings, or sawdust, and a synthetic resin or other suitable binder, which is pressed and extruded. Particle board is a composite material.	https://ref.gs1.org/voc/PackagingMaterialTypeCode	urn:gs1:std:gdsn:c318819073	Particle board	Particle Board, also known as particleboard, chipboard, and Low-Density Fiberboard (LDF), is an engineered wood product manufactured from wood chips, sawmill shavings, or sawdust, and a synthetic resin or other suitable binder, which is pressed and extruded. Particle board is a composite material.	WOOD_PARTICLE_BOARD	True	False		rdf:type + IRI code suffix + JSON sourceId/classId + GDSN codeListName/label
https://ref.gs1.org/voc/PackagingMaterialTypeCode-WOOD_PLYWOOD	urn:gs1:std:gdsn:cv177208	type-and-iri-code	PackagingMaterialTypeCode	WOOD_PLYWOOD	177208	Plywood	Plywood, a manufactured wood panel similar to LDF, MDF, and HDF, is made from layering thin sheets of wood. Plywood layers (called veneers or plies) are glued together, with adjacent plies having their wood grain rotated relative to adjacent layers up to 90 degrees.  All plywoods bind resin and wood fibre sheets (cellulose cells are long, strong and thin) to form a composite material. 	https://ref.gs1.org/voc/PackagingMaterialTypeCode	urn:gs1:std:gdsn:c318819073	Plywood	Plywood, a manufactured wood panel similar to LDF, MDF, and HDF, is made from layering thin sheets of wood. Plywood layers (called veneers or plies) are glued together, with adjacent plies having their wood grain rotated relative to adjacent layers up to 90 degrees.  All plywoods bind resin and wood fibre sheets (cellulose cells are long, strong and thin) to form a composite material. 	WOOD_PLYWOOD	True	False		rdf:type + IRI code suffix + JSON sourceId/classId + GDSN codeListName/label
https://ref.gs1.org/voc/PackagingMaterialTypeCode-WOOD_SOFTWOOD	urn:gs1:std:gdsn:cv177209	type-and-iri-code	PackagingMaterialTypeCode	WOOD_SOFTWOOD	177209	Softwood	General term used to describe lumber produced from needle and/or cone bearing trees (Conifers).	https://ref.gs1.org/voc/PackagingMaterialTypeCode	urn:gs1:std:gdsn:c318819073	Softwood	General term used to describe lumber produced from needle and/or cone bearing trees (Conifers).	WOOD_SOFTWOOD	True	False		rdf:type + IRI code suffix + JSON sourceId/classId + GDSN codeListName/label
https://ref.gs1.org/voc/PackagingRecyclingProcessTypeCode-COMPOSTABLE	urn:gs1:std:gdsn:cv177222	type-and-iri-code	PackagingRecyclingProcessTypeCode	COMPOSTABLE	177222	Compostable	Packaging that can biodegrade generating a relatively homogeneous and stable humus-like substance.	https://ref.gs1.org/voc/PackagingRecyclingProcessTypeCode	urn:gs1:std:gdsn:c-760519534	Compostable	Packaging that can biodegrade generating a relatively homogeneous and stable humus-like substance.	COMPOSTABLE	True	False		rdf:type + IRI code suffix + JSON sourceId/classId + GDSN codeListName/label
https://ref.gs1.org/voc/PackagingRecyclingProcessTypeCode-ENERGY_RECOVERABLE	urn:gs1:std:gdsn:cv177223	type-and-iri-code	PackagingRecyclingProcessTypeCode	ENERGY_RECOVERABLE	177223	Energy Recoverable	Packaging which allows for a net calorific gain in energy recovery operations.	https://ref.gs1.org/voc/PackagingRecyclingProcessTypeCode	urn:gs1:std:gdsn:c-760519534	Energy Recoverable	Packaging which allows for a net calorific gain in energy recovery operations.	ENERGY_RECOVERABLE	True	False		rdf:type + IRI code suffix + JSON sourceId/classId + GDSN codeListName/label
https://ref.gs1.org/voc/PackagingRecyclingProcessTypeCode-RECYCLABLE	urn:gs1:std:gdsn:cv177224	type-and-iri-code	PackagingRecyclingProcessTypeCode	RECYCLABLE	177224	Recyclable	Packaging material and format which can be diverted from the waste stream through available processes and programmes and can be collected, processed and returned to use in the form of raw materials or products.	https://ref.gs1.org/voc/PackagingRecyclingProcessTypeCode	urn:gs1:std:gdsn:c-760519534	Recyclable	Packaging material and format which can be diverted from the waste stream through available processes and programmes and can be collected, processed and returned to use in the form of raw materials or products.	RECYCLABLE	True	False		rdf:type + IRI code suffix + JSON sourceId/classId + GDSN codeListName/label
https://ref.gs1.org/voc/PackagingRecyclingProcessTypeCode-REUSABLE	urn:gs1:std:gdsn:cv177225	type-and-iri-code	PackagingRecyclingProcessTypeCode	REUSABLE	177225	Reusable	Packaging that has been conceived and designed to accomplished within its life cycle a certain number of trips, rotations or uses for the same purpose for which it was conceived.	https://ref.gs1.org/voc/PackagingRecyclingProcessTypeCode	urn:gs1:std:gdsn:c-760519534	Reusable	Packaging that has been conceived and designed to accomplished within its life cycle a certain number of trips, rotations or uses for the same purpose for which it was conceived.	REUSABLE	True	False		rdf:type + IRI code suffix + JSON sourceId/classId + GDSN codeListName/label
https://ref.gs1.org/voc/PackagingRecyclingSchemeCode-EKO_PULLO	urn:gs1:std:gdsn:cv177261	type-and-iri-code	PackagingRecyclingSchemeCode	EKO_PULLO	177261	EKO PULLO	PALPA Standas for Suomen Palautuspakkaus Oy. PALPA administers the recycling of beverage containes and promotes recycling in Finland. EKO-pullo is one of the recycling systems PALPA is administer. This is a recycling system used in Finland.	https://ref.gs1.org/voc/PackagingRecyclingSchemeCode	urn:gs1:std:gdsn:c-1205694018	EKO Pullo	PALPA Standas for Suomen Palautuspakkaus Oy. PALPA administers the recycling of beverage containers and promotes recycling in Finland. EKO-pullo is one of the recycling systems PALPA is administer. This is a recycling system used in Finland.	EKO_PULLO	True	False		rdf:type + IRI code suffix + JSON sourceId/classId + GDSN codeListName/label
https://ref.gs1.org/voc/PackagingRecyclingSchemeCode-PALPA	urn:gs1:std:gdsn:cv177263	type-and-iri-code	PackagingRecyclingSchemeCode	PALPA	177263	PALPA	PALPA stands for Suomen Palautuspakkaus Oy. PALPA administers the recycling of beverage containers and promotes recycling in Finland. PALPA is on of the recycling systems PALPA is administer. This is a recycling system used in Finland.	https://ref.gs1.org/voc/PackagingRecyclingSchemeCode	urn:gs1:std:gdsn:c-1205694018	PALPA	PALPA stands for Suomen Palautuspakkaus Oy. PALPA administers the recycling of beverage containers and promotes recycling in Finland. PALPA is on of the recycling systems PALPA is administer. This is a recycling system used in Finland.	PALPA	True	False		rdf:type + IRI code suffix + JSON sourceId/classId + GDSN codeListName/label
https://ref.gs1.org/voc/PackagingShapeCode-BAR	urn:gs1:std:gdsn:cv177272	type-and-iri-code	PackagingShapeCode	BAR	177272	Bar	A relatively long, evenly shaped piece of some solid substance	https://ref.gs1.org/voc/PackagingShapeCode	urn:gs1:std:gdsn:c829522730	Bar	A relatively long, evenly shaped piece of some solid substance	BAR	True	False		rdf:type + IRI code suffix + JSON sourceId/classId + GDSN codeListName/label
https://ref.gs1.org/voc/PackagingShapeCode-COIL	urn:gs1:std:gdsn:cv177273	type-and-iri-code	PackagingShapeCode	COIL	177273	Coil	A spiral structure made by winding a material into a series of loops. A coil may or may not have a spindle around which the loops are formed.	https://ref.gs1.org/voc/PackagingShapeCode	urn:gs1:std:gdsn:c829522730	Coil	A spiral structure made by winding a material into a series of loops. A coil may or may not have a spindle around which the loops are formed.	COIL	True	False		rdf:type + IRI code suffix + JSON sourceId/classId + GDSN codeListName/label
https://ref.gs1.org/voc/PackagingShapeCode-CONE	urn:gs1:std:gdsn:cv177274	type-and-iri-code	PackagingShapeCode	CONE	177274	Cone	"A cone is a three-dimensional geometric
shape that tapers smoothly from a flat, round base to a point."	https://ref.gs1.org/voc/PackagingShapeCode	urn:gs1:std:gdsn:c829522730	Cone	A cone is a three-dimensional geometric shape that tapers smoothly from a flat, round base to a point.	CONE	True	False		rdf:type + IRI code suffix + JSON sourceId/classId + GDSN codeListName/label
https://ref.gs1.org/voc/PackagingShapeCode-CYLINDRICAL	urn:gs1:std:gdsn:cv177275	type-and-iri-code	PackagingShapeCode	CYLINDRICAL	177275	Cylindrical	A long shape that has a circular base and an equally-sized circular top.	https://ref.gs1.org/voc/PackagingShapeCode	urn:gs1:std:gdsn:c829522730	Cylindrical	A long shape that has a circular base and an equally-sized circular top.	CYLINDRICAL	True	False		rdf:type + IRI code suffix + JSON sourceId/classId + GDSN codeListName/label
https://ref.gs1.org/voc/PackagingShapeCode-POLYGON	urn:gs1:std:gdsn:cv177276	type-and-iri-code	PackagingShapeCode	POLYGON	177276	Polygon	A plane figure that is bounded by a closed path or circuit composed of a finite sequence of equally-sized straight line segments. A polygon may have a varying number of segments or ‘faces’ resulting in different configurations, for example a 5-faced polygon: pentagon, 6-faced: hexagon, 8-faced: octagon, 12-faced: dodecahedron, etc.	https://ref.gs1.org/voc/PackagingShapeCode	urn:gs1:std:gdsn:c829522730	Polygon	A plane figure that is bounded by a closed path or circuit composed of a finite sequence of equally-sized straight line segments. A polygon may have a varying number of segments or faces resulting in different configurations, for example a 5-faced polygon: pentagon, 6-faced: hexagon, 8-faced: octagon, 12-faced: dodecahedron, etc.	POLYGON	True	False		rdf:type + IRI code suffix + JSON sourceId/classId + GDSN codeListName/label
https://ref.gs1.org/voc/PackagingShapeCode-RECTANGULAR	urn:gs1:std:gdsn:cv177277	type-and-iri-code	PackagingShapeCode	RECTANGULAR	177277	Rectangular	A closed planar quadrilateral with four right angles.	https://ref.gs1.org/voc/PackagingShapeCode	urn:gs1:std:gdsn:c829522730	Rectangular	A closed planar quadrilateral with four right angles.	RECTANGULAR	True	False		rdf:type + IRI code suffix + JSON sourceId/classId + GDSN codeListName/label
https://ref.gs1.org/voc/PackagingShapeCode-SPHERICAL	urn:gs1:std:gdsn:cv177278	type-and-iri-code	PackagingShapeCode	SPHERICAL	177278	Spherical	A perfectly round geometrical object in three-dimensional space, such as the shape of a round ball. Like a circle in two dimensions, a perfect sphere is completely symmetrical around its centre, with all points on the surface lying the same distance from the centre point.	https://ref.gs1.org/voc/PackagingShapeCode	urn:gs1:std:gdsn:c829522730	Spherical	A perfectly round geometrical object in three-dimensional space, such as the shape of a round ball. Like a circle in two dimensions, a perfect sphere is completely symmetrical around its centre, with all points on the surface lying the same distance from the centre point.	SPHERICAL	True	False		rdf:type + IRI code suffix + JSON sourceId/classId + GDSN codeListName/label
https://ref.gs1.org/voc/PackagingShapeCode-TABLET	urn:gs1:std:gdsn:cv177279	type-and-iri-code	PackagingShapeCode	TABLET	177279	Tablet	The result of different materials being compressed into a solid block usually of small dimensions.	https://ref.gs1.org/voc/PackagingShapeCode	urn:gs1:std:gdsn:c829522730	Tablet	The result of different materials being compressed into a solid block usually of small dimensions.	TABLET	True	False		rdf:type + IRI code suffix + JSON sourceId/classId + GDSN codeListName/label
https://ref.gs1.org/voc/PackagingShapeCode-UNSPECIFIED	urn:gs1:std:gdsn:cv177280	type-and-iri-code	PackagingShapeCode	UNSPECIFIED	177280	Unspecified	Shape is not currently specified in the list. To be used as a temporary means until a specific missing value is added to the list.	https://ref.gs1.org/voc/PackagingShapeCode	urn:gs1:std:gdsn:c829522730	Unspecified	Shape is not currently specified in the list. To be used as a temporary means until a specific missing value is added to the list.	UNSPECIFIED	True	False		rdf:type + IRI code suffix + JSON sourceId/classId + GDSN codeListName/label
https://ref.gs1.org/voc/PreparationTypeCode-AS_DRAINED	urn:gs1:std:gdsn:cv177725	type-and-iri-code	PreparationTypeCode	AS_DRAINED	177725	As Drained	The state of the product after it has been separated from any liquid within the package’’ – For example, a can of apricots in syrup would have a different nutritional composition if the apricots are consumed with the syrup rather than if the syrup is drained before consuming the apricots (because of the high sugar and energy content of the syrup).	https://ref.gs1.org/voc/PreparationTypeCode	urn:gs1:std:gdsn:c-1245497546	As Drained	The state of the product after it has been separated from any liquid within the package. For example, a can of apricots in syrup would have a different nutritional composition if the apricots are consumed with the syrup rather than if the syrup is drained before consuming the apricots (because of the high sugar and energy content of the syrup).	AS_DRAINED	True	False		rdf:type + IRI code suffix + JSON sourceId/classId + GDSN codeListName/label
https://ref.gs1.org/voc/PreparationTypeCode-BAKE	urn:gs1:std:gdsn:cv177726	type-and-iri-code	PreparationTypeCode	BAKE	177726	Bake	Cooking food in an oven by dry heat applied evenly throughout the oven.	https://ref.gs1.org/voc/PreparationTypeCode	urn:gs1:std:gdsn:c-1245497546	Bake	Cooking food in an oven by dry heat applied evenly throughout the oven	BAKE	True	False		rdf:type + IRI code suffix + JSON sourceId/classId + GDSN codeListName/label
https://ref.gs1.org/voc/PreparationTypeCode-BARBECUE	urn:gs1:std:gdsn:cv177727	type-and-iri-code	PreparationTypeCode	BARBECUE	177727	Barbecue	Method of cooking meat with the heat and hot gasses of a fire	https://ref.gs1.org/voc/PreparationTypeCode	urn:gs1:std:gdsn:c-1245497546	Barbecue	Method of cooking meat with the heat and hot gasses of a fire	BARBECUE	True	False		rdf:type + IRI code suffix + JSON sourceId/classId + GDSN codeListName/label
https://ref.gs1.org/voc/PreparationTypeCode-BLANCH	urn:gs1:std:gdsn:cv177729	type-and-iri-code	PreparationTypeCode	BLANCH	177729	Blanch	Food preparation wherein the food substance is rapidly plunged into boiling water and then removed after a brief, timed interval and then plunged into iced water or placed under cold running water.	https://ref.gs1.org/voc/PreparationTypeCode	urn:gs1:std:gdsn:c-1245497546	Blanch	Food preparation wherein the food substance is rapidly plunged into boiling water and then removed after a brief, timed interval and then plunged into iced water or placed under cold running water	BLANCH	True	False		rdf:type + IRI code suffix + JSON sourceId/classId + GDSN codeListName/label
https://ref.gs1.org/voc/PreparationTypeCode-BLIND_BAKE	urn:gs1:std:gdsn:cv177730	type-and-iri-code	PreparationTypeCode	BLIND_BAKE	177730	Blind Bake	Baking a pie crust or other pastry without the filling	https://ref.gs1.org/voc/PreparationTypeCode	urn:gs1:std:gdsn:c-1245497546	Blind Bake	Baking a pie crust or other pastry without the filling	BLIND_BAKE	True	False		rdf:type + IRI code suffix + JSON sourceId/classId + GDSN codeListName/label
https://ref.gs1.org/voc/PreparationTypeCode-BOIL	urn:gs1:std:gdsn:cv177732	type-and-iri-code	PreparationTypeCode	BOIL	177732	Boil	Cooking food in boiling water, or other water-based liquid such as stock or milk	https://ref.gs1.org/voc/PreparationTypeCode	urn:gs1:std:gdsn:c-1245497546	Boil	Cooking food in boiling water, or other water-based liquid such as stock or milk	BOIL	True	False		rdf:type + IRI code suffix + JSON sourceId/classId + GDSN codeListName/label
https://ref.gs1.org/voc/PreparationTypeCode-BRAISE	urn:gs1:std:gdsn:cv177734	type-and-iri-code	PreparationTypeCode	BRAISE	177734	Braise	"Cooking with ""moist heat"", typically in a covered pot with a small amount of liquid"	https://ref.gs1.org/voc/PreparationTypeCode	urn:gs1:std:gdsn:c-1245497546	Braise	Cooking with moist heat, typically in a covered pot with a small amount of liquid	BRAISE	True	False		rdf:type + IRI code suffix + JSON sourceId/classId + GDSN codeListName/label
https://ref.gs1.org/voc/PreparationTypeCode-BROIL	urn:gs1:std:gdsn:cv177738	type-and-iri-code	PreparationTypeCode	BROIL	177738	Broil	Cooking food with high heat with the heat applied directly to the food, most commonly from above. Heat transfer to the food is primarily via radiant heat	https://ref.gs1.org/voc/PreparationTypeCode	urn:gs1:std:gdsn:c-1245497546	Broil	Cooking food with high heat with the heat applied directly to the food, most commonly from above. Heat transfer to the food is primarily via radiant heat	BROIL	True	False		rdf:type + IRI code suffix + JSON sourceId/classId + GDSN codeListName/label
https://ref.gs1.org/voc/PreparationTypeCode-DEEP_FRY	urn:gs1:std:gdsn:cv177748	type-and-iri-code	PreparationTypeCode	DEEP_FRY	177748	Deep Fry	Cooking method whereby food is submerged in hot oil or fat.	https://ref.gs1.org/voc/PreparationTypeCode	urn:gs1:std:gdsn:c-1245497546	Deep Fry	Cooking method whereby food is submerged in hot oil or fat.	DEEP_FRY	True	False		rdf:type + IRI code suffix + JSON sourceId/classId + GDSN codeListName/label
https://ref.gs1.org/voc/PreparationTypeCode-DOUBLE_STEAM	urn:gs1:std:gdsn:cv177749	type-and-iri-code	PreparationTypeCode	DOUBLE_STEAM	177749	Double Steam	Cooking technique to prepare delicate food such as bird nests, shark fins etc. The food is covered with water and put in a covered ceramic jar	https://ref.gs1.org/voc/PreparationTypeCode	urn:gs1:std:gdsn:c-1245497546	Double Steam	Cooking technique to prepare delicate food such as bird nests, shark fins etc. The food is covered with water and put in a covered ceramic jar	DOUBLE_STEAM	True	False		rdf:type + IRI code suffix + JSON sourceId/classId + GDSN codeListName/label
https://ref.gs1.org/voc/PreparationTypeCode-FREEZE	urn:gs1:std:gdsn:cv177755	type-and-iri-code	PreparationTypeCode	FREEZE	177755	Freeze	Convert the product from room temperature to a frozen state.Simple	https://ref.gs1.org/voc/PreparationTypeCode	urn:gs1:std:gdsn:c-1245497546	Freeze	Convert the product from room temperature to a frozen state.Simple	FREEZE	True	False		rdf:type + IRI code suffix + JSON sourceId/classId + GDSN codeListName/label
https://ref.gs1.org/voc/PreparationTypeCode-FRY	urn:gs1:std:gdsn:cv177757	type-and-iri-code	PreparationTypeCode	FRY	177757	Fry	The cooking of food in hot fats or oils.	https://ref.gs1.org/voc/PreparationTypeCode	urn:gs1:std:gdsn:c-1245497546	Fry	Cooking of food in fat.	FRY	True	False		rdf:type + IRI code suffix + JSON sourceId/classId + GDSN codeListName/label
https://ref.gs1.org/voc/PreparationTypeCode-GRIDDLE_FRY	urn:gs1:std:gdsn:cv177759	type-and-iri-code	PreparationTypeCode	GRIDDLE_FRY	177759	Griddle Fry	Form of cooking where the food is fried with its own fat.	https://ref.gs1.org/voc/PreparationTypeCode	urn:gs1:std:gdsn:c-1245497546	Griddle Fry	Form of cooking where the food is fried with its own fat.	GRIDDLE_FRY	True	False		rdf:type + IRI code suffix + JSON sourceId/classId + GDSN codeListName/label
https://ref.gs1.org/voc/PreparationTypeCode-GRILL	urn:gs1:std:gdsn:cv177760	type-and-iri-code	PreparationTypeCode	GRILL	177760	Grill	Form of cooking that involves direct heat. The definition varies widely by region and culture	https://ref.gs1.org/voc/PreparationTypeCode	urn:gs1:std:gdsn:c-1245497546	Grill	Form of cooking that involves direct heat. The definition varies widely by region and culture	GRILL	True	False		rdf:type + IRI code suffix + JSON sourceId/classId + GDSN codeListName/label
https://ref.gs1.org/voc/PreparationTypeCode-HEAT_AND_SERVE	urn:gs1:std:gdsn:cv177762	type-and-iri-code	PreparationTypeCode	HEAT_AND_SERVE	177762	Heat_And Serve	Prepare the item by simply heating or warming to a desired temperature or visual state prior to serving	https://ref.gs1.org/voc/PreparationTypeCode	urn:gs1:std:gdsn:c-1245497546	Heat and Serve	Prepare the item by simply heating or warming to a desired temperature or visual state prior to serving	HEAT_AND_SERVE	True	False		rdf:type + IRI code suffix + JSON sourceId/classId + GDSN codeListName/label
https://ref.gs1.org/voc/PreparationTypeCode-MICROWAVE	urn:gs1:std:gdsn:cv177768	type-and-iri-code	PreparationTypeCode	MICROWAVE	177768	Microwave	Cooking food by employing microwave radiation	https://ref.gs1.org/voc/PreparationTypeCode	urn:gs1:std:gdsn:c-1245497546	Microwave	Cooking food by employing microwave radiation	MICROWAVE	True	False		rdf:type + IRI code suffix + JSON sourceId/classId + GDSN codeListName/label
https://ref.gs1.org/voc/PreparationTypeCode-PAN_FRY	urn:gs1:std:gdsn:cv177772	type-and-iri-code	PreparationTypeCode	PAN_FRY	177772	Pan Fry	Form of frying characterised by the use of less cooking oil than deep frying	https://ref.gs1.org/voc/PreparationTypeCode	urn:gs1:std:gdsn:c-1245497546	Pan Fry	Form of frying characterised by the use of less cooking oil than deep frying	PAN_FRY	True	False		rdf:type + IRI code suffix + JSON sourceId/classId + GDSN codeListName/label
https://ref.gs1.org/voc/PreparationTypeCode-POACH	urn:gs1:std:gdsn:cv177773	type-and-iri-code	PreparationTypeCode	POACH	177773	Poach	Cooking food by gently simmering food in liquid, generally water, stock or wine	https://ref.gs1.org/voc/PreparationTypeCode	urn:gs1:std:gdsn:c-1245497546	Poach	Cooking food by gently simmering food in liquid, generally water, stock or wine	POACH	True	False		rdf:type + IRI code suffix + JSON sourceId/classId + GDSN codeListName/label
https://ref.gs1.org/voc/PreparationTypeCode-PREPARED	urn:gs1:std:gdsn:cv177774	type-and-iri-code	PreparationTypeCode	PREPARED	177774	Prepared	The state of the product after preparation (e.g. after adding milk or water).	https://ref.gs1.org/voc/PreparationTypeCode	urn:gs1:std:gdsn:c-1245497546	Prepared	The state of the product after preparation (e.g. after adding milk or water).	PREPARED	True	False		rdf:type + IRI code suffix + JSON sourceId/classId + GDSN codeListName/label
https://ref.gs1.org/voc/PreparationTypeCode-PRESSURE_COOK	urn:gs1:std:gdsn:cv177775	type-and-iri-code	PreparationTypeCode	PRESSURE_COOK	177775	Pressure Cook	Method of cooking in a sealed vessel that does not permit air or liquids to escape below a preset pressure	https://ref.gs1.org/voc/PreparationTypeCode	urn:gs1:std:gdsn:c-1245497546	Pressure Cook	Method of cooking in a sealed vessel that does not permit air or liquids to escape below a preset pressure	PRESSURE_COOK	True	False		rdf:type + IRI code suffix + JSON sourceId/classId + GDSN codeListName/label
https://ref.gs1.org/voc/PreparationTypeCode-PRESSURE_FRY	urn:gs1:std:gdsn:cv177776	type-and-iri-code	PreparationTypeCode	PRESSURE_FRY	177776	Pressure Fry	Meat and cooking oil are brought to high temperatures while pressure is held high enough that the water within is prevented from boiling off	https://ref.gs1.org/voc/PreparationTypeCode	urn:gs1:std:gdsn:c-1245497546	Pressure Fry	Meat and cooking oil are brought to high temperatures while pressure is held high enough that the water within is prevented from boiling off	PRESSURE_FRY	True	False		rdf:type + IRI code suffix + JSON sourceId/classId + GDSN codeListName/label
https://ref.gs1.org/voc/PreparationTypeCode-READY_TO_DRINK	urn:gs1:std:gdsn:cv177779	type-and-iri-code	PreparationTypeCode	READY_TO_DRINK	177779	Ready_To Drink	No Preparation. The trade Item is ready for use after being taken out of the packaging (if packaging exists) without the need of any further action prior to consumption or use	https://ref.gs1.org/voc/PreparationTypeCode	urn:gs1:std:gdsn:c-1245497546	Ready To Drink	No Preparation. The product is ready for use after being taken out of the packaging (if packaging exists) without the need of any further action prior to consumption or use	READY_TO_DRINK	True	False		rdf:type + IRI code suffix + JSON sourceId/classId + GDSN codeListName/label
https://ref.gs1.org/voc/PreparationTypeCode-READY_TO_EAT	urn:gs1:std:gdsn:cv177780	type-and-iri-code	PreparationTypeCode	READY_TO_EAT	177780	Ready_To Eat	Besides unpacking no additional preparation required.	https://ref.gs1.org/voc/PreparationTypeCode	urn:gs1:std:gdsn:c-1245497546	Ready To Eat	Besides unpacking no additional preparation required.	READY_TO_EAT	True	False		rdf:type + IRI code suffix + JSON sourceId/classId + GDSN codeListName/label
https://ref.gs1.org/voc/PreparationTypeCode-RECONSTITUTE	urn:gs1:std:gdsn:cv177781	type-and-iri-code	PreparationTypeCode	RECONSTITUTE	177781	Reconstitute	Restore a dry or concentrated food to its original strength or consistency by adding water.	https://ref.gs1.org/voc/PreparationTypeCode	urn:gs1:std:gdsn:c-1245497546	Reconstitute	Restore a dry or concentrated food to its original strength or consistency by adding water.	RECONSTITUTE	True	False		rdf:type + IRI code suffix + JSON sourceId/classId + GDSN codeListName/label
https://ref.gs1.org/voc/PreparationTypeCode-REFRIGERATE	urn:gs1:std:gdsn:cv177782	type-and-iri-code	PreparationTypeCode	REFRIGERATE	177782	Refrigerate	Convert the product from room temperature to a chilled state.	https://ref.gs1.org/voc/PreparationTypeCode	urn:gs1:std:gdsn:c-1245497546	Refrigerate	Convert the product from room temperature to a chilled state.	REFRIGERATE	True	False		rdf:type + IRI code suffix + JSON sourceId/classId + GDSN codeListName/label
https://ref.gs1.org/voc/PreparationTypeCode-ROAST	urn:gs1:std:gdsn:cv177783	type-and-iri-code	PreparationTypeCode	ROAST	177783	Roast	Cooking method that uses dry heat, whether an open flame, oven, or other heat source.	https://ref.gs1.org/voc/PreparationTypeCode	urn:gs1:std:gdsn:c-1245497546	Roast.	Cooking method that uses dry heat, whether an open flame, oven, or other heat source.	ROAST	True	False		rdf:type + IRI code suffix + JSON sourceId/classId + GDSN codeListName/label
https://ref.gs1.org/voc/PreparationTypeCode-ROTISSERIE	urn:gs1:std:gdsn:cv177785	type-and-iri-code	PreparationTypeCode	ROTISSERIE	177785	Rotisserie	Style of roasting where meat is skewered on a spit and revolves over a flame	https://ref.gs1.org/voc/PreparationTypeCode	urn:gs1:std:gdsn:c-1245497546	Rotisserie	Style of roasting where meat is skewered on a spit and revolves over a flame	ROTISSERIE	True	False		rdf:type + IRI code suffix + JSON sourceId/classId + GDSN codeListName/label
https://ref.gs1.org/voc/PreparationTypeCode-SAUTE	urn:gs1:std:gdsn:cv177787	type-and-iri-code	PreparationTypeCode	SAUTE	177787	Saute	Cooking food using a small amount of fat in a shallow pan over relatively high heat	https://ref.gs1.org/voc/PreparationTypeCode	urn:gs1:std:gdsn:c-1245497546	Saute	Cooking food using a small amount of fat in a shallow pan over relatively high heat	SAUTE	True	False		rdf:type + IRI code suffix + JSON sourceId/classId + GDSN codeListName/label
https://ref.gs1.org/voc/PreparationTypeCode-SEAR	urn:gs1:std:gdsn:cv177788	type-and-iri-code	PreparationTypeCode	SEAR	177788	Sear	Technique used in grilling, roasting, braising, sautéing, etc. That cooks the surface of the food (usually meat, poultry or fish) at high temperature so that a caramelised crust forms	https://ref.gs1.org/voc/PreparationTypeCode	urn:gs1:std:gdsn:c-1245497546	Sear	Technique used in grilling, roasting, braising, sauteing, etc. That cooks the surface of the food (usually meat, poultry or fish) at high temperature so that a caramelised crust forms	SEAR	True	False		rdf:type + IRI code suffix + JSON sourceId/classId + GDSN codeListName/label
https://ref.gs1.org/voc/PreparationTypeCode-SIMMER	urn:gs1:std:gdsn:cv177796	type-and-iri-code	PreparationTypeCode	SIMMER	177796	Simmer	Cook food by heating it in water kept just below the boiling point (same as coddling)	https://ref.gs1.org/voc/PreparationTypeCode	urn:gs1:std:gdsn:c-1245497546	Simmer	Cook food by heating it in water kept just below the boiling point (same as coddling)	SIMMER	True	False		rdf:type + IRI code suffix + JSON sourceId/classId + GDSN codeListName/label
https://ref.gs1.org/voc/PreparationTypeCode-SMOKE	urn:gs1:std:gdsn:cv177800	type-and-iri-code	PreparationTypeCode	SMOKE	177800	Smoke	Process of curing, cooking, or seasoning food by exposing it for long periods of time to the smoke from a wood fire	https://ref.gs1.org/voc/PreparationTypeCode	urn:gs1:std:gdsn:c-1245497546	Smoke	Process of curing, cooking, or seasoning food by exposing it for long periods of time to the smoke from a wood fire	SMOKE	True	False		rdf:type + IRI code suffix + JSON sourceId/classId + GDSN codeListName/label
https://ref.gs1.org/voc/PreparationTypeCode-STEAM	urn:gs1:std:gdsn:cv177806	type-and-iri-code	PreparationTypeCode	STEAM	177806	Steam	Cooking by first boiling the water so it will evaporate into steam, then the steam will carry heat to the food, thus achieving heating the food	https://ref.gs1.org/voc/PreparationTypeCode	urn:gs1:std:gdsn:c-1245497546	Steam	Cooking by first boiling the water so it will evaporate into steam, then the steam will carry heat to the food, thus achieving heating the food	STEAM	True	False		rdf:type + IRI code suffix + JSON sourceId/classId + GDSN codeListName/label
https://ref.gs1.org/voc/PreparationTypeCode-STEW	urn:gs1:std:gdsn:cv177807	type-and-iri-code	PreparationTypeCode	STEW	177807	Stew	Preparing meat cut into smaller pieces or cubes by simmering it in liquid, usually together with vegetables	https://ref.gs1.org/voc/PreparationTypeCode	urn:gs1:std:gdsn:c-1245497546	Stew	Preparing meat cut into smaller pieces or cubes by simmering it in liquid, usually together with vegetables	STEW	True	False		rdf:type + IRI code suffix + JSON sourceId/classId + GDSN codeListName/label
https://ref.gs1.org/voc/PreparationTypeCode-STIR_FRY	urn:gs1:std:gdsn:cv177809	type-and-iri-code	PreparationTypeCode	STIR_FRY	177809	Stir Fry	Chinese cooking technique used because of its fast cooking speed	https://ref.gs1.org/voc/PreparationTypeCode	urn:gs1:std:gdsn:c-1245497546	Stir Fry	Chinese cooking technique used because of its fast cooking speed	STIR_FRY	True	False		rdf:type + IRI code suffix + JSON sourceId/classId + GDSN codeListName/label
https://ref.gs1.org/voc/PreparationTypeCode-THAW	urn:gs1:std:gdsn:cv177812	type-and-iri-code	PreparationTypeCode	THAW	177812	Thaw	Convert the product from a frozen state to a chilled or room temperature state.	https://ref.gs1.org/voc/PreparationTypeCode	urn:gs1:std:gdsn:c-1245497546	Thaw	Convert the product from a frozen state to a chilled or room temperature state.	THAW	True	False		rdf:type + IRI code suffix + JSON sourceId/classId + GDSN codeListName/label
https://ref.gs1.org/voc/PreparationTypeCode-UNPREPARED	urn:gs1:std:gdsn:cv177814	type-and-iri-code	PreparationTypeCode	UNPREPARED	177814	Unprepared	The initial state of the product.	https://ref.gs1.org/voc/PreparationTypeCode	urn:gs1:std:gdsn:c-1245497546	Unprepared	The initial state of the product.	UNPREPARED	True	False		rdf:type + IRI code suffix + JSON sourceId/classId + GDSN codeListName/label
https://ref.gs1.org/voc/PreparationTypeCode-UNSPECIFIED	urn:gs1:std:gdsn:cv177815	type-and-iri-code	PreparationTypeCode	UNSPECIFIED	177815	Unspecified	Unknown, not applicable	https://ref.gs1.org/voc/PreparationTypeCode	urn:gs1:std:gdsn:c-1245497546	Unknown	Unknown, not applicable	UNSPECIFIED	True	False		rdf:type + IRI code suffix + JSON sourceId/classId + GDSN codeListName/label
https://ref.gs1.org/voc/ProductYieldTypeCode-AFTER_COOKING	urn:gs1:std:gdsn:cv177529	type-and-iri-code	ProductYieldTypeCode	AFTER_COOKING	177529	After Cooking	Weight or volume of food product after it has been prepared.	https://ref.gs1.org/voc/ProductYieldTypeCode	urn:gs1:std:gdsn:c1365163297	After Cooking	Weight or volume of food product after it has been prepared.	AFTER_COOKING	True	False		rdf:type + IRI code suffix + JSON sourceId/classId + GDSN codeListName/label
https://ref.gs1.org/voc/ProductYieldTypeCode-AFTER_DILUTION	urn:gs1:std:gdsn:cv177530	type-and-iri-code	ProductYieldTypeCode	AFTER_DILUTION	177530	After Dilution	Volume of food product after a fluid has been added.	https://ref.gs1.org/voc/ProductYieldTypeCode	urn:gs1:std:gdsn:c1365163297	After Dilution	Volume of food product after a fluid has been added.	AFTER_DILUTION	True	False		rdf:type + IRI code suffix + JSON sourceId/classId + GDSN codeListName/label
https://ref.gs1.org/voc/ProductYieldTypeCode-DRAINED_WEIGHT	urn:gs1:std:gdsn:cv177531	type-and-iri-code	ProductYieldTypeCode	DRAINED_WEIGHT	177531	Drained Weight	Weight of food product after the fluid in which the food product was preserved has been removed.	https://ref.gs1.org/voc/ProductYieldTypeCode	urn:gs1:std:gdsn:c1365163297	Drained Weight	Weight of food product after the fluid in which the food product was preserved has been removed.	DRAINED_WEIGHT	True	False		rdf:type + IRI code suffix + JSON sourceId/classId + GDSN codeListName/label
https://ref.gs1.org/voc/ProductYieldTypeCode-UNSPECIFIED	urn:gs1:std:gdsn:cv177532	type-and-iri-code	ProductYieldTypeCode	UNSPECIFIED	177532	Unspecified	Product yield type is unknown or irrelevant	https://ref.gs1.org/voc/ProductYieldTypeCode	urn:gs1:std:gdsn:c1365163297	Unspecified	Product yield type is unknown or irrelevant	UNSPECIFIED	True	False		rdf:type + IRI code suffix + JSON sourceId/classId + GDSN codeListName/label
https://ref.gs1.org/voc/ReferencedFileTypeCode-360_DEGREE_IMAGE	urn:gs1:std:gdsn:cv178541	type-and-iri-code	ReferencedFileTypeCode	360_DEGREE_IMAGE	178541	360 Degree Image	Allows x-axis interactive rotation of product via website.	https://ref.gs1.org/voc/ReferencedFileTypeCode	urn:gs1:std:gdsn:c58572829	360 Degree Image	Allows x-axis interactive rotation of product via website.	360_DEGREE_IMAGE	True	False		rdf:type + IRI code suffix + JSON sourceId/classId + GDSN codeListName/label
https://ref.gs1.org/voc/ReferencedFileTypeCode-AMBIENCE_MOOD_IMAGE	urn:gs1:std:gdsn:cv178542	type-and-iri-code	ReferencedFileTypeCode	AMBIENCE_MOOD_IMAGE	178542	Ambience/mood image	"Trade Item image representing the image the manufacturer is supplying to the consumer to invoke a connection to the item by setting a ""mood"" or feeling for the item and its use."	https://ref.gs1.org/voc/ReferencedFileTypeCode	urn:gs1:std:gdsn:c58572829	Ambience/mood image	Trade Item image representing the image the manufacturer is supplying to the consumer to invoke a connection to the item by setting a 'mood' or feeling for the item and its use.	AMBIENCE_MOOD_IMAGE	True	False		rdf:type + IRI code suffix + JSON sourceId/classId + GDSN codeListName/label
https://ref.gs1.org/voc/ReferencedFileTypeCode-APPLICATION_IMAGE	urn:gs1:std:gdsn:cv178543	type-and-iri-code	ReferencedFileTypeCode	APPLICATION_IMAGE	178543	Application image	Trade Item image representing the image the manufacturer is supplying to the consumer to depict how the product itself is used.	https://ref.gs1.org/voc/ReferencedFileTypeCode	urn:gs1:std:gdsn:c58572829	Application image	Trade Item image representing the image the manufacturer is supplying to the consumer to depict how the product itself is used.	APPLICATION_IMAGE	True	False		rdf:type + IRI code suffix + JSON sourceId/classId + GDSN codeListName/label
https://ref.gs1.org/voc/ReferencedFileTypeCode-ASSEMBLY_INSTRUCTIONS	urn:gs1:std:gdsn:cv178544	type-and-iri-code	ReferencedFileTypeCode	ASSEMBLY_INSTRUCTIONS	178544	Assembly Instructions	Link to a file the explains how to assemble (put together) the trade item.	https://ref.gs1.org/voc/ReferencedFileTypeCode	urn:gs1:std:gdsn:c58572829	Assembly Instructions	Link to a file the explains how to assemble (put together) the trade item.	ASSEMBLY_INSTRUCTIONS	True	False		rdf:type + IRI code suffix + JSON sourceId/classId + GDSN codeListName/label
https://ref.gs1.org/voc/ReferencedFileTypeCode-AUDIO	urn:gs1:std:gdsn:cv178545	type-and-iri-code	ReferencedFileTypeCode	AUDIO	178545	Audio	Link to a file containing an audio clip which is relevant to the product. Examples are commercials, or instructional/ how to use audio files.	https://ref.gs1.org/voc/ReferencedFileTypeCode	urn:gs1:std:gdsn:c58572829	Audio	Link to a file containing an audio clip which is relevant to the product. Examples are commercials, or instructional/ how to use audio files.	AUDIO	True	False		rdf:type + IRI code suffix + JSON sourceId/classId + GDSN codeListName/label
https://ref.gs1.org/voc/ReferencedFileTypeCode-AWARD_CERTIFICATE	urn:gs1:std:gdsn:cv178546	type-and-iri-code	ReferencedFileTypeCode	AWARD_CERTIFICATE	178546	Award certificate	The award certificate is a written document created by the Award Committee that describes the terms and conditions of the Award. Example: http://www.cronierwines.com/awards-in-2016/	https://ref.gs1.org/voc/ReferencedFileTypeCode	urn:gs1:std:gdsn:c58572829	Award certificate	The award certificate is a written document created by the Award Committee that describes the terms and conditions of the Award. Example: http://www.cronierwines.com/awards-in-2016/	AWARD_CERTIFICATE	True	False		rdf:type + IRI code suffix + JSON sourceId/classId + GDSN codeListName/label
https://ref.gs1.org/voc/ReferencedFileTypeCode-BARCODE	urn:gs1:std:gdsn:cv178547	type-and-iri-code	ReferencedFileTypeCode	BARCODE	178547	Barcode	Link to a file containing a visual representation of the barcode which is on the product or its packaging.	https://ref.gs1.org/voc/ReferencedFileTypeCode	urn:gs1:std:gdsn:c58572829	Barcode	Link to a file containing a visual representation of the barcode which is on the product or its packaging.	BARCODE	True	False		rdf:type + IRI code suffix + JSON sourceId/classId + GDSN codeListName/label
https://ref.gs1.org/voc/ReferencedFileTypeCode-CERTIFICATION	urn:gs1:std:gdsn:cv178548	type-and-iri-code	ReferencedFileTypeCode	CERTIFICATION	178548	Certification	Document which contains a special certification by a third party (e.g. International Food Standard [IFS], QS-Approval Mark for meat product, sausage, fruit, vegetables and potatoes or bio audits).	https://ref.gs1.org/voc/ReferencedFileTypeCode	urn:gs1:std:gdsn:c58572829	Certification	Document which contains a special certification by a third party (e.g. International Food Standard [IFS], QS-Approval Mark for meat product, sausage, fruit, vegetables and potatoes or bio audits).	CERTIFICATION	True	False		rdf:type + IRI code suffix + JSON sourceId/classId + GDSN codeListName/label
https://ref.gs1.org/voc/ReferencedFileTypeCode-CHEMICAL_ASSESSMENT_SUMMARY	urn:gs1:std:gdsn:cv178549	type-and-iri-code	ReferencedFileTypeCode	CHEMICAL_ASSESSMENT_SUMMARY	178549	Chemical Assessment Summary	Link to a file containing the chemical ingredient information sent to the supplier from a third party as a result of the assessment.	https://ref.gs1.org/voc/ReferencedFileTypeCode	urn:gs1:std:gdsn:c58572829	Chemical Assessment Summary	Link to a file containing the chemical ingredient information sent to the supplier from a third party as a result of the assessment.	CHEMICAL_ASSESSMENT_SUMMARY	True	False		rdf:type + IRI code suffix + JSON sourceId/classId + GDSN codeListName/label
https://ref.gs1.org/voc/ReferencedFileTypeCode-CHEMICAL_SAFETY_REPORT	urn:gs1:std:gdsn:cv178550	type-and-iri-code	ReferencedFileTypeCode	CHEMICAL_SAFETY_REPORT	178550	Chemical Safety Report	Link to the file containing a report detailing the risks arising from the manufacture and/or use of a substance and to ensure that they are adequately controlled.	https://ref.gs1.org/voc/ReferencedFileTypeCode	urn:gs1:std:gdsn:c58572829	Chemical Safety Report	Link to the file containing a report detailing the risks arising from the manufacture and/or use of a substance and to ensure that they are adequately controlled.	CHEMICAL_SAFETY_REPORT	True	False		rdf:type + IRI code suffix + JSON sourceId/classId + GDSN codeListName/label
https://ref.gs1.org/voc/ReferencedFileTypeCode-CHILD_NUTRITION_LABEL	urn:gs1:std:gdsn:cv178551	type-and-iri-code	ReferencedFileTypeCode	CHILD_NUTRITION_LABEL	178551	Child Nutrition Label	Link to a file containing the Child Nutrition Label as formatted according to regulations and rules of an appropriate regulatory body for the target market.	https://ref.gs1.org/voc/ReferencedFileTypeCode	urn:gs1:std:gdsn:c58572829	Child Nutrition Label	Link to a file containing the Child Nutrition Label as formatted according to regulations and rules of an appropriate regulatory body for the target market.	CHILD_NUTRITION_LABEL	True	False		rdf:type + IRI code suffix + JSON sourceId/classId + GDSN codeListName/label
https://ref.gs1.org/voc/ReferencedFileTypeCode-CLEANING_DISINFECTION_STERILISATION_INSTRUCTIONS	urn:gs1:std:gdsn:cv178552	type-and-iri-code	ReferencedFileTypeCode	CLEANING_DISINFECTION_STERILISATION_INSTRUCTIONS	178552	Cleaning, disinfection and sterilisation instructions	The cleaning, disinfection and/or sterilisation instructions that apply to the product. These may be in accordance with EN-ISO 17664.	https://ref.gs1.org/voc/ReferencedFileTypeCode	urn:gs1:std:gdsn:c58572829	Cleaning, disinfection and sterilisation instructions	The cleaning, disinfection and/or sterilisation instructions that apply to the product. These may be in accordance with EN-ISO 17664.	CLEANING_DISINFECTION_STERILISATION_INSTRUCTIONS	True	False		rdf:type + IRI code suffix + JSON sourceId/classId + GDSN codeListName/label
https://ref.gs1.org/voc/ReferencedFileTypeCode-CLINICIAN_MEDICINE_INFORMATION	urn:gs1:std:gdsn:cv178553	type-and-iri-code	ReferencedFileTypeCode	CLINICIAN_MEDICINE_INFORMATION	178553	Clinician medicine information	A clinician focused product information document that is written by the pharmaceutical company responsible for the medicine. This document is intended to assist doctors, pharmacists and other health professionals in prescribing and dispensing medicines. In addition, this information can be used by health professionals in their consultations with patients, so that the patient can be better informed about their medicines. 	https://ref.gs1.org/voc/ReferencedFileTypeCode	urn:gs1:std:gdsn:c58572829	Clinician medicine information	A clinician focused product information document that is written by the pharmaceutical company responsible for the medicine. This document is intended to assist doctors, pharmacists and other health professionals in prescribing and dispensing medicines. In addition, this information can be used by health professionals in their consultations with patients, so that the patient can be better informed about their medicines. 	CLINICIAN_MEDICINE_INFORMATION	True	False		rdf:type + IRI code suffix + JSON sourceId/classId + GDSN codeListName/label
https://ref.gs1.org/voc/ReferencedFileTypeCode-CONSUMER_HANDLING_AND_STORAGE	urn:gs1:std:gdsn:cv178554	type-and-iri-code	ReferencedFileTypeCode	CONSUMER_HANDLING_AND_STORAGE	178554	Consumer Handling and Storage	Link to a website, file, or image containing the manufacturer's recommendations for how the consumer or end user should store and handle the product.	https://ref.gs1.org/voc/ReferencedFileTypeCode	urn:gs1:std:gdsn:c58572829	Consumer Handling and Storage	Link to a website, file, or image containing the manufacturer's recommendations for how the consumer or end user should store and handle the product.	CONSUMER_HANDLING_AND_STORAGE	True	False		rdf:type + IRI code suffix + JSON sourceId/classId + GDSN codeListName/label
https://ref.gs1.org/voc/ReferencedFileTypeCode-CONTENT_TEXTURE_IMAGE	urn:gs1:std:gdsn:cv178555	type-and-iri-code	ReferencedFileTypeCode	CONTENT_TEXTURE_IMAGE	178555	Content/texture image	Trade Item image representing the image the manufacturer is supplying to the consumer to depict the content or texture of an item. The image should be designed in such a way that the texture can be experienced by the consumer similar to stationary retail, e.g. creme, lipstick.	https://ref.gs1.org/voc/ReferencedFileTypeCode	urn:gs1:std:gdsn:c58572829	Content/texture image	Trade Item image representing the image the manufacturer is supplying to the consumer to depict the content or texture of an item. The image should be designed in such a way that the texture can be experienced by the consumer similar to stationary retail, e.g. creme, lipstick.	CONTENT_TEXTURE_IMAGE	True	False		rdf:type + IRI code suffix + JSON sourceId/classId + GDSN codeListName/label
https://ref.gs1.org/voc/ReferencedFileTypeCode-CROSSSECTION_VIEW	urn:gs1:std:gdsn:cv178556	type-and-iri-code	ReferencedFileTypeCode	CROSSSECTION_VIEW	178556	Crosssection View	 A picture of a trade item with a cut away vertical plane removed (e.g. Cross-section of a Tire revealing steel belts and tire tread detail).	https://ref.gs1.org/voc/ReferencedFileTypeCode	urn:gs1:std:gdsn:c58572829	Crosssection View	 A picture of a trade item with a cut away vertical plane removed (e.g. Cross-section of a Tire revealing steel belts and tire tread detail).	CROSSSECTION_VIEW	True	False		rdf:type + IRI code suffix + JSON sourceId/classId + GDSN codeListName/label
https://ref.gs1.org/voc/ReferencedFileTypeCode-DECLARATION_OF_CONFORMITY	urn:gs1:std:gdsn:cv178557	type-and-iri-code	ReferencedFileTypeCode	DECLARATION_OF_CONFORMITY	178557	Declaration of Conformity	"A Declaration of Conformity is a document in which the manufacturer states that the product satisfies the essential requirements of the applicable legislation(s), e.g. for toys, medical devices or electrical equipment. By drawing up and signing the EU Declaration of Conformity, the manufacturer assumes responsibility for the compliance of the product. For more information please see
https://eur-lex.europa.eu/legal-content/EN/TXT/PDF/?uri=CELEX:32019R1020&from=DE"	https://ref.gs1.org/voc/ReferencedFileTypeCode	urn:gs1:std:gdsn:c58572829	Declaration of Conformity	A Declaration of Conformity is a document in which the manufacturer states that the product satisfies the essential requirements of the applicable legislation(s), e.g. for toys, medical devices or electrical equipment. By drawing up and signing the EU Declaration of Conformity, the manufacturer assumes responsibility for the compliance of the product. For more information please see https://eur-lex.europa.eu/legal-content/EN/TXT/PDF/?uri=CELEX:32019R1020&from=DE	DECLARATION_OF_CONFORMITY	True	False		rdf:type + IRI code suffix + JSON sourceId/classId + GDSN codeListName/label
https://ref.gs1.org/voc/ReferencedFileTypeCode-DIET_CERTIFICATE	urn:gs1:std:gdsn:cv178558	type-and-iri-code	ReferencedFileTypeCode	DIET_CERTIFICATE	178558	Diet Certificate	Link to a website or file containing a diet certificate granted to the product	https://ref.gs1.org/voc/ReferencedFileTypeCode	urn:gs1:std:gdsn:c58572829	Diet Certificate	Link to a website or file containing a diet certificate granted to the product	DIET_CERTIFICATE	True	False		rdf:type + IRI code suffix + JSON sourceId/classId + GDSN codeListName/label
https://ref.gs1.org/voc/ReferencedFileTypeCode-DISPOSAL_INSTRUCTIONS	urn:gs1:std:gdsn:cv178559	type-and-iri-code	ReferencedFileTypeCode	DISPOSAL_INSTRUCTIONS	178559	Instructions for disposal	Link to a website, file or instruction movie how to dispose a product properly or how to clean up a broken product in case the product contains materials like mercury.	https://ref.gs1.org/voc/ReferencedFileTypeCode	urn:gs1:std:gdsn:c58572829	Instructions for disposal	Link to a website, file or instruction movie how to dispose a product properly or how to clean up a broken product in case the product contains materials like mercury.	DISPOSAL_INSTRUCTIONS	True	False		rdf:type + IRI code suffix + JSON sourceId/classId + GDSN codeListName/label
https://ref.gs1.org/voc/ReferencedFileTypeCode-DOCUMENT	urn:gs1:std:gdsn:cv178560	type-and-iri-code	ReferencedFileTypeCode	DOCUMENT	178560	Document	Link to a document or text file containing product information. Examples of this type could be an instruction manual, assembly guide, or warranty document.	https://ref.gs1.org/voc/ReferencedFileTypeCode	urn:gs1:std:gdsn:c58572829	Document	Link to a document or text file containing product information. Examples of this type could be an instruction manual, assembly guide, or warranty document.	DOCUMENT	True	False		rdf:type + IRI code suffix + JSON sourceId/classId + GDSN codeListName/label
https://ref.gs1.org/voc/ReferencedFileTypeCode-DOP_SHEET	urn:gs1:std:gdsn:cv178561	type-and-iri-code	ReferencedFileTypeCode	DOP_SHEET	178561	Dop Sheet	Link to a file containing the product's Declaration of Performance Sheet (DOP). This file can be either an image or a document.	https://ref.gs1.org/voc/ReferencedFileTypeCode	urn:gs1:std:gdsn:c58572829	Dop Sheet	Link to a file containing the product's Declaration of Performance Sheet (DOP). This file can be either an image or a document.	DOP_SHEET	True	False		rdf:type + IRI code suffix + JSON sourceId/classId + GDSN codeListName/label
https://ref.gs1.org/voc/ReferencedFileTypeCode-DRUG_FACT_LABEL	urn:gs1:std:gdsn:cv178562	type-and-iri-code	ReferencedFileTypeCode	DRUG_FACT_LABEL	178562	Drug Fact Label	The file link is to a drug fact panel of the trade item. A drug fact label usually contains such items as active ingredients, uses, warnings, purpose, directions, etc.	https://ref.gs1.org/voc/ReferencedFileTypeCode	urn:gs1:std:gdsn:c58572829	Drug Fact Label	The file link is to a drug fact panel of the trade item. A drug fact label usually contains such items as active ingredients, uses, warnings, purpose, directions, etc.	DRUG_FACT_LABEL	True	False		rdf:type + IRI code suffix + JSON sourceId/classId + GDSN codeListName/label
https://ref.gs1.org/voc/ReferencedFileTypeCode-ECOLOGICAL_FACT_SHEET	urn:gs1:std:gdsn:cv178563	type-and-iri-code	ReferencedFileTypeCode	ECOLOGICAL_FACT_SHEET	178563	Ecological fact sheet	Link to a file containing the details of a product with its environmental impact and performance. E.g. Beelong.ch Eco-Score Fact Sheet.	https://ref.gs1.org/voc/ReferencedFileTypeCode	urn:gs1:std:gdsn:c58572829	Ecological fact sheet	Link to a file containing the details of a product with its environmental impact and performance. E.g. Beelong.ch Eco-Score Fact Sheet.	ECOLOGICAL_FACT_SHEET	True	False		rdf:type + IRI code suffix + JSON sourceId/classId + GDSN codeListName/label
https://ref.gs1.org/voc/ReferencedFileTypeCode-ENERGY_LABEL	urn:gs1:std:gdsn:cv178564	type-and-iri-code	ReferencedFileTypeCode	ENERGY_LABEL	178564	Energy Label	Link to the energy label for a trade item.  On 19 May 2010, the EU adopted the Directive 2010/30/EU on energy labels. Energy labels help consumers choosing products which save energy and thus money. They also provide incentives for the industry to develop and invest in energy efficient product design. They are found on a selection of white goods and other products and are designed to help customers see how energy efficient a model is before they buy.	https://ref.gs1.org/voc/ReferencedFileTypeCode	urn:gs1:std:gdsn:c58572829	Energy Label	Link to the energy label for a trade item.  On 19 May 2010, the EU adopted the Directive 2010/30/EU on energy labels. Energy labels help consumers choosing products which save energy and thus money. They also provide incentives for the industry to develop and invest in energy efficient product design. They are found on a selection of white goods and other products and are designed to help customers see how energy efficient a model is before they buy.	ENERGY_LABEL	True	False		rdf:type + IRI code suffix + JSON sourceId/classId + GDSN codeListName/label
https://ref.gs1.org/voc/ReferencedFileTypeCode-FOOD_CONTACT_CONFORMITY_CERTIFICATE	urn:gs1:std:gdsn:cv178565	type-and-iri-code	ReferencedFileTypeCode	FOOD_CONTACT_CONFORMITY_CERTIFICATE	178565	Food contact conformity certificate	The certificate of conformity for suitability for food contact is a document issued by the manufacturer or the person placing the product on the European market. It certifies that the product sold complies with the EC Regulation 1935/2004. Thus, it is proven to be safe to get in contact with food.	https://ref.gs1.org/voc/ReferencedFileTypeCode	urn:gs1:std:gdsn:c58572829	Food contact conformity certificate	The certificate of conformity for suitability for food contact is a document issued by the manufacturer or the person placing the product on the European market. It certifies that the product sold complies with the EC Regulation 1935/2004. Thus, it is proven to be safe to get in contact with food.	FOOD_CONTACT_CONFORMITY_CERTIFICATE	True	False		rdf:type + IRI code suffix + JSON sourceId/classId + GDSN codeListName/label
https://ref.gs1.org/voc/ReferencedFileTypeCode-GROUP_CHARACTERISTIC_SHEET	urn:gs1:std:gdsn:cv178566	type-and-iri-code	ReferencedFileTypeCode	GROUP_CHARACTERISTIC_SHEET	178566	Group Characteristic Sheet		https://ref.gs1.org/voc/ReferencedFileTypeCode	urn:gs1:std:gdsn:c58572829	Group Characteristic Sheet		GROUP_CHARACTERISTIC_SHEET	True	False		rdf:type + IRI code suffix + JSON sourceId/classId + GDSN codeListName/label
https://ref.gs1.org/voc/ReferencedFileTypeCode-HAZARDOUS_SUBSTANCES_DATA	urn:gs1:std:gdsn:cv178567	type-and-iri-code	ReferencedFileTypeCode	HAZARDOUS_SUBSTANCES_DATA	178567	Hazardous Substances Data	Link to a file where to locate the ‘out of network data’ additional data concerning the control of substances can be found.	https://ref.gs1.org/voc/ReferencedFileTypeCode	urn:gs1:std:gdsn:c58572829	Hazardous Substances Data	Link to a file where to locate the 'out of network data' additional data concerning the control of substances can be found.	HAZARDOUS_SUBSTANCES_DATA	True	False		rdf:type + IRI code suffix + JSON sourceId/classId + GDSN codeListName/label
https://ref.gs1.org/voc/ReferencedFileTypeCode-IFU	urn:gs1:std:gdsn:cv178568	type-and-iri-code	ReferencedFileTypeCode	IFU	178568	IFU/eIFU (Instructions for use)	Link to a file containing the (electronic) Instructions For Use (IFU or eIFU).	https://ref.gs1.org/voc/ReferencedFileTypeCode	urn:gs1:std:gdsn:c58572829	IFU/eIFU (Instructions for use)	Link to a file containing the (electronic) Instructions For Use (IFU or eIFU).	IFU	True	False		rdf:type + IRI code suffix + JSON sourceId/classId + GDSN codeListName/label
https://ref.gs1.org/voc/ReferencedFileTypeCode-IFU_INCLUDING_CLEANING_DISINFECTION_STERILISATION_INSTRUCTIONS	urn:gs1:std:gdsn:cv178569	type-and-iri-code	ReferencedFileTypeCode	IFU_INCLUDING_CLEANING_DISINFECTION_STERILISATION_INSTRUCTIONS	178569	Instructions for use including cleaning disinfection sterilisation instructions	Indicates that the instructions for cleaning/disinfecting/sterilisation are included in the IFU (Instructions For Use). 	https://ref.gs1.org/voc/ReferencedFileTypeCode	urn:gs1:std:gdsn:c58572829	Instructions for use including cleaning disinfection sterilisation instructions	Indicates that the instructions for cleaning/disinfecting/sterilisation are included in the IFU (Instructions For Use). 	IFU_INCLUDING_CLEANING_DISINFECTION_STERILISATION_INSTRUCTIONS	True	False		rdf:type + IRI code suffix + JSON sourceId/classId + GDSN codeListName/label
https://ref.gs1.org/voc/ReferencedFileTypeCode-INGREDIENTS_LABEL	urn:gs1:std:gdsn:cv178570	type-and-iri-code	ReferencedFileTypeCode	INGREDIENTS_LABEL	178570	Ingredients label	The Ingredients label image is a list of ingredients printed on the packaging. It may be separated by language in multiple areas on the product.	https://ref.gs1.org/voc/ReferencedFileTypeCode	urn:gs1:std:gdsn:c58572829	Ingredients label	The Ingredients label image is a list of ingredients printed on the packaging. It may be separated by language in multiple areas on the product.	INGREDIENTS_LABEL	True	False		rdf:type + IRI code suffix + JSON sourceId/classId + GDSN codeListName/label
https://ref.gs1.org/voc/ReferencedFileTypeCode-INTERNAL_VIEW	urn:gs1:std:gdsn:cv178571	type-and-iri-code	ReferencedFileTypeCode	INTERNAL_VIEW	178571	Internal View	The picture of the inside of a trade item mainly used for non food products (e.g., The inside of a refrigerator or the inside of a suitcase. 	https://ref.gs1.org/voc/ReferencedFileTypeCode	urn:gs1:std:gdsn:c58572829	Internal View	The picture of the inside of a trade item mainly used for non food products (e.g., The inside of a refrigerator or the inside of a suitcase. 	INTERNAL_VIEW	True	False		rdf:type + IRI code suffix + JSON sourceId/classId + GDSN codeListName/label
https://ref.gs1.org/voc/ReferencedFileTypeCode-LIGHTING_FACT_LABEL	urn:gs1:std:gdsn:cv178572	type-and-iri-code	ReferencedFileTypeCode	LIGHTING_FACT_LABEL	178572	Lighting fact label	Link to a file containing a visual representation of the product label containing information related to the light characteristics of the product. The lighting facts label makes it easy to compare bulb characteristics such as brightness, colour, life, and estimated operating cost for the year.	https://ref.gs1.org/voc/ReferencedFileTypeCode	urn:gs1:std:gdsn:c58572829	Lighting fact label	Link to a file containing a visual representation of the product label containing information related to the light characteristics of the product. The lighting facts label makes it easy to compare bulb characteristics such as brightness, colour, life, and estimated operating cost for the year.	LIGHTING_FACT_LABEL	True	False		rdf:type + IRI code suffix + JSON sourceId/classId + GDSN codeListName/label
https://ref.gs1.org/voc/ReferencedFileTypeCode-LOGO	urn:gs1:std:gdsn:cv178573	type-and-iri-code	ReferencedFileTypeCode	LOGO	178573	Logo	Link to a file containing the Manufacturer or Brand Logo(s) associated with the product.	https://ref.gs1.org/voc/ReferencedFileTypeCode	urn:gs1:std:gdsn:c58572829	Logo	Link to a file containing the Manufacturer or Brand Logo(s) associated with the product.	LOGO	True	False		rdf:type + IRI code suffix + JSON sourceId/classId + GDSN codeListName/label
https://ref.gs1.org/voc/ReferencedFileTypeCode-MARKETING_INFORMATION	urn:gs1:std:gdsn:cv178574	type-and-iri-code	ReferencedFileTypeCode	MARKETING_INFORMATION	178574	Marketing Information	Link to a file with product information associated with selling a product or service.	https://ref.gs1.org/voc/ReferencedFileTypeCode	urn:gs1:std:gdsn:c58572829	Marketing Information	Link to a file with product information associated with selling a product or service.	MARKETING_INFORMATION	True	False		rdf:type + IRI code suffix + JSON sourceId/classId + GDSN codeListName/label
https://ref.gs1.org/voc/ReferencedFileTypeCode-MATERIAL_SAMPLES	urn:gs1:std:gdsn:cv178575	type-and-iri-code	ReferencedFileTypeCode	MATERIAL_SAMPLES	178575	Material Samples	"URL to website, images that the potential material, swatches, finishes the trade item might be available in.
"	https://ref.gs1.org/voc/ReferencedFileTypeCode	urn:gs1:std:gdsn:c58572829	Material Samples	URL to website, images that the potential material, swatches, finishes the trade item might be available in.	MATERIAL_SAMPLES	True	False		rdf:type + IRI code suffix + JSON sourceId/classId + GDSN codeListName/label
https://ref.gs1.org/voc/ReferencedFileTypeCode-MOBILE_DEVICE_IMAGE	urn:gs1:std:gdsn:cv178576	type-and-iri-code	ReferencedFileTypeCode	MOBILE_DEVICE_IMAGE	178576	Mobile Device Image	Trade Item image that represents the image the manufacturer supplies to the consumer for mobile device applications. This would be a pack shot or image of the trade item that may be optimised for digital mobile display or added elements to help consumer recoginise the product. This should not be used as the Mobile Ready Hero Image. Some regulations require an actual image of the product and do not allow Mobile Ready Hero Images.	https://ref.gs1.org/voc/ReferencedFileTypeCode	urn:gs1:std:gdsn:c58572829	Mobile Device Image	Trade Item image that represents the image the manufacturer supplies to the consumer for mobile device applications. This would be a pack shot or image of the trade item that may be optimised for digital mobile display or added elements to help consumer recoginise the product. This should not be used as the Mobile Ready Hero Image. Some regulations require an actual image of the product and do not allow Mobile Ready Hero Images.	MOBILE_DEVICE_IMAGE	True	False		rdf:type + IRI code suffix + JSON sourceId/classId + GDSN codeListName/label
https://ref.gs1.org/voc/ReferencedFileTypeCode-MOBILE_READY_HERO_IMAGE	urn:gs1:std:gdsn:cv178577	type-and-iri-code	ReferencedFileTypeCode	MOBILE_READY_HERO_IMAGE	178577	Mobile Ready Hero Image	A Mobile Ready Hero Image (MRHI) is a representation of a real world product that may differ from a standard pack shot, but that maintains the majority of the physical pack’s key elements of design, shape and colour, and is therefore recognisable on a digital shelf. In addition the image should contain elements of The 4 Ws: Who is the brand, What it is, Which variety it is and how much. The Mobile Ready Hero Image (MRHI) is specified in the GS1 Mobile Ready Hero Image Guideline https://www.gs1.org/standards/Mobile-Ready-Hero-Image	https://ref.gs1.org/voc/ReferencedFileTypeCode	urn:gs1:std:gdsn:c58572829	Mobile Ready Hero Image	A Mobile Ready Hero Image (MRHI) is a representation of a real world product that may differ from a standard pack shot, but that maintains the majority of the physical pack's key elements of design, shape and colour, and is therefore recognisable on a digital shelf. In addition the image should contain elements of The 4 Ws: Who is the brand, What it is, Which variety it is and how much. The Mobile Ready Hero Image (MRHI) is specified in the GS1 Mobile Ready Hero Image Guideline https://www.gs1.org/standards/Mobile-Ready-Hero-Image	MOBILE_READY_HERO_IMAGE	True	False		rdf:type + IRI code suffix + JSON sourceId/classId + GDSN codeListName/label
https://ref.gs1.org/voc/ReferencedFileTypeCode-MONTAGE_IMAGE	urn:gs1:std:gdsn:cv178578	type-and-iri-code	ReferencedFileTypeCode	MONTAGE_IMAGE	178578	Montage image	A Montage is the physical over layering of distinct images to create a final digital image. This process allows for a composite to be created with the future possibility of reconstruction without having to return to studio for correction, should an element be added or removed.	https://ref.gs1.org/voc/ReferencedFileTypeCode	urn:gs1:std:gdsn:c58572829	Montage image	A Montage is the physical over layering of distinct images to create a final digital image. This process allows for a composite to be created with the future possibility of reconstruction without having to return to studio for correction, should an element be added or removed.	MONTAGE_IMAGE	True	False		rdf:type + IRI code suffix + JSON sourceId/classId + GDSN codeListName/label
https://ref.gs1.org/voc/ReferencedFileTypeCode-NUTRITION_FACT_LABEL	urn:gs1:std:gdsn:cv178579	type-and-iri-code	ReferencedFileTypeCode	NUTRITION_FACT_LABEL	178579	Nutrition Fact Label	Link to a file containing a visual representation of the product label containing the nutritional information.	https://ref.gs1.org/voc/ReferencedFileTypeCode	urn:gs1:std:gdsn:c58572829	Nutrition Fact Label	Link to a file containing a visual representation of the product label containing the nutritional information.	NUTRITION_FACT_LABEL	True	False		rdf:type + IRI code suffix + JSON sourceId/classId + GDSN codeListName/label
https://ref.gs1.org/voc/ReferencedFileTypeCode-NUTRITION_FACT_LABEL_WITH_INGREDIENTS	urn:gs1:std:gdsn:cv178580	type-and-iri-code	ReferencedFileTypeCode	NUTRITION_FACT_LABEL_WITH_INGREDIENTS	178580	Nutrition Fact Label with Ingredients	Link to a file containing a visual representation of the product label containing the nutritional information with the inclusion of the ingredient statement.	https://ref.gs1.org/voc/ReferencedFileTypeCode	urn:gs1:std:gdsn:c58572829	Nutrition Fact Label with Ingredients	Link to a file containing a visual representation of the product label containing the nutritional information with the inclusion of the ingredient statement.	NUTRITION_FACT_LABEL_WITH_INGREDIENTS	True	False		rdf:type + IRI code suffix + JSON sourceId/classId + GDSN codeListName/label
https://ref.gs1.org/voc/ReferencedFileTypeCode-OPTIMISED_HERO_IMAGE	urn:gs1:std:gdsn:cv178581	type-and-iri-code	ReferencedFileTypeCode	OPTIMISED_HERO_IMAGE	178581	Optimised hero image	An Optimised Hero Image type is to support retail, consumers, distributors and foodservice operators in completing their online sites. These images will assist consumers to identify specific information about the products they are purchasing. The image is a representation of a real world product, built specifically for use on larger screens that may differ from a standard pack shot, but that maintains the majority of the physical pack’s key elements of design, shape and colour, and is therefore recognisable on a digital shelf.	https://ref.gs1.org/voc/ReferencedFileTypeCode	urn:gs1:std:gdsn:c58572829	Optimised hero image	An Optimised Hero Image type is to support retail, consumers, distributors and foodservice operators in completing their online sites. These images will assist consumers to identify specific information about the products they are purchasing. The image is a representation of a real world product, built specifically for use on larger screens that may differ from a standard pack shot, but that maintains the majority of the physical pack's key elements of design, shape and colour, and is therefore recognisable on a digital shelf.	OPTIMISED_HERO_IMAGE	True	True	https://ref.gs1.org/voc/ReferencedFileTypeCode-OPTIMIZED_PACK_IMAGE	rdf:type + IRI code suffix + JSON sourceId/classId + GDSN codeListName/label
https://ref.gs1.org/voc/ReferencedFileTypeCode-ORGANIC_CERTIFICATE	urn:gs1:std:gdsn:cv178582	type-and-iri-code	ReferencedFileTypeCode	ORGANIC_CERTIFICATE	178582	Organic Certificate	Link to a website or file containing an organic certificate granted to the product.	https://ref.gs1.org/voc/ReferencedFileTypeCode	urn:gs1:std:gdsn:c58572829	Organic Certificate	Link to a website or file containing an organic certificate granted to the product.	ORGANIC_CERTIFICATE	True	False		rdf:type + IRI code suffix + JSON sourceId/classId + GDSN codeListName/label
https://ref.gs1.org/voc/ReferencedFileTypeCode-OTHER_EXTERNAL_INFORMATION	urn:gs1:std:gdsn:cv178583	type-and-iri-code	ReferencedFileTypeCode	OTHER_EXTERNAL_INFORMATION	178583	Other External Information	Link to a file containing product information of an unspecified type.	https://ref.gs1.org/voc/ReferencedFileTypeCode	urn:gs1:std:gdsn:c58572829	Other External Information	Link to a file containing product information of an unspecified type.	OTHER_EXTERNAL_INFORMATION	True	False		rdf:type + IRI code suffix + JSON sourceId/classId + GDSN codeListName/label
https://ref.gs1.org/voc/ReferencedFileTypeCode-OUT_OF_PACKAGE_IMAGE	urn:gs1:std:gdsn:cv178584	type-and-iri-code	ReferencedFileTypeCode	OUT_OF_PACKAGE_IMAGE	178584	Out of Package Image	Link to an image of an item out of its packaging and, if necessary, assembled ready for use by the end user. This type of file is subject the current version of the GDSN Product Image Specification Standard.	https://ref.gs1.org/voc/ReferencedFileTypeCode	urn:gs1:std:gdsn:c58572829	Out of Package Image	Link to an image of an item out of its packaging and, if necessary, assembled ready for use by the end user. This type of file is subject the current version of the GDSN Product Image Specification Standard.	OUT_OF_PACKAGE_IMAGE	True	False		rdf:type + IRI code suffix + JSON sourceId/classId + GDSN codeListName/label
https://ref.gs1.org/voc/ReferencedFileTypeCode-PACKAGING_ARTWORK	urn:gs1:std:gdsn:cv178585	type-and-iri-code	ReferencedFileTypeCode	PACKAGING_ARTWORK	178585	Packaging Artwork	Design files for packaging artwork for example Adobe source files.	https://ref.gs1.org/voc/ReferencedFileTypeCode	urn:gs1:std:gdsn:c58572829	Packaging Artwork	Design files for packaging artwork for example Adobe source files.	PACKAGING_ARTWORK	True	False		rdf:type + IRI code suffix + JSON sourceId/classId + GDSN codeListName/label
https://ref.gs1.org/voc/ReferencedFileTypeCode-PATIENT_INFORMATION_LEAFLET	urn:gs1:std:gdsn:cv178586	type-and-iri-code	ReferencedFileTypeCode	PATIENT_INFORMATION_LEAFLET	178586	Patient information leaflet	A leaflet or brochure containing important information to patients/consumers about the product to facilitate discussion and assist with the decision-making process. Example: A leaflet on a medical device like a hip joint. Or a consumer/patient-focused leaflet that contains information on the safe and effective use of a medicines. Often known in some markets as Consumer Medicines Information sheet (CMI), Product Information Leaflet (PiL/ePIL).	https://ref.gs1.org/voc/ReferencedFileTypeCode	urn:gs1:std:gdsn:c58572829	Patient information leaflet	A leaflet or brochure containing important information to patients/consumers about the product to facilitate discussion and assist with the decision-making process. Example: A leaflet on a medical device like a hip joint. Or a consumer/patient-focused leaflet that contains information on the safe and effective use of a medicines. Often known in some markets as Consumer Medicines Information sheet (CMI), Product Information Leaflet (PiL/ePIL).	PATIENT_INFORMATION_LEAFLET	True	False		rdf:type + IRI code suffix + JSON sourceId/classId + GDSN codeListName/label
https://ref.gs1.org/voc/ReferencedFileTypeCode-PETFOOD_FEEDING_INSTRUCTIONS	urn:gs1:std:gdsn:cv178587	type-and-iri-code	ReferencedFileTypeCode	PETFOOD_FEEDING_INSTRUCTIONS	178587	Petfood Feeding Instructions	Link to a file containing a visual representation of the product label containing the feeding instructions for the petfood product.	https://ref.gs1.org/voc/ReferencedFileTypeCode	urn:gs1:std:gdsn:c58572829	Petfood Feeding Instructions	Link to a file containing a visual representation of the product label containing the feeding instructions for the petfood product.	PETFOOD_FEEDING_INSTRUCTIONS	True	False		rdf:type + IRI code suffix + JSON sourceId/classId + GDSN codeListName/label
https://ref.gs1.org/voc/ReferencedFileTypeCode-PLANOGRAM	urn:gs1:std:gdsn:cv178588	type-and-iri-code	ReferencedFileTypeCode	PLANOGRAM	178588	Planogram	Link to a file illustrating how and where retail products should be displayed.	https://ref.gs1.org/voc/ReferencedFileTypeCode	urn:gs1:std:gdsn:c58572829	Planogram	Link to a file illustrating how and where retail products should be displayed.	PLANOGRAM	True	False		rdf:type + IRI code suffix + JSON sourceId/classId + GDSN codeListName/label
https://ref.gs1.org/voc/ReferencedFileTypeCode-PREPARATION_INSTRUCTIONS	urn:gs1:std:gdsn:cv178589	type-and-iri-code	ReferencedFileTypeCode	PREPARATION_INSTRUCTIONS	178589	Preparation Instructions	Link to a file containing a visual representation of the product label containing the preparation instructions.	https://ref.gs1.org/voc/ReferencedFileTypeCode	urn:gs1:std:gdsn:c58572829	Preparation Instructions	Link to a file containing a visual representation of the product label containing the preparation instructions.	PREPARATION_INSTRUCTIONS	True	False		rdf:type + IRI code suffix + JSON sourceId/classId + GDSN codeListName/label
https://ref.gs1.org/voc/ReferencedFileTypeCode-PRODUCT_FORMULATION_STATEMENT	urn:gs1:std:gdsn:cv178590	type-and-iri-code	ReferencedFileTypeCode	PRODUCT_FORMULATION_STATEMENT	178590	Product Formulation Statement	Link to a file containing the Product Formulation Statement, in lieu of a Child Nutrition Label, as formatted according to regulations and rules of an appropriate regulatory body for the target market.	https://ref.gs1.org/voc/ReferencedFileTypeCode	urn:gs1:std:gdsn:c58572829	Product Formulation Statement	Link to a file containing the Product Formulation Statement, in lieu of a Child Nutrition Label, as formatted according to regulations and rules of an appropriate regulatory body for the target market.	PRODUCT_FORMULATION_STATEMENT	True	False		rdf:type + IRI code suffix + JSON sourceId/classId + GDSN codeListName/label
https://ref.gs1.org/voc/ReferencedFileTypeCode-PRODUCT_IMAGE	urn:gs1:std:gdsn:cv178591	type-and-iri-code	ReferencedFileTypeCode	PRODUCT_IMAGE	178591	Product Image	Link to a file containing a visual representation of the product.	https://ref.gs1.org/voc/ReferencedFileTypeCode	urn:gs1:std:gdsn:c58572829	Product Image	Link to a file containing a visual representation of the product.	PRODUCT_IMAGE	True	False		rdf:type + IRI code suffix + JSON sourceId/classId + GDSN codeListName/label
https://ref.gs1.org/voc/ReferencedFileTypeCode-PRODUCT_IMAGE_FORMED	urn:gs1:std:gdsn:cv180752	type-and-iri-code	ReferencedFileTypeCode	PRODUCT_IMAGE_FORMED	180752	Product image formed	"An image of a product that has the supporting shape/form (for example a model, mannequin, hanger) removed to give the product a 3-D look. 
"	https://ref.gs1.org/voc/ReferencedFileTypeCode	urn:gs1:std:gdsn:c58572829	Product image formed	An image of a product that has the supporting shape/form (for example a model, mannequin, hanger) removed to give the product a 3-D look.	PRODUCT_IMAGE_FORMED	True	False		rdf:type + IRI code suffix + JSON sourceId/classId + GDSN codeListName/label
https://ref.gs1.org/voc/ReferencedFileTypeCode-PRODUCT_LABEL_IMAGE	urn:gs1:std:gdsn:cv178592	type-and-iri-code	ReferencedFileTypeCode	PRODUCT_LABEL_IMAGE	178592	Product Label Image	Link to a file containing a visual representation of the product label.	https://ref.gs1.org/voc/ReferencedFileTypeCode	urn:gs1:std:gdsn:c58572829	Product Label Image	Link to a file containing a visual representation of the product label.	PRODUCT_LABEL_IMAGE	True	False		rdf:type + IRI code suffix + JSON sourceId/classId + GDSN codeListName/label
https://ref.gs1.org/voc/ReferencedFileTypeCode-PRODUCT_WEBSITE	urn:gs1:std:gdsn:cv178593	type-and-iri-code	ReferencedFileTypeCode	PRODUCT_WEBSITE	178593	Product Website	Link to a website containing product specific information. Examples of this could be a link to a website dedicated to the product or a link to the area within the manufacturer or brand owner website that contains the product information	https://ref.gs1.org/voc/ReferencedFileTypeCode	urn:gs1:std:gdsn:c58572829	Product Website	Link to a website containing product specific information. Examples of this could be a link to a website dedicated to the product or a link to the area within the manufacturer or brand owner website that contains the product information	PRODUCT_WEBSITE	True	False		rdf:type + IRI code suffix + JSON sourceId/classId + GDSN codeListName/label
https://ref.gs1.org/voc/ReferencedFileTypeCode-QR_CODE	urn:gs1:std:gdsn:cv178594	type-and-iri-code	ReferencedFileTypeCode	QR_CODE	178594	Link to QR Code	Link to a QR code URL/URI.	https://ref.gs1.org/voc/ReferencedFileTypeCode	urn:gs1:std:gdsn:c58572829	Link to QR Code	Link to a QR code URL/URI.	QR_CODE	True	False		rdf:type + IRI code suffix + JSON sourceId/classId + GDSN codeListName/label
https://ref.gs1.org/voc/ReferencedFileTypeCode-QUALITY_CONTROL_PLAN	urn:gs1:std:gdsn:cv178595	type-and-iri-code	ReferencedFileTypeCode	QUALITY_CONTROL_PLAN	178595	Quality Control Plan	Document which detailed information about the quantity of laboratory/analytical tests and the evaluated parameters.	https://ref.gs1.org/voc/ReferencedFileTypeCode	urn:gs1:std:gdsn:c58572829	Quality Control Plan	Document which detailed information about the quantity of laboratory/analytical tests and the evaluated parameters.	QUALITY_CONTROL_PLAN	True	False		rdf:type + IRI code suffix + JSON sourceId/classId + GDSN codeListName/label
https://ref.gs1.org/voc/ReferencedFileTypeCode-RECIPE_WEBSITE	urn:gs1:std:gdsn:cv178596	type-and-iri-code	ReferencedFileTypeCode	RECIPE_WEBSITE	178596	Recipe Website	Link to a website containing recipes associated with the product	https://ref.gs1.org/voc/ReferencedFileTypeCode	urn:gs1:std:gdsn:c58572829	Recipe Website	Link to a website containing recipes associated with the product	RECIPE_WEBSITE	True	False		rdf:type + IRI code suffix + JSON sourceId/classId + GDSN codeListName/label
https://ref.gs1.org/voc/ReferencedFileTypeCode-RECYCLABILITY_ASSESSMENT_CERTIFICATE	urn:gs1:std:gdsn:cv178597	type-and-iri-code	ReferencedFileTypeCode	RECYCLABILITY_ASSESSMENT_CERTIFICATE	178597	Recyclability assessment certificate	Link to a file containing the certificate for recyclability granted to the packaging of the item.	https://ref.gs1.org/voc/ReferencedFileTypeCode	urn:gs1:std:gdsn:c58572829	Recyclability assessment certificate	Link to a file containing the certificate for recyclability granted to the packaging of the item.	RECYCLABILITY_ASSESSMENT_CERTIFICATE	True	False		rdf:type + IRI code suffix + JSON sourceId/classId + GDSN codeListName/label
https://ref.gs1.org/voc/ReferencedFileTypeCode-REGULATORY_INSPECTION_AUDIT	urn:gs1:std:gdsn:cv178598	type-and-iri-code	ReferencedFileTypeCode	REGULATORY_INSPECTION_AUDIT	178598	Regulatory Inspection Audit	Inspection report of the inspections. For example foodstuffs, pharmaceuticals and other types of products that are regulated.	https://ref.gs1.org/voc/ReferencedFileTypeCode	urn:gs1:std:gdsn:c58572829	Regulatory Inspection Audit	Inspection report of the inspections. For example foodstuffs, pharmaceuticals and other types of products that are regulated.	REGULATORY_INSPECTION_AUDIT	True	False		rdf:type + IRI code suffix + JSON sourceId/classId + GDSN codeListName/label
https://ref.gs1.org/voc/ReferencedFileTypeCode-RISK_ANALYSIS_DOCUMENT	urn:gs1:std:gdsn:cv178599	type-and-iri-code	ReferencedFileTypeCode	RISK_ANALYSIS_DOCUMENT	178599	Risk Analysis Document	Document which describes how the supplier assured the quality control of the end products or during the production process. The process can be a supplier internal control system, a simple kind of risk analysis or systematic preventive approach according Hazard Analysis and Critical Control Points (HACCP).	https://ref.gs1.org/voc/ReferencedFileTypeCode	urn:gs1:std:gdsn:c58572829	Risk Analysis Document	Document which describes how the supplier assured the quality control of the end products or during the production process. The process can be a supplier internal control system, a simple kind of risk analysis or systematic preventive approach according Hazard Analysis and Critical Control Points (HACCP).	RISK_ANALYSIS_DOCUMENT	True	False		rdf:type + IRI code suffix + JSON sourceId/classId + GDSN codeListName/label
https://ref.gs1.org/voc/ReferencedFileTypeCode-SAFETY_DATA_SHEET	urn:gs1:std:gdsn:cv178600	type-and-iri-code	ReferencedFileTypeCode	SAFETY_DATA_SHEET	178600	Safety Data Sheet	Link to a file containing the product's Safety Data Sheet (SDS). This file can be either an image or a document	https://ref.gs1.org/voc/ReferencedFileTypeCode	urn:gs1:std:gdsn:c58572829	Safety Data Sheet	Link to a file containing the product's Safety Data Sheet (SDS). This file can be either an image or a document	SAFETY_DATA_SHEET	True	False		rdf:type + IRI code suffix + JSON sourceId/classId + GDSN codeListName/label
https://ref.gs1.org/voc/ReferencedFileTypeCode-SAFETY_SUMMARY_SHEET	urn:gs1:std:gdsn:cv178601	type-and-iri-code	ReferencedFileTypeCode	SAFETY_SUMMARY_SHEET	178601	Safety Summary Sheet	A link to a summary sheet document that is available to workers to understand how to deal with chemicals in an emergency situation.	https://ref.gs1.org/voc/ReferencedFileTypeCode	urn:gs1:std:gdsn:c58572829	Safety Summary Sheet	A link to a summary sheet document that is available to workers to understand how to deal with chemicals in an emergency situation.	SAFETY_SUMMARY_SHEET	True	False		rdf:type + IRI code suffix + JSON sourceId/classId + GDSN codeListName/label
https://ref.gs1.org/voc/ReferencedFileTypeCode-SAMPLE_SHIPPING_ORDER	urn:gs1:std:gdsn:cv178602	type-and-iri-code	ReferencedFileTypeCode	SAMPLE_SHIPPING_ORDER	178602	Sample Shipping Order	Document is a sample shipping order. A sample shipping order isn´t needed for every item (GTIN), but a shipping order can differ from GTIN to GTIN. E.g. in case an item is an organic product the sample shipping order needs to contain the organic product origin number according article 31 of the implementing regulations EG Nr. 889/2008. For non-organic items this information isn´t needed.    	https://ref.gs1.org/voc/ReferencedFileTypeCode	urn:gs1:std:gdsn:c58572829	Sample Shipping Order	Document is a sample shipping order. A sample shipping order isn't needed for every item (GTIN), but a shipping order can differ from GTIN to GTIN. E.g. in case an item is an organic product the sample shipping order needs to contain the organic product origin number according article 31 of the implementing regulations EG Nr. 889/2008. For non-organic items this information isn't needed.    	SAMPLE_SHIPPING_ORDER	True	False		rdf:type + IRI code suffix + JSON sourceId/classId + GDSN codeListName/label
https://ref.gs1.org/voc/ReferencedFileTypeCode-SIDEKICK_IMAGE	urn:gs1:std:gdsn:cv178603	type-and-iri-code	ReferencedFileTypeCode	SIDEKICK_IMAGE	178603	Sidekick image	Retail, consumers, distributors and foodservice operators complete their online transactions using their smart devices. These images may be used to inform a customer of benefits or nutritional claims of a product. This is a supplementary image or graphic, generally used to support the Hero image.	https://ref.gs1.org/voc/ReferencedFileTypeCode	urn:gs1:std:gdsn:c58572829	Sidekick image	Retail, consumers, distributors and foodservice operators complete their online transactions using their smart devices. These images may be used to inform a customer of benefits or nutritional claims of a product. This is a supplementary image or graphic, generally used to support the Hero image.	SIDEKICK_IMAGE	True	False		rdf:type + IRI code suffix + JSON sourceId/classId + GDSN codeListName/label
https://ref.gs1.org/voc/ReferencedFileTypeCode-SOCIAL_MEDIA_IMAGE	urn:gs1:std:gdsn:cv178604	type-and-iri-code	ReferencedFileTypeCode	SOCIAL_MEDIA_IMAGE	178604	Social media image	Trade Item image representing the image the manufacturer is supplying to the consumer to depict the social media associated to the item. This image is being shared on the social media outlet.	https://ref.gs1.org/voc/ReferencedFileTypeCode	urn:gs1:std:gdsn:c58572829	Social media image	Trade Item image representing the image the manufacturer is supplying to the consumer to depict the social media associated to the item. This image is being shared on the social media outlet.	SOCIAL_MEDIA_IMAGE	True	False		rdf:type + IRI code suffix + JSON sourceId/classId + GDSN codeListName/label
https://ref.gs1.org/voc/ReferencedFileTypeCode-SUMMARY_OF_PRODUCT_CHARACTERISTICS	urn:gs1:std:gdsn:cv178605	type-and-iri-code	ReferencedFileTypeCode	SUMMARY_OF_PRODUCT_CHARACTERISTICS	178605	Summary of Product Characteristics	Specific document required before any medicinal product or biocidal product is authorized for marketing.  Example European Commission	https://ref.gs1.org/voc/ReferencedFileTypeCode	urn:gs1:std:gdsn:c58572829	Summary of Product Characteristics	Specific document required before any medicinal product or biocidal product is authorized for marketing.  Example European Commission	SUMMARY_OF_PRODUCT_CHARACTERISTICS	True	False		rdf:type + IRI code suffix + JSON sourceId/classId + GDSN codeListName/label
https://ref.gs1.org/voc/ReferencedFileTypeCode-SUPPLEMENT_FACT_LABEL	urn:gs1:std:gdsn:cv178606	type-and-iri-code	ReferencedFileTypeCode	SUPPLEMENT_FACT_LABEL	178606	Supplement facts label	Link to a file containing a visual representation of the product label containing information related to the supplement or nutrient product. The supplement facts label provides about what active/nutritional ingredients are used in the formula along with dosage recommendations for dietary supplements.	https://ref.gs1.org/voc/ReferencedFileTypeCode	urn:gs1:std:gdsn:c58572829	Supplement facts label	Link to a file containing a visual representation of the product label containing information related to the supplement or nutrient product. The supplement facts label provides about what active/nutritional ingredients are used in the formula along with dosage recommendations for dietary supplements.	SUPPLEMENT_FACT_LABEL	True	False		rdf:type + IRI code suffix + JSON sourceId/classId + GDSN codeListName/label
https://ref.gs1.org/voc/ReferencedFileTypeCode-TECHNICAL_DATA_SHEET	urn:gs1:std:gdsn:cv178607	type-and-iri-code	ReferencedFileTypeCode	TECHNICAL_DATA_SHEET	178607	Technical data sheet	The product specification sheet, created by the manufacturer, summarises the technical characteristics and other properties of the product, relating to technological and commercial purposes. Example: https://dl.gedal.fr/docsgedal/FP/3255290252425.pdf	https://ref.gs1.org/voc/ReferencedFileTypeCode	urn:gs1:std:gdsn:c58572829	Technical data sheet	The product specification sheet, created by the manufacturer, summarises the technical characteristics and other properties of the product, relating to technological and commercial purposes. Example: https://dl.gedal.fr/docsgedal/FP/3255290252425.pdf	TECHNICAL_DATA_SHEET	True	False		rdf:type + IRI code suffix + JSON sourceId/classId + GDSN codeListName/label
https://ref.gs1.org/voc/ReferencedFileTypeCode-TECHNICAL_DRAWING	urn:gs1:std:gdsn:cv178608	type-and-iri-code	ReferencedFileTypeCode	TECHNICAL_DRAWING	178608	Technical Drawing	"A precise and detailed technical drawing of an object, as employed in industries such as engineering, construction, architecture etc. https://en.wikipedia.org/wiki/Engineering_drawing
https://en.wikipedia.org/wiki/Technical_drawing"	https://ref.gs1.org/voc/ReferencedFileTypeCode	urn:gs1:std:gdsn:c58572829	Technical Drawing	A precise and detailed technical drawing of an object, as employed in industries such as engineering, construction, architecture etc. https://en.wikipedia.org/wiki/Engineering_drawing https://en.wikipedia.org/wiki/Technical_drawing	TECHNICAL_DRAWING	True	False		rdf:type + IRI code suffix + JSON sourceId/classId + GDSN codeListName/label
https://ref.gs1.org/voc/ReferencedFileTypeCode-TESTING_METHODOLOGY_RESULTS	urn:gs1:std:gdsn:cv178609	type-and-iri-code	ReferencedFileTypeCode	TESTING_METHODOLOGY_RESULTS	178609	Testing Methodology Results	Document which contains microbiological and physico-chemical findings of the product which are observed during product testing.	https://ref.gs1.org/voc/ReferencedFileTypeCode	urn:gs1:std:gdsn:c58572829	Testing Methodology Results	Document which contains microbiological and physico-chemical findings of the product which are observed during product testing.	TESTING_METHODOLOGY_RESULTS	True	False		rdf:type + IRI code suffix + JSON sourceId/classId + GDSN codeListName/label
https://ref.gs1.org/voc/ReferencedFileTypeCode-TRADE_ITEM_DESCRIPTION	urn:gs1:std:gdsn:cv178610	type-and-iri-code	ReferencedFileTypeCode	TRADE_ITEM_DESCRIPTION	178610	Trade Item Description	Identifies the reference to an external description of a Trade Item. The link (e.g. URL) to the external description. will be in the appropriate attribute	https://ref.gs1.org/voc/ReferencedFileTypeCode	urn:gs1:std:gdsn:c58572829	Trade Item Description	Identifies the reference to an external description of a Trade Item. The link (e.g. URL) to the external description. will be in the appropriate attribute	TRADE_ITEM_DESCRIPTION	True	False		rdf:type + IRI code suffix + JSON sourceId/classId + GDSN codeListName/label
https://ref.gs1.org/voc/ReferencedFileTypeCode-TRADE_ITEM_IMAGE_WITH_DIMENSIONS	urn:gs1:std:gdsn:cv178611	type-and-iri-code	ReferencedFileTypeCode	TRADE_ITEM_IMAGE_WITH_DIMENSIONS	178611	Trade Item Image With Dimensions	Link to a website, file, or image containing the product's image with its dimensions. This especially important for built-in products as ovens and fridges. Ex : http://www.docstoc.com/docs/125126778/GSS-GEW-Food-Savers-Food-Storage-Containers.	https://ref.gs1.org/voc/ReferencedFileTypeCode	urn:gs1:std:gdsn:c58572829	Trade Item Image With Dimensions	Link to a website, file, or image containing the product's image with its dimensions. This especially important for built-in products as ovens and fridges. Ex : http://www.docstoc.com/docs/125126778/GSS-GEW-Food-Savers-Food-Storage-Containers.	TRADE_ITEM_IMAGE_WITH_DIMENSIONS	True	False		rdf:type + IRI code suffix + JSON sourceId/classId + GDSN codeListName/label
https://ref.gs1.org/voc/ReferencedFileTypeCode-VIDEO	urn:gs1:std:gdsn:cv178612	type-and-iri-code	ReferencedFileTypeCode	VIDEO	178612	Video file	Link to a product-related video file. Examples are commercials, trailers, or instructional / how to use video files.	https://ref.gs1.org/voc/ReferencedFileTypeCode	urn:gs1:std:gdsn:c58572829	Video	Link to a file containing a video clip which is relevant to the product. Examples are commercials, trailers, or instructional/ how to use video files.	VIDEO	True	False		rdf:type + IRI code suffix + JSON sourceId/classId + GDSN codeListName/label
https://ref.gs1.org/voc/ReferencedFileTypeCode-VISUAL_VERIFICATION_IMAGE	urn:gs1:std:gdsn:cv178613	type-and-iri-code	ReferencedFileTypeCode	VISUAL_VERIFICATION_IMAGE	178613	Visual verification image	Link to a file containing a visual representation of the product for the purpose of visual verification. Usage may be to examine the trade item master data against the product image. Note these images might not necessarily comply with image standards and may be restricted for a visual verification usage.  	https://ref.gs1.org/voc/ReferencedFileTypeCode	urn:gs1:std:gdsn:c58572829	Visual verification image	Link to a file containing a visual representation of the product for the purpose of visual verification. Usage may be to examine the trade item master data against the product image. Note these images might not necessarily comply with image standards and may be restricted for a visual verification usage.  	VISUAL_VERIFICATION_IMAGE	True	False		rdf:type + IRI code suffix + JSON sourceId/classId + GDSN codeListName/label
https://ref.gs1.org/voc/ReferencedFileTypeCode-WARRANTY_INFORMATION	urn:gs1:std:gdsn:cv178614	type-and-iri-code	ReferencedFileTypeCode	WARRANTY_INFORMATION	178614	Warranty Information	Link to a file with information associated with any guarantee given by a company stating that a product is reliable and free from known defects and that the seller will, without charge, repair or replace defective parts within a given time limit and under certain conditions.	https://ref.gs1.org/voc/ReferencedFileTypeCode	urn:gs1:std:gdsn:c58572829	Warranty Information	Link to a file with information associated with any guarantee given by a company stating that a product is reliable and free from known defects and that the seller will, without charge, repair or replace defective parts within a given time limit and under certain conditions.	WARRANTY_INFORMATION	True	False		rdf:type + IRI code suffix + JSON sourceId/classId + GDSN codeListName/label
https://ref.gs1.org/voc/ReferencedFileTypeCode-WEBSITE	urn:gs1:std:gdsn:cv178615	type-and-iri-code	ReferencedFileTypeCode	WEBSITE	178615	Website	Link to a website containing product or manufacturer information.	https://ref.gs1.org/voc/ReferencedFileTypeCode	urn:gs1:std:gdsn:c58572829	Website	Link to a website containing product or manufacturer information.	WEBSITE	True	False		rdf:type + IRI code suffix + JSON sourceId/classId + GDSN codeListName/label
https://ref.gs1.org/voc/ReferencedFileTypeCode-ZOOM_VIEW	urn:gs1:std:gdsn:cv178616	type-and-iri-code	ReferencedFileTypeCode	ZOOM_VIEW	178616	Zoom View	A picture of a portion of a trade item (e.g., the wheels of a suitcase or the ingredients list of a food trade item). 	https://ref.gs1.org/voc/ReferencedFileTypeCode	urn:gs1:std:gdsn:c58572829	Zoom View	A picture of a portion of a trade item (e.g., the wheels of a suitcase or the ingredients list of a food trade item). 	ZOOM_VIEW	True	False		rdf:type + IRI code suffix + JSON sourceId/classId + GDSN codeListName/label
https://ref.gs1.org/voc/RegulationTypeCode-AEROSOL_REVERSE_EPSILON	urn:gs1:std:gdsn:cv178638	type-and-original-code	RegulationTypeCode	AEROSOL_REVERSE_EPSILON	178638	Aerosol_Reverse Epsilon	"Products complying with all the requirements of the Aerosol Directive are marked with the ""reverse epsilon"" symbol"	https://ref.gs1.org/voc/RegulationTypeCode	urn:gs1:std:gdsn:c-2013489156	Aerosol_Reverse Epsilon	"Products complying with all the requirements of the Aerosol Directive are marked with the ""reverse epsilon"" symbol."	AEROSOL_REVERSE_EPSILON	True	False		rdf:type + originalCodeValue + JSON sourceId/classId + GDSN codeListName/label
https://ref.gs1.org/voc/RegulationTypeCode-AGRICULTURE_PROTECTION_REGULATION	urn:gs1:std:gdsn:cv178639	type-and-original-code	RegulationTypeCode	AGRICULTURE_PROTECTION_REGULATION	178639	Agriculture_Protection Regulation	Products complying with EU Council Directive 91/414/EEC. This directive concerning the placing of plant protection products on the market lays down rules and procedures for approval of the active substances at EU-level and for the authorisation at Member State level of plant protection products (PPPs) containing these substances. This Directive states that substances cannot be used in plant protection products unless they are included in a positive EU list. Once a substance is included in the positive list Member States may authorise the use of products containing them.	https://ref.gs1.org/voc/RegulationTypeCode	urn:gs1:std:gdsn:c-2013489156	Agriculture_Protection Regulation	Products complying with EU Council Directive 91/414/EEC. This directive concerning the placing of plant protection products on the market lays down rules and procedures for approval of the active substances at EU-level and for the authorisation at Member State level of plant protection products (PPPs) containing these substances. This Directive states that substances cannot be used in plant protection products unless they are included in a positive EU list. Once a substance is included in the positive list Member States may authorise the use of products containing them.	AGRICULTURE_PROTECTION_REGULATION	True	False		rdf:type + originalCodeValue + JSON sourceId/classId + GDSN codeListName/label
https://ref.gs1.org/voc/RegulationTypeCode-ANIMAL_ID_HEALTH_MARK	urn:gs1:std:gdsn:cv178640	type-and-original-code	RegulationTypeCode	ANIMAL_ID_HEALTH_MARK	178640	Animal ID Health Mark	Food business operators, in accordance with Regulation (EC) No 853/2004, should ensure that all products of animal origin that they place on the market, bear either a health mark or an identification mark.	https://ref.gs1.org/voc/RegulationTypeCode	urn:gs1:std:gdsn:c-2013489156	Animal ID Health Mark	Food business operators, in accordance with Regulation (EC) No 853/2004, should ensure that all products of animal origin that they place on the market, bear either a health mark or an identification mark.	ANIMAL_ID_HEALTH_MARK	True	False		rdf:type + originalCodeValue + JSON sourceId/classId + GDSN codeListName/label
https://ref.gs1.org/voc/RegulationTypeCode-BATTERY_DIRECTIVE	urn:gs1:std:gdsn:cv178641	type-and-original-code	RegulationTypeCode	BATTERY_DIRECTIVE	178641	Battery Directive	Directive describing the legal requirements on batteries intended to made available on the market provided that such products are labelled, marked or accompanied with commercial documents. Essentially safety and environmental aspects are defined (e.g. obligation of the seller to take batteries back, proscription to throw batteries into the household garbage) for different type of batteries (e.g. batteries used by the end consumer, batteries used in cars). In Germany the law on batteries (BattG) details these rules.	https://ref.gs1.org/voc/RegulationTypeCode	urn:gs1:std:gdsn:c-2013489156	Battery Directive	Directive describing the legal requirements on batteries intended to made available on the market provided that such products are labelled, marked or accompanied with commercial documents. Essentially safety and environmental aspects are defined (e.g. obligation of the seller to take batteries back, proscription to throw batteries into the household garbage) for different type of batteries (e.g. batteries used by the end consumer, batteries used in cars). In Germany the law on batteries (BattG) details these rules.	BATTERY_DIRECTIVE	True	False		rdf:type + originalCodeValue + JSON sourceId/classId + GDSN codeListName/label
https://ref.gs1.org/voc/RegulationTypeCode-BIOCIDE_REGULATION	urn:gs1:std:gdsn:cv178642	type-and-original-code	RegulationTypeCode	BIOCIDE_REGULATION	178642	Biocide Regulation	Regulation (e.g., EU Reg 528/2012) harmonising the rules on making available on the market and using biocidal products whilst ensuring a high level of protection of both human and animal health and the environment. It should not be used for trade items treated with biocidal products ('treated articles').	https://ref.gs1.org/voc/RegulationTypeCode	urn:gs1:std:gdsn:c-2013489156	Biocide Regulation	Regulation (e.g., EU Reg 528/2012) harmonising the rules on making available on the market and using biocidal products whilst ensuring a high level of protection of both human and animal health and the environment. It should not be used for trade items treated with biocidal products ('treated articles').	BIOCIDE_REGULATION	True	False		rdf:type + originalCodeValue + JSON sourceId/classId + GDSN codeListName/label
https://ref.gs1.org/voc/RegulationTypeCode-BPA_REGULATION	urn:gs1:std:gdsn:cv178643	type-and-original-code	RegulationTypeCode	BPA_REGULATION	178643	BPA Regulation 	Indicates the product has a regulatory requirement to show to the consumer that it may or may not contain Bisphenol A (BPA). 	https://ref.gs1.org/voc/RegulationTypeCode	urn:gs1:std:gdsn:c-2013489156	BPA Regulation 	Indicates the product has a regulatory requirement to show to the consumer that it may or may not contain Bisphenol A (BPA). 	BPA_REGULATION	True	False		rdf:type + originalCodeValue + JSON sourceId/classId + GDSN codeListName/label
https://ref.gs1.org/voc/RegulationTypeCode-BUY_AMERICAN_ACT	urn:gs1:std:gdsn:cv178644	type-and-original-code	RegulationTypeCode	BUY_AMERICAN_ACT	178644	Buy American Act	"The Buy American Act - requires the United States government to prefer U.S.-made products in its purchases. This includes the Berry Amendment to the Act in the provisioning of products for the US Government and federal programs like National School Lunch. 
https://en.wikipedia.org/wiki/Buy_American_Act"	https://ref.gs1.org/voc/RegulationTypeCode	urn:gs1:std:gdsn:c-2013489156	Buy American Act	"The Buy American Act - requires the United States government to prefer U.S.-made products in its purchases. This includes the Berry Amendment to the Act in the provisioning of products for the US Government and federal programs like National School Lunch. 
https://en.wikipedia.org/wiki/Buy_American_Act."	BUY_AMERICAN_ACT	True	False		rdf:type + originalCodeValue + JSON sourceId/classId + GDSN codeListName/label
https://ref.gs1.org/voc/RegulationTypeCode-BUY_AMERICAN_PROVISION_USDA	urn:gs1:std:gdsn:cv178645	type-and-original-code	RegulationTypeCode	BUY_AMERICAN_PROVISION_USDA	178645	Buy American Provision USDA	"The Buy American Provision in accordance with the USDA is Section 104(d) of the William F. Goodling Child Nutrition Reauthorization Act of 1998 (Public Law 105-336) added a provision, Section 12(n) to the National School Lunch Act (NSLA) (42 USC 1760(n)), requiring school food authorities (SFAs) to purchase, to the maximum extent practicable, domestic commodities or products. This Buy American provision supports the mission of the Child Nutrition Programs, which is to serve children nutritious meals and support American agriculture. 
https://www.fns.usda.gov/school-meals/compliance-enforcement-buy-american"	https://ref.gs1.org/voc/RegulationTypeCode	urn:gs1:std:gdsn:c-2013489156	Buy American Provision USDA	"The Buy American Provision in accordance with the USDA is Section 104(d) of the William F. Goodling Child Nutrition Reauthorization Act of 1998 (Public Law 105-336) added a provision, Section 12(n) to the National School Lunch Act (NSLA) (42 USC 1760(n)), requiring school food authorities (SFAs) to purchase, to the maximum extent practicable, domestic commodities or products. This Buy American provision supports the mission of the Child Nutrition Programs, which is to serve children nutritious meals and support American agriculture. 
https://www.fns.usda.gov/school-meals/compliance-enforcement-buy-american."	BUY_AMERICAN_PROVISION_USDA	True	False		rdf:type + originalCodeValue + JSON sourceId/classId + GDSN codeListName/label
https://ref.gs1.org/voc/RegulationTypeCode-CE	urn:gs1:std:gdsn:cv178646	type-and-original-code	RegulationTypeCode	CE	178646	CE	The CE marking is the manufacturer's, distributor's or EU authorised representative's declaration that the product meets EU standards for health, safety, protection of consumers and environmental protection in accordance with the regulation. The CE mark indicates that the product may be sold freely in any part of the European Economic Area, regardless of its country of origin. The mark consists of the CE logo and, if applicable, the four-digit identification number of the notified body involved in the conformity assessment procedure.	https://ref.gs1.org/voc/RegulationTypeCode	urn:gs1:std:gdsn:c-2013489156	CE	The CE marking is the manufacturer's, distributor's or EU authorised representative's declaration that the product meets EU standards for health, safety, protection of consumers and environmental protection in accordance with the regulation. The CE mark indicates that the product may be sold freely in any part of the European Economic Area, regardless of its country of origin. The mark consists of the CE logo and, if applicable, the four-digit identification number of the notified body involved in the conformity assessment procedure.	CE	True	False		rdf:type + originalCodeValue + JSON sourceId/classId + GDSN codeListName/label
https://ref.gs1.org/voc/RegulationTypeCode-COMPLIANT_WITH_FAIR_LABOR_STANDARDS_ACT	urn:gs1:std:gdsn:cv178647	type-and-original-code	RegulationTypeCode	COMPLIANT_WITH_FAIR_LABOR_STANDARDS_ACT	178647	Compliant With Fair Labor Standards Act	"The FLSA established a national minimum wage guaranteed 'time-and-a-half' for overtime in certain jobs, and prohibited most employment of minors in ""oppressive child labor,"" a term that is defined in the statute. It applies to employees engaged in interstate commerce or employed by an enterprise engaged in commerce or in the production of goods for commerce, unless the employer can claim an exemption from coverage."	https://ref.gs1.org/voc/RegulationTypeCode	urn:gs1:std:gdsn:c-2013489156	Compliant With Fair Labor Standards Act	"The FLSA established a national minimum wage guaranteed 'time-and-a-half' for overtime in certain jobs, and prohibited most employment of minors in ""oppressive child labor,"" a term that is defined in the statute. It applies to employees engaged in interstate commerce or employed by an enterprise engaged in commerce or in the production of goods for commerce, unless the employer can claim an exemption from coverage."	COMPLIANT_WITH_FAIR_LABOR_STANDARDS_ACT	True	False		rdf:type + originalCodeValue + JSON sourceId/classId + GDSN codeListName/label
https://ref.gs1.org/voc/RegulationTypeCode-COMPLIANT_WITH_FLAMMABILITY_ACT	urn:gs1:std:gdsn:cv178648	type-and-original-code	RegulationTypeCode	COMPLIANT_WITH_FLAMMABILITY_ACT	178648	Compliant With Flammability Act	Compliant With Flammability Act	https://ref.gs1.org/voc/RegulationTypeCode	urn:gs1:std:gdsn:c-2013489156	Compliant With Flammability Act	Compliant With Flammability Act.	COMPLIANT_WITH_FLAMMABILITY_ACT	True	False		rdf:type + originalCodeValue + JSON sourceId/classId + GDSN codeListName/label
https://ref.gs1.org/voc/RegulationTypeCode-COMPLIANT_WITH_FUR_PRODUCT_LABELING_ACT	urn:gs1:std:gdsn:cv178649	type-and-original-code	RegulationTypeCode	COMPLIANT_WITH_FUR_PRODUCT_LABELING_ACT	178649	Compliant With Fur Product Labeling Act	Requires the country of origin of imported furs to be disclosed on all labels and in all advertising	https://ref.gs1.org/voc/RegulationTypeCode	urn:gs1:std:gdsn:c-2013489156	Compliant With Fur Product Labeling Act	Requires the country of origin of imported furs to be disclosed on all labels and in all advertising.	COMPLIANT_WITH_FUR_PRODUCT_LABELING_ACT	True	False		rdf:type + originalCodeValue + JSON sourceId/classId + GDSN codeListName/label
https://ref.gs1.org/voc/RegulationTypeCode-COMPLIANT_WITH_STATE_ENVIRONMENT_REQUIREMENTS	urn:gs1:std:gdsn:cv178650	type-and-original-code	RegulationTypeCode	COMPLIANT_WITH_STATE_ENVIRONMENT_REQUIREMENTS	178650	Compliant With State Environment Requirements	NOT AVAILABLE	https://ref.gs1.org/voc/RegulationTypeCode	urn:gs1:std:gdsn:c-2013489156	Compliant With State Environment Requirements	NOT AVAILABLE	COMPLIANT_WITH_STATE_ENVIRONMENT_REQUIREMENTS	True	False		rdf:type + originalCodeValue + JSON sourceId/classId + GDSN codeListName/label
https://ref.gs1.org/voc/RegulationTypeCode-COMPLIANT_WITH_TEXTILE_FIBER_PRODUCT_IDENTIFICATION	urn:gs1:std:gdsn:cv178651	type-and-original-code	RegulationTypeCode	COMPLIANT_WITH_TEXTILE_FIBER_PRODUCT_IDENTIFICATION	178651	Compliant With Textile Fiber Product Identification	A US regulation regarding the advertising and labelling of textile fibre products.	https://ref.gs1.org/voc/RegulationTypeCode	urn:gs1:std:gdsn:c-2013489156	Compliant With Textile Fiber Product Identification	A US regulation regarding the advertising and labelling of textile fibre products.	COMPLIANT_WITH_TEXTILE_FIBER_PRODUCT_IDENTIFICATION	True	False		rdf:type + originalCodeValue + JSON sourceId/classId + GDSN codeListName/label
https://ref.gs1.org/voc/RegulationTypeCode-COMPLIANT_WITH_WOOL_PRODUCTS_LABELING_ACT	urn:gs1:std:gdsn:cv178652	type-and-original-code	RegulationTypeCode	COMPLIANT_WITH_WOOL_PRODUCTS_LABELING_ACT	178652	Compliant With Wool Products Labeling Act	A US regulation that requires anyone who manufacturers or sells products containing wool to accurately label each item with the fibre content and origin	https://ref.gs1.org/voc/RegulationTypeCode	urn:gs1:std:gdsn:c-2013489156	Compliant With Wool Products Labeling Act	A US regulation that requires anyone who manufacturers or sells products containing wool to accurately label each item with the fibre content and origin.	COMPLIANT_WITH_WOOL_PRODUCTS_LABELING_ACT	True	False		rdf:type + originalCodeValue + JSON sourceId/classId + GDSN codeListName/label
https://ref.gs1.org/voc/RegulationTypeCode-CONSUMER_PRODUCT_SAFETY	urn:gs1:std:gdsn:cv178653	type-and-original-code	RegulationTypeCode	CONSUMER_PRODUCT_SAFETY	178653	Consumer product safety	Regulation ensuring that products placed on the market are safe for consumer use, enhancing market surveillance and traceability, and introducing clear obligations for economic operators to prevent and manage product risks. E.g., EU Regulation 2023/988, or regulations from the Consumer Product Safety Commission in the US.	https://ref.gs1.org/voc/RegulationTypeCode	urn:gs1:std:gdsn:c-2013489156	Consumer_Product Safety	A regulation concerning consumer product safety when a government regulates certain products for safety like child car seats, baby cribs etc., For example in the US Consumer Product Safety Commission (CPSC): official Federal Agency including recalls, reports, alerts about products regulated. 	CONSUMER_PRODUCT_SAFETY	True	False		rdf:type + originalCodeValue + JSON sourceId/classId + GDSN codeListName/label
https://ref.gs1.org/voc/RegulationTypeCode-CONTAINS_COMPOSITE_WOOD	urn:gs1:std:gdsn:cv178654	type-and-original-code	RegulationTypeCode	CONTAINS_COMPOSITE_WOOD	178654	Contains Composite Wood	Describes that the trade item or packaging contains composite wood that falls under regulatory menas due to chemicals used in process to create the wood, such as Formaldehyde  has both cancer and noncancer-causing effects on human health. For example:  California Air Resources Board is a department of the California Environmental Protection Agency. CARB’s mission, US EPA. https://www.epa.gov/formaldehyde .	https://ref.gs1.org/voc/RegulationTypeCode	urn:gs1:std:gdsn:c-2013489156	Contains Composite Wood	Describes that the trade item or packaging contains composite wood that falls under regulatory menas due to chemicals used in process to create the wood, such as Formaldehyde  has both cancer and noncancer-causing effects on human health. For example:  California Air Resources Board is a department of the California Environmental Protection Agency. CARB's mission, US EPA. https://www.epa.gov/formaldehyde .	CONTAINS_COMPOSITE_WOOD	True	False		rdf:type + originalCodeValue + JSON sourceId/classId + GDSN codeListName/label
https://ref.gs1.org/voc/RegulationTypeCode-COSMETIC_INFORMATION_REGULATION	urn:gs1:std:gdsn:cv178655	type-and-original-code	RegulationTypeCode	COSMETIC_INFORMATION_REGULATION	178655	Cosmetic_Information Regulation	Regulation (EU Reg 1223/2009) establishing rules to be complied with any cosmetic product made available on the market, a high level of protection of human health and a high degree of protection of the environment. These rules include the necessity to indicate allergens and the displaying of the ingredients used in the product.	https://ref.gs1.org/voc/RegulationTypeCode	urn:gs1:std:gdsn:c-2013489156	Cosmetic_Information Regulation	Regulation (EU Reg 1223/2009) establishing rules to be complied with any cosmetic product made available on the market, a high level of protection of human health and a high degree of protection of the environment. These rules include the necessity to indicate allergens and the displaying of the ingredients used in the product.	COSMETIC_INFORMATION_REGULATION	True	False		rdf:type + originalCodeValue + JSON sourceId/classId + GDSN codeListName/label
https://ref.gs1.org/voc/RegulationTypeCode-DECLARATION_OF_PERFORMANCE_REQUIRED	urn:gs1:std:gdsn:cv178656	type-and-original-code	RegulationTypeCode	DECLARATION_OF_PERFORMANCE_REQUIRED	178656	Declaration of performance (DOP) required	A Declaration Of Performance (DOP) is legally required. See target market regulations for applicability.	https://ref.gs1.org/voc/RegulationTypeCode	urn:gs1:std:gdsn:c-2013489156	Declaration of performance (DOP) required	A Declaration Of Performance (DOP) is legally required. See target market regulations for applicability.	DECLARATION_OF_PERFORMANCE_REQUIRED	True	False		rdf:type + originalCodeValue + JSON sourceId/classId + GDSN codeListName/label
https://ref.gs1.org/voc/RegulationTypeCode-DEFORESTATION_REGULATION	urn:gs1:std:gdsn:cv180949	type-and-original-code	RegulationTypeCode	DEFORESTATION_REGULATION	180949	Deforestation regulation	Regulation minimising the contribution to deforestation and forest degradation worldwide, and thereby contributing to a reduction in global deforestation; reducing the contribution to greenhouse gas emissions and global biodiversity loss (e.g., EU regulation 2023/1115).	https://ref.gs1.org/voc/RegulationTypeCode	urn:gs1:std:gdsn:c-2013489156	Deforestation regulation	Regulation minimising the contribution to deforestation and forest degradation worldwide, and thereby contributing to a reduction in global deforestation; reducing the contribution to greenhouse gas emissions and global biodiversity loss (e.g., EU regulation 2023/1115).	DEFORESTATION_REGULATION	True	False		rdf:type + originalCodeValue + JSON sourceId/classId + GDSN codeListName/label
https://ref.gs1.org/voc/RegulationTypeCode-DETERGENTS_SAFETY_REGULATION	urn:gs1:std:gdsn:cv178657	type-and-original-code	RegulationTypeCode	DETERGENTS_SAFETY_REGULATION	178657	Detergents_Safety Regulation	Regulation  establishing rules designed to achieve the free movement of detergents and surfactants for detergents in the market while, at the same time, ensuring a high degree of protection of the environment and human health. For example (EU Reg 648/2004) 	https://ref.gs1.org/voc/RegulationTypeCode	urn:gs1:std:gdsn:c-2013489156	Detergents_Safety Regulation	Regulation  establishing rules designed to achieve the free movement of detergents and surfactants for detergents in the market while, at the same time, ensuring a high degree of protection of the environment and human health. For example (EU Reg 648/2004) 	DETERGENTS_SAFETY_REGULATION	True	False		rdf:type + originalCodeValue + JSON sourceId/classId + GDSN codeListName/label
https://ref.gs1.org/voc/RegulationTypeCode-EFFICIENCY_OF_LAMPS_LUMINARIES	urn:gs1:std:gdsn:cv178659	type-and-original-code	RegulationTypeCode	EFFICIENCY_OF_LAMPS_LUMINARIES	178659	Efficiency of Lamps Luminaries	A directive defining the energy labeling of electrical lamps and luminaires (e.g. EU Reg 874/2012). This directive deals with environmental aspects as the electricity used by electrical lamps accounts for a significant share of total electricity demand.	https://ref.gs1.org/voc/RegulationTypeCode	urn:gs1:std:gdsn:c-2013489156	Efficiency of Lamps Luminaries	A directive defining the energy labeling of electrical lamps and luminaires (e.g. EU Reg 874/2012). This directive deals with environmental aspects as the electricity used by electrical lamps accounts for a significant share of total electricity demand.	EFFICIENCY_OF_LAMPS_LUMINARIES	True	False		rdf:type + originalCodeValue + JSON sourceId/classId + GDSN codeListName/label
https://ref.gs1.org/voc/RegulationTypeCode-EMC_DIRECTIVE	urn:gs1:std:gdsn:cv178660	type-and-original-code	RegulationTypeCode	EMC_DIRECTIVE	178660	EMC Directive	The main objective of the Directive 2004/108/EC of the European Council, of 15 December 2004, is to regulate the compatibility of equipment regarding EMC (Electromagnetic Compatibility).	https://ref.gs1.org/voc/RegulationTypeCode	urn:gs1:std:gdsn:c-2013489156	EMC Directive	The main objective of the Directive 2004/108/EC of the European Council, of 15 December 2004, is to regulate the compatibility of equipment regarding EMC (Electromagnetic Compatibility).	EMC_DIRECTIVE	True	False		rdf:type + originalCodeValue + JSON sourceId/classId + GDSN codeListName/label
https://ref.gs1.org/voc/RegulationTypeCode-ENCLOSED_ATTACHED_INFORMATION	urn:gs1:std:gdsn:cv178661	type-and-original-code	RegulationTypeCode	ENCLOSED_ATTACHED_INFORMATION	178661	Enclosed Attached Information	Indicates the product contains enclosed or attached information available for regulatory compliance where applicable.	https://ref.gs1.org/voc/RegulationTypeCode	urn:gs1:std:gdsn:c-2013489156	Enclosed Attached Information	Indicates the product contains enclosed or attached information available for regulatory compliance where applicable.	ENCLOSED_ATTACHED_INFORMATION	True	False		rdf:type + originalCodeValue + JSON sourceId/classId + GDSN codeListName/label
https://ref.gs1.org/voc/RegulationTypeCode-ENERGY_GUIDE_LABEL_REQUIRED	urn:gs1:std:gdsn:cv178662	type-and-original-code	RegulationTypeCode	ENERGY_GUIDE_LABEL_REQUIRED	178662	Energy Guide Label Required	A code that indicates that a trade item is in compliance with energy efficiency guide and is labelled as such.	https://ref.gs1.org/voc/RegulationTypeCode	urn:gs1:std:gdsn:c-2013489156	Energy Guide Label Required	A code indicating that a trade item is in compliance with energy efficiency guide and is labelled as such.	ENERGY_GUIDE_LABEL_REQUIRED	True	False		rdf:type + originalCodeValue + JSON sourceId/classId + GDSN codeListName/label
https://ref.gs1.org/voc/RegulationTypeCode-EU_REGULATION_FOR_FOODSTUFF	urn:gs1:std:gdsn:cv178663	type-and-original-code	RegulationTypeCode	EU_REGULATION_FOR_FOODSTUFF	178663	EU Regulation Label Required	"Regulation (EC) No 178/2002 of the European Parliament and of the Council of 28 January 2002 laying down the general principles and requirements of food law, establishing the European Food Safety Authority and laying down procedures in matters of food safety. 
For the purposes of this Regulation, ""food"" (or ""foodstuff"") means any substance or product, whether processed, partially processed or unprocessed, intended to be, or reasonably expected to be ingested by humans. ""Food"" includes: drink, chewing gum and any substance, including water, intentionally incorporated into the food during its manufacture, preparation or treatment. It includes water after the point of compliance."	https://ref.gs1.org/voc/RegulationTypeCode	urn:gs1:std:gdsn:c-2013489156	EU Regulation Label Required	"Regulation (EC) No 178/2002 of the European Parliament and of the Council of 28 January 2002 laying down the general principles and requirements of food law, establishing the European Food Safety Authority and laying down procedures in matters of food safety. 
For the purposes of this Regulation, ""food"" (or ""foodstuff"") means any substance or product, whether processed, partially processed or unprocessed, intended to be, or reasonably expected to be ingested by humans. ""Food"" includes: drink, chewing gum and any substance, including water, intentionally incorporated into the food during its manufacture, preparation or treatment. It includes water after the point of compliance."	EU_REGULATION_FOR_FOODSTUFF	True	False		rdf:type + originalCodeValue + JSON sourceId/classId + GDSN codeListName/label
https://ref.gs1.org/voc/RegulationTypeCode-EXPLOSIVES_PRECURSORS_REGISTRATION	urn:gs1:std:gdsn:cv178664	type-and-original-code	RegulationTypeCode	EXPLOSIVES_PRECURSORS_REGISTRATION	178664	Restricted explosive precursors	The product is concerned with the marketing and use of explosives precursors and must be registered by the economic operator. Explosives precursors are chemical substances that can be used for legitimate purposes, but that can also be misused to manufacture homemade explosives. For example restricted explosive precursors listed in Annex I of the Regulation (EU) No 2019/1148.	https://ref.gs1.org/voc/RegulationTypeCode	urn:gs1:std:gdsn:c-2013489156	Restricted explosive precursors	The product is concerned with the marketing and use of explosives precursors and must be registered by the economic operator. Explosives precursors are chemical substances that can be used for legitimate purposes, but that can also be misused to manufacture homemade explosives. For example restricted explosive precursors listed in Annex I of the Regulation (EU) No 2019/1148.	EXPLOSIVES_PRECURSORS_REGISTRATION	True	False		rdf:type + originalCodeValue + JSON sourceId/classId + GDSN codeListName/label
https://ref.gs1.org/voc/RegulationTypeCode-EXPLOSIVES_PRECURSORS_REPORTING	urn:gs1:std:gdsn:cv178665	type-and-original-code	RegulationTypeCode	EXPLOSIVES_PRECURSORS_REPORTING	178665	Reportable explosive precursors	The product is concerned with the marketing and use of explosives precursors and must be reported by the economic operator. Explosives precursors are chemical substances that can be used for legitimate purposes, but that can also be misused to manufacture homemade explosives. For example reportable explosive precursors listed in Annex II of the Regulation (EU) No 2019/1148.	https://ref.gs1.org/voc/RegulationTypeCode	urn:gs1:std:gdsn:c-2013489156	Reportable explosive precursors	The product is concerned with the marketing and use of explosives precursors and must be reported by the economic operator. Explosives precursors are chemical substances that can be used for legitimate purposes, but that can also be misused to manufacture homemade explosives. For example reportable explosive precursors listed in Annex II of the Regulation (EU) No 2019/1148.	EXPLOSIVES_PRECURSORS_REPORTING	True	False		rdf:type + originalCodeValue + JSON sourceId/classId + GDSN codeListName/label
https://ref.gs1.org/voc/RegulationTypeCode-E_MARK	urn:gs1:std:gdsn:cv178658	type-and-original-code	RegulationTypeCode	E_MARK	178658	E-mark	"The Estimated Sign (℮) (also referred to as ""e-mark"") is a mark that sometimes can be found on pre-packed goods in Europe. The e-mark indicates that the packaging is filled according to the European Directive 76/211/EEC."	https://ref.gs1.org/voc/RegulationTypeCode	urn:gs1:std:gdsn:c-2013489156	E-mark	"The Estimated Sign (℮) (also referred to as ""e-mark"") is a mark that sometimes can be found on pre-packed goods in Europe. The e-mark indicates that the packaging is filled according to the European Directive 76/211/EEC."	E_MARK	True	False		rdf:type + originalCodeValue + JSON sourceId/classId + GDSN codeListName/label
https://ref.gs1.org/voc/RegulationTypeCode-FEED_SAFETY_REGULATION	urn:gs1:std:gdsn:cv178666	type-and-original-code	RegulationTypeCode	FEED_SAFETY_REGULATION	178666	Feed_Safety Regulation	Regulation (EU Reg 767/2009) to harmonise the conditions for the placing on the market and the use of feed, in order to ensure a high level of feed safety and thus a high level of protection of public health, as well as to provide adequate information for users and consumers. 	https://ref.gs1.org/voc/RegulationTypeCode	urn:gs1:std:gdsn:c-2013489156	Feed_Safety Regulation	Regulation (EU Reg 767/2009) to harmonise the conditions for the placing on the market and the use of feed, in order to ensure a high level of feed safety and thus a high level of protection of public health, as well as to provide adequate information for users and consumers. 	FEED_SAFETY_REGULATION	True	False		rdf:type + originalCodeValue + JSON sourceId/classId + GDSN codeListName/label
https://ref.gs1.org/voc/RegulationTypeCode-FOOD_FOR_SPECIAL_PURPOSES	urn:gs1:std:gdsn:cv178667	type-and-original-code	RegulationTypeCode	FOOD_FOR_SPECIAL_PURPOSES	178667	Food For Special Purposes	Regulation providing the basis for the assurance of a high level of consumer protection in relation to specialized food like food for infants and young children, food for special medical purposes, and total diet replacement for weight control (e.g. EU Reg 609/2013).	https://ref.gs1.org/voc/RegulationTypeCode	urn:gs1:std:gdsn:c-2013489156	Food For Special Purposes	Regulation providing the basis for the assurance of a high level of consumer protection in relation to specialized food like food for infants and young children, food for special medical purposes, and total diet replacement for weight control (e.g. EU Reg 609/2013).	FOOD_FOR_SPECIAL_PURPOSES	True	False		rdf:type + originalCodeValue + JSON sourceId/classId + GDSN codeListName/label
https://ref.gs1.org/voc/RegulationTypeCode-FOOD_INFORMATION_REGULATION	urn:gs1:std:gdsn:cv178668	type-and-original-code	RegulationTypeCode	FOOD_INFORMATION_REGULATION	178668	Food_Information Regulation	Regulation providing the basis for the assurance of a high level of consumer protection in relation to food information, taking into account the differences in the perception of consumers and their information needs whilst ensuring the smooth functioning of the market. General principles, requirements and responsibilities governing food information, and in particular food labelling rules are established (e.g. EU regulation 1169 / 2011). These rules include the necessity to indicate allergens, the responsible food business operator, the name of the food, the displaying of the ingredients used additives.	https://ref.gs1.org/voc/RegulationTypeCode	urn:gs1:std:gdsn:c-2013489156	Food_Information Regulation	Regulation providing the basis for the assurance of a high level of consumer protection in relation to food information, taking into account the differences in the perception of consumers and their information needs whilst ensuring the smooth functioning of the market. General principles, requirements and responsibilities governing food information, and in particular food labelling rules are established (e.g. EU regulation 1169 / 2011). These rules include the necessity to indicate allergens, the responsible food business operator, the name of the food, the displaying of the ingredients used additives.	FOOD_INFORMATION_REGULATION	True	False		rdf:type + originalCodeValue + JSON sourceId/classId + GDSN codeListName/label
https://ref.gs1.org/voc/RegulationTypeCode-FOOD_LABELLING_UNDER_2_YEARS_OF_AGE	urn:gs1:std:gdsn:cv178669	type-and-original-code	RegulationTypeCode	FOOD_LABELLING_UNDER_2_YEARS_OF_AGE	178669	Food Labelling Under 2 Years of Age	Foods, other than infant formula, represented or purported to be specifically for infants and children less than 2 years of age shall bear nutrition labelling.	https://ref.gs1.org/voc/RegulationTypeCode	urn:gs1:std:gdsn:c-2013489156	Food Labelling Under 2 Years of Age	Foods, other than infant formula, represented or purported to be specifically for infants and children less than 2 years of age shall bear nutrition labelling.	FOOD_LABELLING_UNDER_2_YEARS_OF_AGE	True	False		rdf:type + originalCodeValue + JSON sourceId/classId + GDSN codeListName/label
https://ref.gs1.org/voc/RegulationTypeCode-FOOD_LABELLING_UNDER_4_YEARS_OF_AGE	urn:gs1:std:gdsn:cv178670	type-and-original-code	RegulationTypeCode	FOOD_LABELLING_UNDER_4_YEARS_OF_AGE	178670	Food Labelling Under 4 Years of Age	Foods, other than infant formula, represented or purported to be specifically for infants and children less than 4 years of age shall bear nutrition labelling.	https://ref.gs1.org/voc/RegulationTypeCode	urn:gs1:std:gdsn:c-2013489156	Food Labelling Under 4 Years of Age	Foods, other than infant formula, represented or purported to be specifically for infants and children less than 4 years of age shall bear nutrition labelling.	FOOD_LABELLING_UNDER_4_YEARS_OF_AGE	True	False		rdf:type + originalCodeValue + JSON sourceId/classId + GDSN codeListName/label
https://ref.gs1.org/voc/RegulationTypeCode-FOOD_SUPPLEMENT_DIRECTIVE	urn:gs1:std:gdsn:cv178671	type-and-original-code	RegulationTypeCode	FOOD_SUPPLEMENT_DIRECTIVE	178671	Food_Supplement Directive	Food supplements (EU directive 2002/46/EC) marketed as foodstuffs and presented as such. These products shall be delivered to the ultimate consumer only in a pre-packaged form. Consumer health and safety aspects are in focus as well as to provide adequate information on how to use the product properly. 	https://ref.gs1.org/voc/RegulationTypeCode	urn:gs1:std:gdsn:c-2013489156	Food_Supplement Directive	Food supplements (EU directive 2002/46/EC) marketed as foodstuffs and presented as such. These products shall be delivered to the ultimate consumer only in a pre-packaged form. Consumer health and safety aspects are in focus as well as to provide adequate information on how to use the product properly. 	FOOD_SUPPLEMENT_DIRECTIVE	True	False		rdf:type + originalCodeValue + JSON sourceId/classId + GDSN codeListName/label
https://ref.gs1.org/voc/RegulationTypeCode-FREE_PHARMACEUTICAL_PRODUCTS_DIRECTIVE	urn:gs1:std:gdsn:cv178672	type-and-original-code	RegulationTypeCode	FREE_PHARMACEUTICAL_PRODUCTS_DIRECTIVE	178672	Free Pharmaceutical Products Directive	Directive describing the legal requirements on pharmaceutical products which are commercially available and intended to made available on the market provided that such products are labelled, marked or accompanied with commercial documents. General Consumer safety aspects are in focus like the dosage form linked with an application instruction (e.g. Do not use with alcohol). In Germany the law on medical products (AMG) details these rules.	https://ref.gs1.org/voc/RegulationTypeCode	urn:gs1:std:gdsn:c-2013489156	Free Pharmaceutical Products Directive	Directive describing the legal requirements on pharmaceutical products which are commercially available and intended to made available on the market provided that such products are labelled, marked or accompanied with commercial documents. General Consumer safety aspects are in focus like the dosage form linked with an application instruction (e.g. Do not use with alcohol). In Germany the law on medical products (AMG) details these rules.	FREE_PHARMACEUTICAL_PRODUCTS_DIRECTIVE	True	False		rdf:type + originalCodeValue + JSON sourceId/classId + GDSN codeListName/label
https://ref.gs1.org/voc/RegulationTypeCode-FRENCH_SPARE_PARTS_REGULATION	urn:gs1:std:gdsn:cv178673	type-and-original-code	RegulationTypeCode	FRENCH_SPARE_PARTS_REGULATION	178673	French Spare Parts Regulation	Decree No. 2014-1482 of 9 December 2014 on the information and supply obligations concerning spare parts indispensable for the use of a good 	https://ref.gs1.org/voc/RegulationTypeCode	urn:gs1:std:gdsn:c-2013489156	French Spare Parts Regulation	Decree No. 2014-1482 of 9 December 2014 on the information and supply obligations concerning spare parts indispensable for the use of a good 	FRENCH_SPARE_PARTS_REGULATION	True	False		rdf:type + originalCodeValue + JSON sourceId/classId + GDSN codeListName/label
https://ref.gs1.org/voc/RegulationTypeCode-HAZARDS_CLASSIFICATION_LABELLING_REGULATION	urn:gs1:std:gdsn:cv178674	type-and-original-code	RegulationTypeCode	HAZARDS_CLASSIFICATION_LABELLING_REGULATION	178674	Hazards classification, labelling and packaging regulation	Regulation providing the basis to ensure that workers and consumers are clearly informed of the hazards associated with chemicals by means of a system of classification and labelling. The aim is to ensure that the same hazards are described and labelled in the same way in all concerned countries (e.g. Regulation (EC) No 1272/2008 of the European Parliament and of the Council of 16 December 2008 on Classification, Labelling and Packaging (CLP) of substances and mixtures).	https://ref.gs1.org/voc/RegulationTypeCode	urn:gs1:std:gdsn:c-2013489156	Hazards classification, labelling and packaging regulation	Regulation providing the basis to ensure that workers and consumers are clearly informed of the hazards associated with chemicals by means of a system of classification and labelling. The aim is to ensure that the same hazards are described and labelled in the same way in all concerned countries (e.g. Regulation (EC) No 1272/2008 of the European Parliament and of the Council of 16 December 2008 on Classification, Labelling and Packaging (CLP) of substances and mixtures).	HAZARDS_CLASSIFICATION_LABELLING_REGULATION	True	False		rdf:type + originalCodeValue + JSON sourceId/classId + GDSN codeListName/label
https://ref.gs1.org/voc/RegulationTypeCode-HERBICIDE_REGULATION	urn:gs1:std:gdsn:cv178675	type-and-original-code	RegulationTypeCode	HERBICIDE_REGULATION	178675	Herbicide Regulation	The item is a substance used to control unwanted plants that are subject to regulation.	https://ref.gs1.org/voc/RegulationTypeCode	urn:gs1:std:gdsn:c-2013489156	Herbicide Regulation	The item is a substance used to control unwanted plants that are subject to regulation.	HERBICIDE_REGULATION	True	False		rdf:type + originalCodeValue + JSON sourceId/classId + GDSN codeListName/label
https://ref.gs1.org/voc/RegulationTypeCode-INFANT_FORMULA_LABELLING	urn:gs1:std:gdsn:cv178676	type-and-original-code	RegulationTypeCode	INFANT_FORMULA_LABELLING	178676	Infant formula Labelling	Infant formula except foods, shall be labelled in compliance with regulations.	https://ref.gs1.org/voc/RegulationTypeCode	urn:gs1:std:gdsn:c-2013489156	Infant formula Labelling	Infant formula except foods, shall be labelled in compliance with regulations.	INFANT_FORMULA_LABELLING	True	False		rdf:type + originalCodeValue + JSON sourceId/classId + GDSN codeListName/label
https://ref.gs1.org/voc/RegulationTypeCode-INTENDED_TO_COME_INTO_CONTACT_WITH_FOOD	urn:gs1:std:gdsn:cv178677	type-and-original-code	RegulationTypeCode	INTENDED_TO_COME_INTO_CONTACT_WITH_FOOD	178677	Intended to Come Into Contact with Food	Requires that food contact materials a re safe; Must not transfer their components into food in quantities that could endanger human health, change food composition in an unacceptable way or deteriorate its taste and odour. Are manufactured according to good manufacturing practice.	https://ref.gs1.org/voc/RegulationTypeCode	urn:gs1:std:gdsn:c-2013489156	Intended to Come Into Contact with Food	Requires that food contact materials a re safe; Must not transfer their components into food in quantities that could endanger human health, change food composition in an unacceptable way or deteriorate its taste and odour. Are manufactured according to good manufacturing practice.	INTENDED_TO_COME_INTO_CONTACT_WITH_FOOD	True	False		rdf:type + originalCodeValue + JSON sourceId/classId + GDSN codeListName/label
https://ref.gs1.org/voc/RegulationTypeCode-LVD_DIRECTIVE	urn:gs1:std:gdsn:cv178678	type-and-original-code	RegulationTypeCode	LVD_DIRECTIVE	178678	LVD Directive	The Low Voltage Directive (LVD) 2006/95/EC provides common broad objectives for safety regulations, so that electrical equipment approved by any EU member country will be acceptable for use in all other EU countries. The Low Voltage Directive does not supply any specific technical standards that must be met, instead relying on IEC technical standards to guide designers to produce safe products. Products that conform to the general principles of the Low Voltage Directive and the relevant particular safety standards are marked with the CE marking to indicate compliance and acceptance throughout the EU. Conformance is asserted by the manufacturer based on its conformity assessment.	https://ref.gs1.org/voc/RegulationTypeCode	urn:gs1:std:gdsn:c-2013489156	LVD Directive	The Low Voltage Directive (LVD) 2006/95/EC provides common broad objectives for safety regulations, so that electrical equipment approved by any EU member country will be acceptable for use in all other EU countries. The Low Voltage Directive does not supply any specific technical standards that must be met, instead relying on IEC technical standards to guide designers to produce safe products. Products that conform to the general principles of the Low Voltage Directive and the relevant particular safety standards are marked with the CE marking to indicate compliance and acceptance throughout the EU. Conformance is asserted by the manufacturer based on its conformity assessment.	LVD_DIRECTIVE	True	False		rdf:type + originalCodeValue + JSON sourceId/classId + GDSN codeListName/label
https://ref.gs1.org/voc/RegulationTypeCode-MARKET_AUTHORISATION	urn:gs1:std:gdsn:cv178679	type-and-original-code	RegulationTypeCode	MARKET_AUTHORISATION	178679	Market Authorisation	The trade item has been authorised to be sold by a regulatory agency to be distributed in a market.	https://ref.gs1.org/voc/RegulationTypeCode	urn:gs1:std:gdsn:c-2013489156	Market Authorisation	The trade item has been authorised to be sold by a regulatory agency to be distributed in a market.	MARKET_AUTHORISATION	True	False		rdf:type + originalCodeValue + JSON sourceId/classId + GDSN codeListName/label
https://ref.gs1.org/voc/RegulationTypeCode-MEDICAL_DEVICE_SAFETY	urn:gs1:std:gdsn:cv178680	type-and-original-code	RegulationTypeCode	MEDICAL_DEVICE_SAFETY	178680	Medical_Device Safety	"A directive establishing common rules on the safety, health protection and performance characteristics of medical devices in order to provide the safety and health protection of patients, users and, where appropriate, other persons, with regard to the use of medical devices ((e.g. Medical Device Regulation (EU) 2017/745) and in-vitro diagnostic devices (e.g. In vitro Diagnostic Device Regulation (EU) 2017/746)).
"	https://ref.gs1.org/voc/RegulationTypeCode	urn:gs1:std:gdsn:c-2013489156	Medical_Device Safety	"A directive establishing common rules on the safety, health protection and performance characteristics of medical devices in order to provide the safety and health protection of patients, users and, where appropriate, other persons, with regard to the use of medical devices ((e.g. Medical Device Regulation (EU) 2017/745) and in-vitro diagnostic devices (e.g. In vitro Diagnostic Device Regulation (EU) 2017/746)).
."	MEDICAL_DEVICE_SAFETY	True	False		rdf:type + originalCodeValue + JSON sourceId/classId + GDSN codeListName/label
https://ref.gs1.org/voc/RegulationTypeCode-MINIMUM_DURABILITY	urn:gs1:std:gdsn:cv178681	type-and-original-code	RegulationTypeCode	MINIMUM_DURABILITY	178681	Minimum Durability	Indicates the product has a regulatory requirement to show to the consumer the best to use before period so they obtain the full functionality of the product.	https://ref.gs1.org/voc/RegulationTypeCode	urn:gs1:std:gdsn:c-2013489156	Minimum Durability	Indicates the product has a regulatory requirement to show to the consumer the best to use before period so they obtain the full functionality of the product.	MINIMUM_DURABILITY	True	False		rdf:type + originalCodeValue + JSON sourceId/classId + GDSN codeListName/label
https://ref.gs1.org/voc/RegulationTypeCode-NANO_MATERIALS_PRESENCE	urn:gs1:std:gdsn:cv178682	type-and-original-code	RegulationTypeCode	NANO_MATERIALS_PRESENCE	178682	Nano materials presence	Indicates the presence of nano materials by the levels acceptable by the appropriate regulation. Note: in Europe, use code NANOPARTICLE in attribute claimElementCode instead.	https://ref.gs1.org/voc/RegulationTypeCode	urn:gs1:std:gdsn:c-2013489156	Nano materials presence	Indicates the presence of nano materials by the levels acceptable by the appropriate regulation. Note: in Europe, use code NANOPARTICLE in attribute claimElementCode instead.	NANO_MATERIALS_PRESENCE	True	False		rdf:type + originalCodeValue + JSON sourceId/classId + GDSN codeListName/label
https://ref.gs1.org/voc/RegulationTypeCode-NOT_APPLICABLE	urn:gs1:std:gdsn:cv178683	type-and-original-code	RegulationTypeCode	NOT_APPLICABLE	178683	Not Applicable	Not Applicable.	https://ref.gs1.org/voc/RegulationTypeCode	urn:gs1:std:gdsn:c-2013489156	Not Applicable	Not Applicable.	NOT_APPLICABLE	True	False		rdf:type + originalCodeValue + JSON sourceId/classId + GDSN codeListName/label
https://ref.gs1.org/voc/RegulationTypeCode-PACKAGING_SAFETY_DIRECTIVE	urn:gs1:std:gdsn:cv178684	type-and-original-code	RegulationTypeCode	PACKAGING_SAFETY_DIRECTIVE	178684	Packaging Safety Directive	The product represented in its packaging and/or marketing as appropriate for use by persons as defined by regulatory agency?  Includes packaging, display, photography, licensed characters, promotion or advertising (in-store or ad) as appropriate for use by persons. An example is the Consumer Product Safety Commission regulation: https://www.cpsc.gov/Regulations-Laws--Standards/Statutes/Poison-Prevention-Packaging-Act/Child-Resistant-and-Senior-Friendly-Packages-packaging-guide/.	https://ref.gs1.org/voc/RegulationTypeCode	urn:gs1:std:gdsn:c-2013489156	Packaging Safety Directive	The product represented in its packaging and/or marketing as appropriate for use by persons as defined by regulatory agency?  Includes packaging, display, photography, licensed characters, promotion or advertising (in-store or ad) as appropriate for use by persons. An example is the Consumer Product Safety Commission regulation: https://www.cpsc.gov/Regulations-Laws--Standards/Statutes/Poison-Prevention-Packaging-Act/Child-Resistant-and-Senior-Friendly-Packages-packaging-guide/.	PACKAGING_SAFETY_DIRECTIVE	True	False		rdf:type + originalCodeValue + JSON sourceId/classId + GDSN codeListName/label
https://ref.gs1.org/voc/RegulationTypeCode-PERIOD_SAFE_TO_USE_AFTER_OPENING	urn:gs1:std:gdsn:cv178685	type-and-original-code	RegulationTypeCode	PERIOD_SAFE_TO_USE_AFTER_OPENING	178685	Period Safe To Use After Opening	Indicates the product has a regulatory requirement to show to the consumer that product is denoted to have a period of time after opening before it becomes harmful to the consumer.	https://ref.gs1.org/voc/RegulationTypeCode	urn:gs1:std:gdsn:c-2013489156	Period Safe To Use After Opening	Indicates the product has a regulatory requirement to show to the consumer that product is denoted to have a period of time after opening before it becomes harmful to the consumer.	PERIOD_SAFE_TO_USE_AFTER_OPENING	True	False		rdf:type + originalCodeValue + JSON sourceId/classId + GDSN codeListName/label
https://ref.gs1.org/voc/RegulationTypeCode-PESTICIDE_REGULATION	urn:gs1:std:gdsn:cv178686	type-and-original-code	RegulationTypeCode	PESTICIDE_REGULATION	178686	Pesticide Regulation	The item is a substance used to control unwanted pests that are subject to regulation.	https://ref.gs1.org/voc/RegulationTypeCode	urn:gs1:std:gdsn:c-2013489156	Pesticide Regulation	The item is a substance used to control unwanted pests that are subject to regulation.	PESTICIDE_REGULATION	True	False		rdf:type + originalCodeValue + JSON sourceId/classId + GDSN codeListName/label
https://ref.gs1.org/voc/RegulationTypeCode-PHARMACEUTICAL_PRODUCT_DIRECTIVE	urn:gs1:std:gdsn:cv178687	type-and-original-code	RegulationTypeCode	PHARMACEUTICAL_PRODUCT_DIRECTIVE	178687	Pharmaceutical_Product Directive	In contrast to the free pharmaceutical directive this directive describing the legal requirements on pharmaceutical products available only in pharmacies. These products have stronger regulations and restrictions to consumer safety aspects. For example the dosage recommendation needs to be explained in detail by the sales staff as well as possible interaction with other pharmaceutical products.	https://ref.gs1.org/voc/RegulationTypeCode	urn:gs1:std:gdsn:c-2013489156	Pharmaceutical_Product Directive	In contrast to the free pharmaceutical directive this directive describing the legal requirements on pharmaceutical products available only in pharmacies. These products have stronger regulations and restrictions to consumer safety aspects. For example the dosage recommendation needs to be explained in detail by the sales staff as well as possible interaction with other pharmaceutical products.	PHARMACEUTICAL_PRODUCT_DIRECTIVE	True	False		rdf:type + originalCodeValue + JSON sourceId/classId + GDSN codeListName/label
https://ref.gs1.org/voc/RegulationTypeCode-PLASTIC_DIRECTIVE	urn:gs1:std:gdsn:cv181012	type-and-original-code	RegulationTypeCode	PLASTIC_DIRECTIVE	181012	Plastic directive	Directive on the reduction of the impact of certain plastic products on the environment (e.g., directive (EU) 2019/904).	https://ref.gs1.org/voc/RegulationTypeCode	urn:gs1:std:gdsn:c-2013489156	Plastic directive	Directive on the reduction of the impact of certain plastic products on the environment (e.g., directive (EU) 2019/904).	PLASTIC_DIRECTIVE	True	False		rdf:type + originalCodeValue + JSON sourceId/classId + GDSN codeListName/label
https://ref.gs1.org/voc/RegulationTypeCode-PRODUCT_LABELING_REGULATION	urn:gs1:std:gdsn:cv178688	type-and-original-code	RegulationTypeCode	PRODUCT_LABELING_REGULATION	178688	Product Labelling Regulation	A code indicating the trade item is compliant with the food labelling regulation.	https://ref.gs1.org/voc/RegulationTypeCode	urn:gs1:std:gdsn:c-2013489156	Product Labelling Regulation	A code indicating the trade item is compliant with the food labelling regulation.	PRODUCT_LABELING_REGULATION	True	False		rdf:type + originalCodeValue + JSON sourceId/classId + GDSN codeListName/label
https://ref.gs1.org/voc/RegulationTypeCode-PRODUCT_OF_DAILY_USE_DIRECTIVE	urn:gs1:std:gdsn:cv178689	type-and-original-code	RegulationTypeCode	PRODUCT_OF_DAILY_USE_DIRECTIVE	178689	Product of Daily Use Directive	Directive describing the legal requirements on the products of daily use focusing on consumer safety (e.g. do not use with …, not used by children). An example is the German directive BedGgstV.	https://ref.gs1.org/voc/RegulationTypeCode	urn:gs1:std:gdsn:c-2013489156	Product of Daily Use Directive	Directive describing the legal requirements on the products of daily use focusing on consumer safety (e.g. do not use with …, not used by children). An example is the German directive BedGgstV.	PRODUCT_OF_DAILY_USE_DIRECTIVE	True	False		rdf:type + originalCodeValue + JSON sourceId/classId + GDSN codeListName/label
https://ref.gs1.org/voc/RegulationTypeCode-PROP_65	urn:gs1:std:gdsn:cv178690	type-and-original-code	RegulationTypeCode	PROP_65	178690	Proposition 65 (Prop 65) [US California]	Containing specific toxicants for a product which contains carcinogens and/or reproductive toxicants established in California’s Proposition 65 (Prop 65), The Safe Drinking Water and Toxic Enforcement Act, enacted in 1986.  This Act requires the state to publish a list of chemicals known to cause cancer or reproductive harm. Prop 65 applies to suppliers who sell products in the state if their products exceed safe harbour levels established in Prop 65. Safe harbour levels establish thresholds for no significant risk levels (NSRLs) for carcinogens and maximum allowable dose levels (MADLs) for chemicals that cause reproductive toxicity. 	https://ref.gs1.org/voc/RegulationTypeCode	urn:gs1:std:gdsn:c-2013489156	Proposition 65 (Prop 65) [US California]	Containing specific toxicants for a product which contains carcinogens and/or reproductive toxicants established in California's Proposition 65 (Prop 65), The Safe Drinking Water and Toxic Enforcement Act, enacted in 1986.  This Act requires the state to publish a list of chemicals known to cause cancer or reproductive harm. Prop 65 applies to suppliers who sell products in the state if their products exceed safe harbour levels established in Prop 65. Safe harbour levels establish thresholds for no significant risk levels (NSRLs) for carcinogens and maximum allowable dose levels (MADLs) for chemicals that cause reproductive toxicity. 	PROP_65	True	False		rdf:type + originalCodeValue + JSON sourceId/classId + GDSN codeListName/label
https://ref.gs1.org/voc/RegulationTypeCode-REGULATED_BY_AGENCY	urn:gs1:std:gdsn:cv178691	type-and-original-code	RegulationTypeCode	REGULATED_BY_AGENCY	178691	Regulated by Agency	The trade item is regulated by the agency stated in the regulatoryAgency attribute.	https://ref.gs1.org/voc/RegulationTypeCode	urn:gs1:std:gdsn:c-2013489156	Regulated by Agency	The trade item is regulated by the agency stated in the regulatoryAgency attribute.	REGULATED_BY_AGENCY	True	False		rdf:type + originalCodeValue + JSON sourceId/classId + GDSN codeListName/label
https://ref.gs1.org/voc/RegulationTypeCode-RETURNING_OF_ELECTRONICAL_PRODUCT_DIRECTIVE	urn:gs1:std:gdsn:cv178692	type-and-original-code	RegulationTypeCode	RETURNING_OF_ELECTRONICAL_PRODUCT_DIRECTIVE	178692	Returning of Electronic Product Directive	Directive of the returning of electronic products ensuring a high degree of protection of the environment. This directive defines returning quotes of returning electronical products needs to be fulfilled by the industry and by retailers (e.g. ElektroG in Germany).	https://ref.gs1.org/voc/RegulationTypeCode	urn:gs1:std:gdsn:c-2013489156	Returning of Electronic Product Directive	Directive of the returning of electronic products ensuring a high degree of protection of the environment. This directive defines returning quotes of returning electronical products needs to be fulfilled by the industry and by retailers (e.g. ElektroG in Germany).	RETURNING_OF_ELECTRONICAL_PRODUCT_DIRECTIVE	True	False		rdf:type + originalCodeValue + JSON sourceId/classId + GDSN codeListName/label
https://ref.gs1.org/voc/RegulationTypeCode-ROHS_DIRECTIVE	urn:gs1:std:gdsn:cv178693	type-and-original-code	RegulationTypeCode	ROHS_DIRECTIVE	178693	ROHS Directive	Is not a quality mark but a European directive 2002/95/EC (stands for Restriction of Hazardous Substances). This directive restricts (with exceptions) the use of six hazardous materials like lead, cadmium and mercury in the manufacture of various types of electronic and electrical equipment.	https://ref.gs1.org/voc/RegulationTypeCode	urn:gs1:std:gdsn:c-2013489156	ROHS Directive	Is not a quality mark but a European directive 2002/95/EC (stands for Restriction of Hazardous Substances). This directive restricts (with exceptions) the use of six hazardous materials like lead, cadmium and mercury in the manufacture of various types of electronic and electrical equipment.	ROHS_DIRECTIVE	True	False		rdf:type + originalCodeValue + JSON sourceId/classId + GDSN codeListName/label
https://ref.gs1.org/voc/RegulationTypeCode-SAFETY_DATA_SHEET_REQUIRED	urn:gs1:std:gdsn:cv178694	type-and-original-code	RegulationTypeCode	SAFETY_DATA_SHEET_REQUIRED	178694	Safety data sheet required	A Safety Data Sheet (SDS) is legally required. See target market regulations for applicability.	https://ref.gs1.org/voc/RegulationTypeCode	urn:gs1:std:gdsn:c-2013489156	Safety data sheet required	A Safety Data Sheet (SDS) is legally required. See target market regulations for applicability.	SAFETY_DATA_SHEET_REQUIRED	True	False		rdf:type + originalCodeValue + JSON sourceId/classId + GDSN codeListName/label
https://ref.gs1.org/voc/RegulationTypeCode-SCATTERED_POLLUTION_REGULATION	urn:gs1:std:gdsn:cv178695	type-and-original-code	RegulationTypeCode	SCATTERED_POLLUTION_REGULATION	178695	Scattered pollution regulation	Decree No. 2011-1650 of 25 November 2011 on the procedures for declaring and paying back the non-point pollution charge and for keeping the registers referred to in Articles L. 254-3-1 and L. 254-6 of the Rural and Maritime Fisheries Code.	https://ref.gs1.org/voc/RegulationTypeCode	urn:gs1:std:gdsn:c-2013489156	Scattered pollution regulation	Decree No. 2011-1650 of 25 November 2011 on the procedures for declaring and paying back the non-point pollution charge and for keeping the registers referred to in Articles L. 254-3-1 and L. 254-6 of the Rural and Maritime Fisheries Code.	SCATTERED_POLLUTION_REGULATION	True	False		rdf:type + originalCodeValue + JSON sourceId/classId + GDSN codeListName/label
https://ref.gs1.org/voc/RegulationTypeCode-SECURITY_OF_ELECTRONIC_PRODUCTS_DIRECTIVE	urn:gs1:std:gdsn:cv178696	type-and-original-code	RegulationTypeCode	SECURITY_OF_ELECTRONIC_PRODUCTS_DIRECTIVE	178696	Security of Electronic Products Directive	Directive on the safety of electronic products covering consumer health as well as environmental aspects (e.g. German law on product safety ProdSG).	https://ref.gs1.org/voc/RegulationTypeCode	urn:gs1:std:gdsn:c-2013489156	Security of Electronic Products Directive	Directive on the safety of electronic products covering consumer health as well as environmental aspects (e.g. German law on product safety ProdSG).	SECURITY_OF_ELECTRONIC_PRODUCTS_DIRECTIVE	True	False		rdf:type + originalCodeValue + JSON sourceId/classId + GDSN codeListName/label
https://ref.gs1.org/voc/RegulationTypeCode-SMALL_PARTS	urn:gs1:std:gdsn:cv178697	type-and-original-code	RegulationTypeCode	SMALL_PARTS	178697	Small Parts Regulation	A small part is any object that fits completely into a specified size by regulation that approximates the size of the fully expanded throat of a child of age specified by regulation. A small part can be a whole toy or article, a Separate part of a toy, game, or other article or a piece of a toy or article that breaks off during testing that simulates use or abuse by children. Example in US See 16 C.F.R. 1501.4.	https://ref.gs1.org/voc/RegulationTypeCode	urn:gs1:std:gdsn:c-2013489156	Small Parts Regulation	A small part is any object that fits completely into a specified size by regulation that approximates the size of the fully expanded throat of a child of age specified by regulation. A small part can be a whole toy or article, a Separate part of a toy, game, or other article or a piece of a toy or article that breaks off during testing that simulates use or abuse by children. Example in US See 16 C.F.R. 1501.4.	SMALL_PARTS	True	False		rdf:type + originalCodeValue + JSON sourceId/classId + GDSN codeListName/label
https://ref.gs1.org/voc/RegulationTypeCode-TEXTILE_LABELLING_REGULATION	urn:gs1:std:gdsn:cv178698	type-and-original-code	RegulationTypeCode	TEXTILE_LABELLING_REGULATION	178698	Textile labelling regulation	Regulation (EU Reg 1007/2011). This Regulation lays down rules concerning the use of textile fibre names and related labelling and marking of fibre composition of textile products, rules concerning the labelling or marking of textile products containing non-textile parts of animal origin and rules concerning the determination of the fibre composition of textile products by quantitative analysis of binary and ternary textile fibre mixtures, in order to provide accurate information to consumers.	https://ref.gs1.org/voc/RegulationTypeCode	urn:gs1:std:gdsn:c-2013489156	Textile labelling regulation	Regulation (EU Reg 1007/2011). This Regulation lays down rules concerning the use of textile fibre names and related labelling and marking of fibre composition of textile products, rules concerning the labelling or marking of textile products containing non-textile parts of animal origin and rules concerning the determination of the fibre composition of textile products by quantitative analysis of binary and ternary textile fibre mixtures, in order to provide accurate information to consumers.	TEXTILE_LABELLING_REGULATION	True	False		rdf:type + originalCodeValue + JSON sourceId/classId + GDSN codeListName/label
https://ref.gs1.org/voc/RegulationTypeCode-TOBACCO_DIRECTIVE	urn:gs1:std:gdsn:cv178699	type-and-original-code	RegulationTypeCode	TOBACCO_DIRECTIVE	178699	Tobacco Directive	The directive or regulation aims to improve the functioning of tobacco products within a market while ensuring a high level of public health protection. Example: European Directive 2014/40/EU on the manufacture, presentation and sale of cigarettes, roll-your-own tobacco, pipe tobacco, cigars, cigarillos, smokeless tobacco products, electronic cigarettes and plant-smoked products.	https://ref.gs1.org/voc/RegulationTypeCode	urn:gs1:std:gdsn:c-2013489156	Tobacco Directive	The directive or regulation aims to improve the functioning of tobacco products within a market while ensuring a high level of public health protection. Example: European Directive 2014/40/EU on the manufacture, presentation and sale of cigarettes, roll-your-own tobacco, pipe tobacco, cigars, cigarillos, smokeless tobacco products, electronic cigarettes and plant-smoked products.	TOBACCO_DIRECTIVE	True	False		rdf:type + originalCodeValue + JSON sourceId/classId + GDSN codeListName/label
https://ref.gs1.org/voc/RegulationTypeCode-TOY_SAFETY_DIRECTIVE	urn:gs1:std:gdsn:cv178700	type-and-original-code	RegulationTypeCode	TOY_SAFETY_DIRECTIVE	178700	Toy safety directive	Directive, which applies to products designed or intended, whether or not exclusively, for use in play by children under 14 years of age. Health and safety aspects of the child are in focus Amongst others security aspects of toys are defined (e.g. Warning: small components may be swallowed) as well as substances, which are not allowed to use in toys (e.g. softening agents).	https://ref.gs1.org/voc/RegulationTypeCode	urn:gs1:std:gdsn:c-2013489156	Toy safety directive	Directive, which applies to products designed or intended, whether or not exclusively, for use in play by children under 14 years of age. Health and safety aspects of the child are in focus Amongst others security aspects of toys are defined (e.g. Warning: small components may be swallowed) as well as substances, which are not allowed to use in toys (e.g. softening agents).	TOY_SAFETY_DIRECTIVE	True	False		rdf:type + originalCodeValue + JSON sourceId/classId + GDSN codeListName/label
https://ref.gs1.org/voc/RegulationTypeCode-TRACEABILITY_REGULATION	urn:gs1:std:gdsn:cv178701	type-and-original-code	RegulationTypeCode	TRACEABILITY_REGULATION	178701	Traceability Regulation	Indicates that a trade item  is subject to government rules and regulations regarding traceability. 	https://ref.gs1.org/voc/RegulationTypeCode	urn:gs1:std:gdsn:c-2013489156	Traceability Regulation	Indicates that a trade item  is subject to government rules and regulations regarding traceability. 	TRACEABILITY_REGULATION	True	False		rdf:type + originalCodeValue + JSON sourceId/classId + GDSN codeListName/label
https://ref.gs1.org/voc/RegulationTypeCode-TRADE_ITEM_CONSIDERED_UNPACKED	urn:gs1:std:gdsn:cv178702	type-and-original-code	RegulationTypeCode	TRADE_ITEM_CONSIDERED_UNPACKED	178702	Trade item considered unpacked	The trade item is considered as unpacked by regulation, even if physical packaging may exist. (E.g. European Regulation on fresh fruit & vegetables  EU 1169, EU 543, EU 852)	https://ref.gs1.org/voc/RegulationTypeCode	urn:gs1:std:gdsn:c-2013489156	Trade item considered unpacked	The trade item is considered as unpacked by regulation, even if physical packaging may exist. (E.g. European Regulation on fresh fruit & vegetables  EU 1169, EU 543, EU 852)	TRADE_ITEM_CONSIDERED_UNPACKED	True	False		rdf:type + originalCodeValue + JSON sourceId/classId + GDSN codeListName/label
https://ref.gs1.org/voc/RegulationTypeCode-TRADE_ITEM_TESTED_DIRECTIVE	urn:gs1:std:gdsn:cv178703	type-and-original-code	RegulationTypeCode	TRADE_ITEM_TESTED_DIRECTIVE	178703	Trade Item Tested Directive	The product has conformed to testing requirements to meet regulation needs. An example is the Consumer Product Safety Commission https://www.cpsc.gov/Regulations-Laws--Standards/Statutes/The-Consumer-Product-Safety-Improvement-Act/.	https://ref.gs1.org/voc/RegulationTypeCode	urn:gs1:std:gdsn:c-2013489156	Trade Item Tested Directive	The product has conformed to testing requirements to meet regulation needs. An example is the Consumer Product Safety Commission https://www.cpsc.gov/Regulations-Laws--Standards/Statutes/The-Consumer-Product-Safety-Improvement-Act/.	TRADE_ITEM_TESTED_DIRECTIVE	True	False		rdf:type + originalCodeValue + JSON sourceId/classId + GDSN codeListName/label
https://ref.gs1.org/voc/RegulationTypeCode-TREATED_WITH_BIOCIDE_REGULATION	urn:gs1:std:gdsn:cv178704	type-and-original-code	RegulationTypeCode	TREATED_WITH_BIOCIDE_REGULATION	178704	Biocide regulation treated article	Regulation (e.g., EU Reg 528/2012) harmonising the rules on making available on the market and trade items treated with biocidal products ('treated articles'), whilst ensuring a high level of protection of both human and animal health and the environment. It should not be used for biocidal products.	https://ref.gs1.org/voc/RegulationTypeCode	urn:gs1:std:gdsn:c-2013489156	Biocide regulation treated article	Regulation (e.g., EU Reg 528/2012) harmonising the rules on making available on the market and trade items treated with biocidal products ('treated articles'), whilst ensuring a high level of protection of both human and animal health and the environment. It should not be used for biocidal products.	TREATED_WITH_BIOCIDE_REGULATION	True	False		rdf:type + originalCodeValue + JSON sourceId/classId + GDSN codeListName/label
https://ref.gs1.org/voc/RegulationTypeCode-TREATED_WITH_HERBICIDE_REGULATION	urn:gs1:std:gdsn:cv178705	type-and-original-code	RegulationTypeCode	TREATED_WITH_HERBICIDE_REGULATION	178705	Treated with Herbicide Regulation	Trade item has been treated with herbicide(s) that are subject to regulation.	https://ref.gs1.org/voc/RegulationTypeCode	urn:gs1:std:gdsn:c-2013489156	Treated with Herbicide Regulation	Trade item has been treated with herbicide(s) that are subject to regulation.	TREATED_WITH_HERBICIDE_REGULATION	True	False		rdf:type + originalCodeValue + JSON sourceId/classId + GDSN codeListName/label
https://ref.gs1.org/voc/RegulationTypeCode-TREATED_WITH_PESTICIDE_REGULATION	urn:gs1:std:gdsn:cv178706	type-and-original-code	RegulationTypeCode	TREATED_WITH_PESTICIDE_REGULATION	178706	Treated with Pesticide Regulation.	Trade item has been treated with pesticide(s) that are subject to regulation.	https://ref.gs1.org/voc/RegulationTypeCode	urn:gs1:std:gdsn:c-2013489156	Treated with Pesticide Regulation.	Trade item has been treated with pesticide(s) that are subject to regulation.	TREATED_WITH_PESTICIDE_REGULATION	True	False		rdf:type + originalCodeValue + JSON sourceId/classId + GDSN codeListName/label
https://ref.gs1.org/voc/RegulationTypeCode-UK_CONFORMITY_ASSESSED	urn:gs1:std:gdsn:cv178707	type-and-original-code	RegulationTypeCode	UK_CONFORMITY_ASSESSED	178707	UK Conformity Assessed	The UKCA (UK Conformity Assessed) marking is the UK product marking required for goods being placed on the market in Great Britain (England, Wales and Scotland) fully replacing the European CE marking from 1 January 2023. The UK CA marking supports fair competition by holding all companies accountable to the same rules. Reference: https://www.gov.uk/guidance/uk-conformity-assessment and https://www.gov.uk/guidance/using-the-ukca-marking.	https://ref.gs1.org/voc/RegulationTypeCode	urn:gs1:std:gdsn:c-2013489156	UK Conformity Assessed	The UKCA (UK Conformity Assessed) marking is the UK product marking required for goods being placed on the market in Great Britain (England, Wales and Scotland) fully replacing the European CE marking from 1 January 2023. The UK CA marking supports fair competition by holding all companies accountable to the same rules. Reference: https://www.gov.uk/guidance/uk-conformity-assessment and https://www.gov.uk/guidance/using-the-ukca-marking.	UK_CONFORMITY_ASSESSED	True	False		rdf:type + originalCodeValue + JSON sourceId/classId + GDSN codeListName/label
https://ref.gs1.org/voc/RegulationTypeCode-UNDERWATER_LIGHTING	urn:gs1:std:gdsn:cv178708	type-and-original-code	RegulationTypeCode	UNDERWATER_LIGHTING	178708	Underwater Lighting	The European standard EN 60598-2-18 is recognized by most countries as the safety standard for underwater lighting.	https://ref.gs1.org/voc/RegulationTypeCode	urn:gs1:std:gdsn:c-2013489156	Underwater Lighting	The European standard EN 60598-2-18 is recognized by most countries as the safety standard for underwater lighting.	UNDERWATER_LIGHTING	True	False		rdf:type + originalCodeValue + JSON sourceId/classId + GDSN codeListName/label
https://ref.gs1.org/voc/RegulationTypeCode-UNSPECIFIED	urn:gs1:std:gdsn:cv178709	type-and-original-code	RegulationTypeCode	UNSPECIFIED	178709	Unspecified	Unspecified.	https://ref.gs1.org/voc/RegulationTypeCode	urn:gs1:std:gdsn:c-2013489156	Unspecified	Unspecified.	UNSPECIFIED	True	False		rdf:type + originalCodeValue + JSON sourceId/classId + GDSN codeListName/label
https://ref.gs1.org/voc/RegulationTypeCode-UVA	urn:gs1:std:gdsn:cv178710	type-and-original-code	RegulationTypeCode	UVA	178710	Uva	EU 647 Cosmetic industry worked closely with the European Commission, and COLIPA, currently called COSMETICS EUROPE proposed a UVA labelling symbol. This indicates that the level of UVA protection provided by a product is at least 1/3 ratio of its SPF.  Manufacturers will show that their products meet the SPF/UVAPF ratio by displaying the letters “UVA” inside a circle whose diameter should not exceed the height of the SPF number. 	https://ref.gs1.org/voc/RegulationTypeCode	urn:gs1:std:gdsn:c-2013489156	Uva	EU 647 Cosmetic industry worked closely with the European Commission, and COLIPA, currently called COSMETICS EUROPE proposed a UVA labelling symbol. This indicates that the level of UVA protection provided by a product is at least 1/3 ratio of its SPF.  Manufacturers will show that their products meet the SPF/UVAPF ratio by displaying the letters “UVA” inside a circle whose diameter should not exceed the height of the SPF number. 	UVA	True	False		rdf:type + originalCodeValue + JSON sourceId/classId + GDSN codeListName/label
https://ref.gs1.org/voc/RegulationTypeCode-VEHICLE_LICENSE_PLATE_REGISTRATION	urn:gs1:std:gdsn:cv178711	type-and-original-code	RegulationTypeCode	VEHICLE_LICENSE_PLATE_REGISTRATION	178711	Vehicle License Plate Registration 	Provides proof of the registered motorized vehicle plate number.	https://ref.gs1.org/voc/RegulationTypeCode	urn:gs1:std:gdsn:c-2013489156	Vehicle License Plate Registration 	Provides proof of the registered motorized vehicle plate number.	VEHICLE_LICENSE_PLATE_REGISTRATION	True	False		rdf:type + originalCodeValue + JSON sourceId/classId + GDSN codeListName/label
https://ref.gs1.org/voc/RegulationTypeCode-VEHICLE_LIGHTING_COMPLIANT	urn:gs1:std:gdsn:cv178712	type-and-original-code	RegulationTypeCode	VEHICLE_LIGHTING_COMPLIANT	178712	Vehicle Lighting Compliant	Vehicle lighting meets regulatory compliance in road and off road safety. Example in the US is SAE-DOT	https://ref.gs1.org/voc/RegulationTypeCode	urn:gs1:std:gdsn:c-2013489156	Vehicle Lighting Compliant	Vehicle lighting meets regulatory compliance in road and off road safety. Example in the US is SAE-DOT.	VEHICLE_LIGHTING_COMPLIANT	True	False		rdf:type + originalCodeValue + JSON sourceId/classId + GDSN codeListName/label
https://ref.gs1.org/voc/RegulationTypeCode-VOLATILE_ORGANIC_COMPOUND_COMPLIANT	urn:gs1:std:gdsn:cv178713	type-and-original-code	RegulationTypeCode	VOLATILE_ORGANIC_COMPOUND_COMPLIANT	178713	Volatile Organic Compound Compliant	Organic chemicals that have a high vapor pressure at ordinary, room-temperature conditions. Their high vapor pressure results from a low boiling point, which causes large numbers of molecules to evaporate or sublimate from the liquid or solid form of the compound and enter the surrounding air	https://ref.gs1.org/voc/RegulationTypeCode	urn:gs1:std:gdsn:c-2013489156	Volatile Organic Compound Compliant	Organic chemicals that have a high vapor pressure at ordinary, room-temperature conditions. Their high vapor pressure results from a low boiling point, which causes large numbers of molecules to evaporate or sublimate from the liquid or solid form of the compound and enter the surrounding air.	VOLATILE_ORGANIC_COMPOUND_COMPLIANT	True	False		rdf:type + originalCodeValue + JSON sourceId/classId + GDSN codeListName/label
https://ref.gs1.org/voc/RegulationTypeCode-WARRANTY_REQUIREMENTS	urn:gs1:std:gdsn:cv180459	type-and-original-code	RegulationTypeCode	WARRANTY_REQUIREMENTS	180459	Warranty requirements	Requirements which specify the product's warranty type (i.e., implied, express, etc.) and any terms and conditions applicable. Please refer to local regulations.	https://ref.gs1.org/voc/RegulationTypeCode	urn:gs1:std:gdsn:c-2013489156	Warranty requirements	Requirements which specify the product's warranty type (i.e., implied, express, etc.) and any terms and conditions applicable. Please refer to local regulations.	WARRANTY_REQUIREMENTS	True	False		rdf:type + originalCodeValue + JSON sourceId/classId + GDSN codeListName/label
https://ref.gs1.org/voc/SeasonParameterCode-ALL_YEAR	urn:gs1:std:gdsn:cv178873	type-and-iri-code	SeasonParameterCode	ALL_YEAR	178873	All Year	For trade items that are not seasonal in nature and apply to all selling seasons.	https://ref.gs1.org/voc/SeasonParameterCode	urn:gs1:std:gdsn:c-1701072841	All Year	All Year	ALL_YEAR	True	False		rdf:type + IRI code suffix + JSON sourceId/classId + GDSN codeListName/label
https://ref.gs1.org/voc/SeasonParameterCode-AUTUMN	urn:gs1:std:gdsn:cv178874	type-and-iri-code	SeasonParameterCode	AUTUMN	178874	Autumn	For trade items that are seasonal in nature and apply to both the Autumn selling season.	https://ref.gs1.org/voc/SeasonParameterCode	urn:gs1:std:gdsn:c-1701072841	Autumn	For products that are seasonal in nature and apply to the Autumn selling season only	AUTUMN	True	False		rdf:type + IRI code suffix + JSON sourceId/classId + GDSN codeListName/label
https://ref.gs1.org/voc/SeasonParameterCode-AUTUMN_WINTER	urn:gs1:std:gdsn:cv178875	type-and-iri-code	SeasonParameterCode	AUTUMN_WINTER	178875	Autumn Winter	For trade items that are seasonal in nature and apply to both the Autumn and Winter selling seasons	https://ref.gs1.org/voc/SeasonParameterCode	urn:gs1:std:gdsn:c-1701072841	Autumn and Winter	For products that are seasonal in nature and apply to both the Autumn and Winter selling seasons	AUTUMN_WINTER	True	False		rdf:type + IRI code suffix + JSON sourceId/classId + GDSN codeListName/label
https://ref.gs1.org/voc/SeasonParameterCode-SPRING	urn:gs1:std:gdsn:cv178883	type-and-iri-code	SeasonParameterCode	SPRING	178883	Spring	For trade items that are seasonal in nature and apply to the Spring selling season.	https://ref.gs1.org/voc/SeasonParameterCode	urn:gs1:std:gdsn:c-1701072841	Spring	For products that are seasonal in nature and apply to the Spring selling season only	SPRING	True	False		rdf:type + IRI code suffix + JSON sourceId/classId + GDSN codeListName/label
https://ref.gs1.org/voc/SeasonParameterCode-SPRING_SUMMER	urn:gs1:std:gdsn:cv178884	type-and-iri-code	SeasonParameterCode	SPRING_SUMMER	178884	Spring Summer	For trade items that are seasonal in nature and apply to both the Spring and Summer selling seasons.	https://ref.gs1.org/voc/SeasonParameterCode	urn:gs1:std:gdsn:c-1701072841	Spring and Summer	For products that are seasonal in nature and apply to both the Spring and Summer selling seasons	SPRING_SUMMER	True	False		rdf:type + IRI code suffix + JSON sourceId/classId + GDSN codeListName/label
https://ref.gs1.org/voc/SeasonParameterCode-SUMMER	urn:gs1:std:gdsn:cv178885	type-and-iri-code	SeasonParameterCode	SUMMER	178885	Summer	For trade items that are seasonal in nature and apply to Summer selling season.	https://ref.gs1.org/voc/SeasonParameterCode	urn:gs1:std:gdsn:c-1701072841	Summer	For products that are seasonal in nature and apply to the Summer selling season only	SUMMER	True	False		rdf:type + IRI code suffix + JSON sourceId/classId + GDSN codeListName/label
https://ref.gs1.org/voc/SeasonParameterCode-WINTER	urn:gs1:std:gdsn:cv178887	type-and-iri-code	SeasonParameterCode	WINTER	178887	Winter	For trade items that are seasonal in nature and apply to the Winter selling seasons.	https://ref.gs1.org/voc/SeasonParameterCode	urn:gs1:std:gdsn:c-1701072841	Winter	For products that are seasonal in nature and apply to the Winter selling season only	WINTER	True	False		rdf:type + IRI code suffix + JSON sourceId/classId + GDSN codeListName/label
https://ref.gs1.org/voc/SizeGroupCode-BOYS	urn:gs1:std:gdsn:cv179068	type-and-iri-code	SizeGroupCode	BOYS	179068	Boys	Clothing size for male children.	https://ref.gs1.org/voc/SizeGroupCode	urn:gs1:std:gdsn:c1879515150	Boys		BOYS	True	False		rdf:type + IRI code suffix + JSON sourceId/classId + GDSN codeListName/label
https://ref.gs1.org/voc/SizeGroupCode-GIRLS	urn:gs1:std:gdsn:cv179069	type-and-iri-code	SizeGroupCode	GIRLS	179069	Girls	Clothing size for female children.	https://ref.gs1.org/voc/SizeGroupCode	urn:gs1:std:gdsn:c1879515150	Girls		GIRLS	True	False		rdf:type + IRI code suffix + JSON sourceId/classId + GDSN codeListName/label
https://ref.gs1.org/voc/SizeGroupCode-INFANTS	urn:gs1:std:gdsn:cv179070	type-and-iri-code	SizeGroupCode	INFANTS	179070	Infants	Clothing size for infants.	https://ref.gs1.org/voc/SizeGroupCode	urn:gs1:std:gdsn:c1879515150	Infants		INFANTS	True	False		rdf:type + IRI code suffix + JSON sourceId/classId + GDSN codeListName/label
https://ref.gs1.org/voc/SizeGroupCode-JUNIORS	urn:gs1:std:gdsn:cv179071	type-and-iri-code	SizeGroupCode	JUNIORS	179071	Juniors	Clothing size typically for teenagers.	https://ref.gs1.org/voc/SizeGroupCode	urn:gs1:std:gdsn:c1879515150	Juniors		JUNIORS	True	False		rdf:type + IRI code suffix + JSON sourceId/classId + GDSN codeListName/label
https://ref.gs1.org/voc/SizeGroupCode-MATERNITY	urn:gs1:std:gdsn:cv179072	type-and-iri-code	SizeGroupCode	MATERNITY	179072	Maternity	Clothing size for pregnant women	https://ref.gs1.org/voc/SizeGroupCode	urn:gs1:std:gdsn:c1879515150	Maternity		MATERNITY	True	False		rdf:type + IRI code suffix + JSON sourceId/classId + GDSN codeListName/label
https://ref.gs1.org/voc/SizeGroupCode-MENS	urn:gs1:std:gdsn:cv179073	type-and-iri-code	SizeGroupCode	MENS	179073	Mens	Clothing size for adult males.	https://ref.gs1.org/voc/SizeGroupCode	urn:gs1:std:gdsn:c1879515150	Mens		MENS	True	False		rdf:type + IRI code suffix + JSON sourceId/classId + GDSN codeListName/label
https://ref.gs1.org/voc/SizeGroupCode-MENS_TALL	urn:gs1:std:gdsn:cv179074	type-and-iri-code	SizeGroupCode	MENS_TALL	179074	Mens Tall	Clothing size for adult males of above average height.	https://ref.gs1.org/voc/SizeGroupCode	urn:gs1:std:gdsn:c1879515150	Mens Tall		MENS_TALL	True	False		rdf:type + IRI code suffix + JSON sourceId/classId + GDSN codeListName/label
https://ref.gs1.org/voc/SizeGroupCode-MISSES	urn:gs1:std:gdsn:cv179075	type-and-iri-code	SizeGroupCode	MISSES	179075	Misses	Clothing size for women typically greater than Juniors.	https://ref.gs1.org/voc/SizeGroupCode	urn:gs1:std:gdsn:c1879515150	Misses		MISSES	True	False		rdf:type + IRI code suffix + JSON sourceId/classId + GDSN codeListName/label
https://ref.gs1.org/voc/SizeGroupCode-PETITE	urn:gs1:std:gdsn:cv179076	type-and-iri-code	SizeGroupCode	PETITE	179076	Petite	A standard clothing size designed to fit women of shorter height.	https://ref.gs1.org/voc/SizeGroupCode	urn:gs1:std:gdsn:c1879515150	Petite		PETITE	True	False		rdf:type + IRI code suffix + JSON sourceId/classId + GDSN codeListName/label
https://ref.gs1.org/voc/SizeGroupCode-WOMENS	urn:gs1:std:gdsn:cv179077	type-and-iri-code	SizeGroupCode	WOMENS	179077	Womens	Clothing size for adult females.	https://ref.gs1.org/voc/SizeGroupCode	urn:gs1:std:gdsn:c1879515150	Womens		WOMENS	True	False		rdf:type + IRI code suffix + JSON sourceId/classId + GDSN codeListName/label
https://ref.gs1.org/voc/SizeGroupCode-WOMENS_TALL	urn:gs1:std:gdsn:cv179078	type-and-iri-code	SizeGroupCode	WOMENS_TALL	179078	Womens Tall	Clothing size for adult females of above average height.	https://ref.gs1.org/voc/SizeGroupCode	urn:gs1:std:gdsn:c1879515150	Womens Tall		WOMENS_TALL	True	False		rdf:type + IRI code suffix + JSON sourceId/classId + GDSN codeListName/label
https://ref.gs1.org/voc/SizeSystemCode-AUSTRALIA	urn:gs1:std:gdsn:cv179091	type-and-iri-code	SizeSystemCode	AUSTRALIA	179091	Australia	The Australian size system.	https://ref.gs1.org/voc/SizeSystemCode	urn:gs1:std:gdsn:c848795121	Australia		AUSTRALIA	True	False		rdf:type + IRI code suffix + JSON sourceId/classId + GDSN codeListName/label
https://ref.gs1.org/voc/SizeSystemCode-CONTINENTAL	urn:gs1:std:gdsn:cv179092	type-and-iri-code	SizeSystemCode	CONTINENTAL	179092	Continental	The Continental European size system.	https://ref.gs1.org/voc/SizeSystemCode	urn:gs1:std:gdsn:c848795121	Continental		CONTINENTAL	True	False		rdf:type + IRI code suffix + JSON sourceId/classId + GDSN codeListName/label
https://ref.gs1.org/voc/SizeSystemCode-EUROPE	urn:gs1:std:gdsn:cv179093	type-and-iri-code	SizeSystemCode	EUROPE	179093	Europe	The European size system.	https://ref.gs1.org/voc/SizeSystemCode	urn:gs1:std:gdsn:c848795121	Europe		EUROPE	True	False		rdf:type + IRI code suffix + JSON sourceId/classId + GDSN codeListName/label
https://ref.gs1.org/voc/SizeSystemCode-JAPAN	urn:gs1:std:gdsn:cv179097	type-and-iri-code	SizeSystemCode	JAPAN	179097	Japan	The Japanese size system.	https://ref.gs1.org/voc/SizeSystemCode	urn:gs1:std:gdsn:c848795121	Japan		JAPAN	True	False		rdf:type + IRI code suffix + JSON sourceId/classId + GDSN codeListName/label
https://ref.gs1.org/voc/SizeSystemCode-MEXICO	urn:gs1:std:gdsn:cv179098	type-and-iri-code	SizeSystemCode	MEXICO	179098	Mexico	The Mexican size system.	https://ref.gs1.org/voc/SizeSystemCode	urn:gs1:std:gdsn:c848795121	Mexico		MEXICO	True	False		rdf:type + IRI code suffix + JSON sourceId/classId + GDSN codeListName/label
https://ref.gs1.org/voc/SizeSystemCode-UK	urn:gs1:std:gdsn:cv179099	type-and-iri-code	SizeSystemCode	UK	179099	UK	The United Kingdom size system.	https://ref.gs1.org/voc/SizeSystemCode	urn:gs1:std:gdsn:c848795121	UK		UK	True	False		rdf:type + IRI code suffix + JSON sourceId/classId + GDSN codeListName/label
https://ref.gs1.org/voc/SizeSystemCode-US	urn:gs1:std:gdsn:cv179100	type-and-iri-code	SizeSystemCode	US	179100	US	The United States size system.	https://ref.gs1.org/voc/SizeSystemCode	urn:gs1:std:gdsn:c848795121	US		US	True	False		rdf:type + IRI code suffix + JSON sourceId/classId + GDSN codeListName/label
https://ref.gs1.org/voc/SizeTypeCode-BACK	urn:gs1:std:gdsn:cv179110	type-and-iri-code	SizeTypeCode	BACK	179110	Back	NOT AVAILABLE	https://ref.gs1.org/voc/SizeTypeCode	urn:gs1:std:gdsn:c1989107388	Back		BACK	True	False		rdf:type + IRI code suffix + JSON sourceId/classId + GDSN codeListName/label
https://ref.gs1.org/voc/SizeTypeCode-CHEST_BUST	urn:gs1:std:gdsn:cv179142	type-and-iri-code	SizeTypeCode	CHEST_BUST	179142	Chest Bust	The measurement around the widest part of the chest/bust.	https://ref.gs1.org/voc/SizeTypeCode	urn:gs1:std:gdsn:c1989107388	Chest or Bust	The measurement around the widest part of the chest/bust.	CHEST_BUST	True	False		rdf:type + IRI code suffix + JSON sourceId/classId + GDSN codeListName/label
https://ref.gs1.org/voc/SizeTypeCode-COLLAR	urn:gs1:std:gdsn:cv179151	type-and-iri-code	SizeTypeCode	COLLAR	179151	Collar	Collar	https://ref.gs1.org/voc/SizeTypeCode	urn:gs1:std:gdsn:c1989107388	Collar		COLLAR	True	False		rdf:type + IRI code suffix + JSON sourceId/classId + GDSN codeListName/label
https://ref.gs1.org/voc/SizeTypeCode-CUP	urn:gs1:std:gdsn:cv179159	type-and-iri-code	SizeTypeCode	CUP	179159	Cup	Cup	https://ref.gs1.org/voc/SizeTypeCode	urn:gs1:std:gdsn:c1989107388	Cup		CUP	True	False		rdf:type + IRI code suffix + JSON sourceId/classId + GDSN codeListName/label
https://ref.gs1.org/voc/SizeTypeCode-HIPS	urn:gs1:std:gdsn:cv179227	type-and-iri-code	SizeTypeCode	HIPS	179227	Hips	The measurement around the fullest part of the hips.	https://ref.gs1.org/voc/SizeTypeCode	urn:gs1:std:gdsn:c1989107388	Hips	The measurement around the fullest part of the hips.	HIPS	True	False		rdf:type + IRI code suffix + JSON sourceId/classId + GDSN codeListName/label
https://ref.gs1.org/voc/SizeTypeCode-INSEAM	urn:gs1:std:gdsn:cv179235	type-and-iri-code	SizeTypeCode	INSEAM	179235	Inseam	Inseam	https://ref.gs1.org/voc/SizeTypeCode	urn:gs1:std:gdsn:c1989107388	Inseam		INSEAM	True	False		rdf:type + IRI code suffix + JSON sourceId/classId + GDSN codeListName/label
https://ref.gs1.org/voc/SizeTypeCode-LENGTH	urn:gs1:std:gdsn:cv179248	type-and-iri-code	SizeTypeCode	LENGTH	179248	Length	Length is the single dimension from one point to another point. Example: Length of a rope, garden hose, etc.	https://ref.gs1.org/voc/SizeTypeCode	urn:gs1:std:gdsn:c1989107388	Length		LENGTH	True	False		rdf:type + IRI code suffix + JSON sourceId/classId + GDSN codeListName/label
https://ref.gs1.org/voc/SizeTypeCode-ONE_DIMENSION	urn:gs1:std:gdsn:cv179263	type-and-iri-code	SizeTypeCode	ONE_DIMENSION	179263	One  Dimension	One Dimension	https://ref.gs1.org/voc/SizeTypeCode	urn:gs1:std:gdsn:c1989107388	One Dimension		ONE_DIMENSION	True	False		rdf:type + IRI code suffix + JSON sourceId/classId + GDSN codeListName/label
https://ref.gs1.org/voc/SizeTypeCode-OUTSIDE_LEG	urn:gs1:std:gdsn:cv179268	type-and-iri-code	SizeTypeCode	OUTSIDE_LEG	179268	Outside Leg	The measurement of the outside leg seam. This is the distance from the waist to the bottom of the trousers.	https://ref.gs1.org/voc/SizeTypeCode	urn:gs1:std:gdsn:c1989107388	Outside Leg	The measurement of the outside leg seam. This is the distance from the waist to the bottom of the trousers.	OUTSIDE_LEG	True	False		rdf:type + IRI code suffix + JSON sourceId/classId + GDSN codeListName/label
https://ref.gs1.org/voc/SizeTypeCode-SLEEVE	urn:gs1:std:gdsn:cv179324	type-and-iri-code	SizeTypeCode	SLEEVE	179324	Sleeve	NOT AVAILABLE	https://ref.gs1.org/voc/SizeTypeCode	urn:gs1:std:gdsn:c1989107388	Sleeve		SLEEVE	True	False		rdf:type + IRI code suffix + JSON sourceId/classId + GDSN codeListName/label
https://ref.gs1.org/voc/SizeTypeCode-WAIST	urn:gs1:std:gdsn:cv179364	type-and-iri-code	SizeTypeCode	WAIST	179364	Waist	NOT AVAILABLE	https://ref.gs1.org/voc/SizeTypeCode	urn:gs1:std:gdsn:c1989107388	Waist		WAIST	True	False		rdf:type + IRI code suffix + JSON sourceId/classId + GDSN codeListName/label
https://ref.gs1.org/voc/SizeTypeCode-WIDTH	urn:gs1:std:gdsn:cv179374	type-and-iri-code	SizeTypeCode	WIDTH	179374	Width maximum	Indicates the maximum width.	https://ref.gs1.org/voc/SizeTypeCode	urn:gs1:std:gdsn:c1989107388	Width		WIDTH	True	False		rdf:type + IRI code suffix + JSON sourceId/classId + GDSN codeListName/label
https://ref.gs1.org/voc/SourceAnimalCode-ALLIGATOR	urn:gs1:std:gdsn:cv179408	type-and-iri-code	SourceAnimalCode	ALLIGATOR	179408	Alligator	A crocodilian in the genus Alligator of the family Alligatoridae.	https://ref.gs1.org/voc/SourceAnimalCode	urn:gs1:std:gdsn:c1422604104	Alligator	A crocodilian in the genus Alligator of the family Alligatoridae.	ALLIGATOR	True	False		rdf:type + IRI code suffix + JSON sourceId/classId + GDSN codeListName/label
https://ref.gs1.org/voc/SourceAnimalCode-ASS	urn:gs1:std:gdsn:cv179409	type-and-iri-code	SourceAnimalCode	ASS	179409	Ass	A domesticated member of the horse family.	https://ref.gs1.org/voc/SourceAnimalCode	urn:gs1:std:gdsn:c1422604104	Ass	A domesticated member of the horse family.	ASS	True	False		rdf:type + IRI code suffix + JSON sourceId/classId + GDSN codeListName/label
https://ref.gs1.org/voc/SourceAnimalCode-BEAR	urn:gs1:std:gdsn:cv179410	type-and-iri-code	SourceAnimalCode	BEAR	179410	Bear	Mammals of the family Ursidae.	https://ref.gs1.org/voc/SourceAnimalCode	urn:gs1:std:gdsn:c1422604104	Bear	Mammals of the family Ursidae.	BEAR	True	False		rdf:type + IRI code suffix + JSON sourceId/classId + GDSN codeListName/label
https://ref.gs1.org/voc/SourceAnimalCode-BEEF_COW	urn:gs1:std:gdsn:cv179411	type-and-iri-code	SourceAnimalCode	BEEF_COW	179411	Beef Cow	Cattle raised principally for meat production, other uses include leather and products used in shampoo and cosmetics.	https://ref.gs1.org/voc/SourceAnimalCode	urn:gs1:std:gdsn:c1422604104	Beef Cow	Cattle raised principally for meat production, other uses include leather and products used in shampoo and cosmetics.	BEEF_COW	True	False		rdf:type + IRI code suffix + JSON sourceId/classId + GDSN codeListName/label
https://ref.gs1.org/voc/SourceAnimalCode-BOAR	urn:gs1:std:gdsn:cv179412	type-and-iri-code	SourceAnimalCode	BOAR	179412	Boar	A wild relative of the domestic pig.	https://ref.gs1.org/voc/SourceAnimalCode	urn:gs1:std:gdsn:c1422604104	Boar	A wild relative of the domestic pig.	BOAR	True	False		rdf:type + IRI code suffix + JSON sourceId/classId + GDSN codeListName/label
https://ref.gs1.org/voc/SourceAnimalCode-BUFFALO	urn:gs1:std:gdsn:cv179413	type-and-iri-code	SourceAnimalCode	BUFFALO	179413	Buffalo	A large bovine animal, frequently used as livestock.	https://ref.gs1.org/voc/SourceAnimalCode	urn:gs1:std:gdsn:c1422604104	Buffalo	A large bovine animal, frequently used as livestock.	BUFFALO	True	False		rdf:type + IRI code suffix + JSON sourceId/classId + GDSN codeListName/label
https://ref.gs1.org/voc/SourceAnimalCode-CALF	urn:gs1:std:gdsn:cv179414	type-and-iri-code	SourceAnimalCode	CALF	179414	Calf/Veal	A general term for a juvenile member of any species of domestic cattle which is intentionally raised to be processed at a young age, also known by the culinary term Veal. Bovidae Bovinae Bos B. taurus	https://ref.gs1.org/voc/SourceAnimalCode	urn:gs1:std:gdsn:c1422604104	Calf	A general term for a juvenile member of any species of domestic cattle which is intentionally raised to be processed at a young age.	CALF	True	False		rdf:type + IRI code suffix + JSON sourceId/classId + GDSN codeListName/label
https://ref.gs1.org/voc/SourceAnimalCode-CAMEL	urn:gs1:std:gdsn:cv179415	type-and-iri-code	SourceAnimalCode	CAMEL	179415	Camel	Even-toed ungulates within the genus Camelus.	https://ref.gs1.org/voc/SourceAnimalCode	urn:gs1:std:gdsn:c1422604104	Camel	Even-toed ungulates within the genus Camelus.	CAMEL	True	False		rdf:type + IRI code suffix + JSON sourceId/classId + GDSN codeListName/label
https://ref.gs1.org/voc/SourceAnimalCode-CHICKEN	urn:gs1:std:gdsn:cv179416	type-and-iri-code	SourceAnimalCode	CHICKEN	179416	Chicken	A domesticated fowl.	https://ref.gs1.org/voc/SourceAnimalCode	urn:gs1:std:gdsn:c1422604104	Chicken	A domesticated fowl.	CHICKEN	True	False		rdf:type + IRI code suffix + JSON sourceId/classId + GDSN codeListName/label
https://ref.gs1.org/voc/SourceAnimalCode-COCKEREL	urn:gs1:std:gdsn:cv179417	type-and-iri-code	SourceAnimalCode	COCKEREL	179417	Cockerel	A male chicken.	https://ref.gs1.org/voc/SourceAnimalCode	urn:gs1:std:gdsn:c1422604104	Cockerel	A male chicken.	COCKEREL	True	False		rdf:type + IRI code suffix + JSON sourceId/classId + GDSN codeListName/label
https://ref.gs1.org/voc/SourceAnimalCode-COW	urn:gs1:std:gdsn:cv179418	type-and-iri-code	SourceAnimalCode	COW	179418	Cow	A domesticated member of the subfamily Bovinae.	https://ref.gs1.org/voc/SourceAnimalCode	urn:gs1:std:gdsn:c1422604104	Cow	A domesticated member of the subfamily Bovinae.	COW	True	False		rdf:type + IRI code suffix + JSON sourceId/classId + GDSN codeListName/label
https://ref.gs1.org/voc/SourceAnimalCode-CROCODILE	urn:gs1:std:gdsn:cv179419	type-and-iri-code	SourceAnimalCode	CROCODILE	179419	Crocodile	Any species belonging to the family Crocodylidae.	https://ref.gs1.org/voc/SourceAnimalCode	urn:gs1:std:gdsn:c1422604104	Crocodile	Any species belonging to the family Crocodylidae.	CROCODILE	True	False		rdf:type + IRI code suffix + JSON sourceId/classId + GDSN codeListName/label
https://ref.gs1.org/voc/SourceAnimalCode-DEER	urn:gs1:std:gdsn:cv179420	type-and-iri-code	SourceAnimalCode	DEER	179420	Deer	Ruminant mammals forming the family Cervidae.	https://ref.gs1.org/voc/SourceAnimalCode	urn:gs1:std:gdsn:c1422604104	Deer	Ruminant mammals forming the family Cervidae.	DEER	True	False		rdf:type + IRI code suffix + JSON sourceId/classId + GDSN codeListName/label
https://ref.gs1.org/voc/SourceAnimalCode-DOG	urn:gs1:std:gdsn:cv179421	type-and-iri-code	SourceAnimalCode	DOG	179421	Dog	A domesticated form of the Wolf, a member of the Canidae family of the order Carnivora.	https://ref.gs1.org/voc/SourceAnimalCode	urn:gs1:std:gdsn:c1422604104	Dog	A domesticated form of the Wolf, a member of the Canidae family of the order Carnivora.	DOG	True	False		rdf:type + IRI code suffix + JSON sourceId/classId + GDSN codeListName/label
https://ref.gs1.org/voc/SourceAnimalCode-DUCK	urn:gs1:std:gdsn:cv179422	type-and-iri-code	SourceAnimalCode	DUCK	179422	Duck	Aquatic birds, mostly smaller than the swans and geese, and may be found in both fresh water and sea water.	https://ref.gs1.org/voc/SourceAnimalCode	urn:gs1:std:gdsn:c1422604104	Duck	Aquatic birds, mostly smaller than the swans and geese, and may be found in both fresh water and sea water.	DUCK	True	False		rdf:type + IRI code suffix + JSON sourceId/classId + GDSN codeListName/label
https://ref.gs1.org/voc/SourceAnimalCode-DUCKLING	urn:gs1:std:gdsn:cv179423	type-and-iri-code	SourceAnimalCode	DUCKLING	179423	Duckling	A young duck.	https://ref.gs1.org/voc/SourceAnimalCode	urn:gs1:std:gdsn:c1422604104	Duckling	A young duck.	DUCKLING	True	False		rdf:type + IRI code suffix + JSON sourceId/classId + GDSN codeListName/label
https://ref.gs1.org/voc/SourceAnimalCode-FISH	urn:gs1:std:gdsn:cv179424	type-and-iri-code	SourceAnimalCode	FISH	179424	Fish	Fresh and sea water fish	https://ref.gs1.org/voc/SourceAnimalCode	urn:gs1:std:gdsn:c1422604104	Fish	Fresh or sea water fish.	FISH	True	False		rdf:type + IRI code suffix + JSON sourceId/classId + GDSN codeListName/label
https://ref.gs1.org/voc/SourceAnimalCode-FOWL	urn:gs1:std:gdsn:cv179425	type-and-iri-code	SourceAnimalCode	FOWL	179425	Fowl	Non-domesticated birds in general but usually refers to birds belonging to one of two biological orders, namely the gamefowl or landfowl and the waterfowl.	https://ref.gs1.org/voc/SourceAnimalCode	urn:gs1:std:gdsn:c1422604104	Fowl	Non-domesticated birds in general but usually refers to birds belonging to one of two biological orders, namely the gamefowl or landfowl and the waterfowl.	FOWL	True	False		rdf:type + IRI code suffix + JSON sourceId/classId + GDSN codeListName/label
https://ref.gs1.org/voc/SourceAnimalCode-FROG	urn:gs1:std:gdsn:cv179426	type-and-iri-code	SourceAnimalCode	FROG	179426	Frog	Amphibians in the order Anura.	https://ref.gs1.org/voc/SourceAnimalCode	urn:gs1:std:gdsn:c1422604104	Frog	Amphibians in the order Anura.	FROG	True	False		rdf:type + IRI code suffix + JSON sourceId/classId + GDSN codeListName/label
https://ref.gs1.org/voc/SourceAnimalCode-GOAT	urn:gs1:std:gdsn:cv179427	type-and-iri-code	SourceAnimalCode	GOAT	179427	Goat	A member of the Bovidae family and is closely related to the sheep	https://ref.gs1.org/voc/SourceAnimalCode	urn:gs1:std:gdsn:c1422604104	Goat	A member of the Bovidae family and is closely related to the sheep.	GOAT	True	False		rdf:type + IRI code suffix + JSON sourceId/classId + GDSN codeListName/label
https://ref.gs1.org/voc/SourceAnimalCode-GOOSE	urn:gs1:std:gdsn:cv179428	type-and-iri-code	SourceAnimalCode	GOOSE	179428	Goose	A bird belonging to the family Anatidae	https://ref.gs1.org/voc/SourceAnimalCode	urn:gs1:std:gdsn:c1422604104	Goose	A bird belonging to the family Anatidae	GOOSE	True	False		rdf:type + IRI code suffix + JSON sourceId/classId + GDSN codeListName/label
https://ref.gs1.org/voc/SourceAnimalCode-GROUSE	urn:gs1:std:gdsn:cv179429	type-and-iri-code	SourceAnimalCode	GROUSE	179429	Grouse	A group of birds from the order Galliformes.	https://ref.gs1.org/voc/SourceAnimalCode	urn:gs1:std:gdsn:c1422604104	Grouse	A group of birds from the order Galliformes.	GROUSE	True	False		rdf:type + IRI code suffix + JSON sourceId/classId + GDSN codeListName/label
https://ref.gs1.org/voc/SourceAnimalCode-GUINEAFOWL	urn:gs1:std:gdsn:cv179430	type-and-iri-code	SourceAnimalCode	GUINEAFOWL	179430	Guineafowl	A family of birds in the Galliformes order	https://ref.gs1.org/voc/SourceAnimalCode	urn:gs1:std:gdsn:c1422604104	Guinea Fowl	A family of birds in the Galliformes order	GUINEAFOWL	True	False		rdf:type + IRI code suffix + JSON sourceId/classId + GDSN codeListName/label
https://ref.gs1.org/voc/SourceAnimalCode-HARE	urn:gs1:std:gdsn:cv179431	type-and-iri-code	SourceAnimalCode	HARE	179431	Hare	Leporidaes belonging to the genus Lepus.	https://ref.gs1.org/voc/SourceAnimalCode	urn:gs1:std:gdsn:c1422604104	Hare	Leporidaes belonging to the genus Lepus.	HARE	True	False		rdf:type + IRI code suffix + JSON sourceId/classId + GDSN codeListName/label
https://ref.gs1.org/voc/SourceAnimalCode-HORSE	urn:gs1:std:gdsn:cv179432	type-and-iri-code	SourceAnimalCode	HORSE	179432	Horse	A hoofed (ungulate) mammal, a subspecies of one of seven extant species of the family Equidae.	https://ref.gs1.org/voc/SourceAnimalCode	urn:gs1:std:gdsn:c1422604104	Horse	a hoofed (ungulate) mammal, a subspecies of one of seven extant species of the family Equidae.	HORSE	True	False		rdf:type + IRI code suffix + JSON sourceId/classId + GDSN codeListName/label
https://ref.gs1.org/voc/SourceAnimalCode-INVERTEBRATE	urn:gs1:std:gdsn:cv179433	type-and-iri-code	SourceAnimalCode	INVERTEBRATE	179433	Invertebrate	Fresh and sea water fish	https://ref.gs1.org/voc/SourceAnimalCode	urn:gs1:std:gdsn:c1422604104	Invertebrate	Fresh or sea water invertebrate.	INVERTEBRATE	True	False		rdf:type + IRI code suffix + JSON sourceId/classId + GDSN codeListName/label
https://ref.gs1.org/voc/SourceAnimalCode-LAMB	urn:gs1:std:gdsn:cv179434	type-and-iri-code	SourceAnimalCode	LAMB	179434	Lamb	A young domestic sheep.	https://ref.gs1.org/voc/SourceAnimalCode	urn:gs1:std:gdsn:c1422604104	Lamb	A young domestic sheep.	LAMB	True	False		rdf:type + IRI code suffix + JSON sourceId/classId + GDSN codeListName/label
https://ref.gs1.org/voc/SourceAnimalCode-LAND_SNAIL	urn:gs1:std:gdsn:cv179435	type-and-iri-code	SourceAnimalCode	LAND_SNAIL	179435	Land Snail	A member of the molluscan class Gastropoda that have coiled shells in the adult stage and live on land.	https://ref.gs1.org/voc/SourceAnimalCode	urn:gs1:std:gdsn:c1422604104	Land Snail	A member of the molluscan class Gastropoda that have coiled shells in the adult stage and live on land.	LAND_SNAIL	True	False		rdf:type + IRI code suffix + JSON sourceId/classId + GDSN codeListName/label
https://ref.gs1.org/voc/SourceAnimalCode-MILK_COW	urn:gs1:std:gdsn:cv179436	type-and-iri-code	SourceAnimalCode	MILK_COW	179436	Milk Cow	Also referred to Milk Cattle, this cow is bred to produce large quantities of Milk, from which dairy products are made.	https://ref.gs1.org/voc/SourceAnimalCode	urn:gs1:std:gdsn:c1422604104	Milk Cow	Also referred to Milk Cattle, this cow is bred to produce large quantities of Milk, from which dairy products are made.	MILK_COW	True	False		rdf:type + IRI code suffix + JSON sourceId/classId + GDSN codeListName/label
https://ref.gs1.org/voc/SourceAnimalCode-MOOSE	urn:gs1:std:gdsn:cv179437	type-and-iri-code	SourceAnimalCode	MOOSE	179437	Moose	The largest extant species in the deer family.	https://ref.gs1.org/voc/SourceAnimalCode	urn:gs1:std:gdsn:c1422604104	Moose	The largest extant species in the deer family.	MOOSE	True	False		rdf:type + IRI code suffix + JSON sourceId/classId + GDSN codeListName/label
https://ref.gs1.org/voc/SourceAnimalCode-OSTRICH	urn:gs1:std:gdsn:cv179438	type-and-iri-code	SourceAnimalCode	OSTRICH	179438	Ostrich	Large flightless bird native to Africa.	https://ref.gs1.org/voc/SourceAnimalCode	urn:gs1:std:gdsn:c1422604104	Ostrich	Large flightless bird native to Africa.	OSTRICH	True	False		rdf:type + IRI code suffix + JSON sourceId/classId + GDSN codeListName/label
https://ref.gs1.org/voc/SourceAnimalCode-OTHER	urn:gs1:std:gdsn:cv179439	type-and-iri-code	SourceAnimalCode	OTHER	179439	Other	Other animal not specified in this list.	https://ref.gs1.org/voc/SourceAnimalCode	urn:gs1:std:gdsn:c1422604104	Other	Other animal not specified on this list.	OTHER	True	False		rdf:type + IRI code suffix + JSON sourceId/classId + GDSN codeListName/label
https://ref.gs1.org/voc/SourceAnimalCode-PARTRIDGE	urn:gs1:std:gdsn:cv179440	type-and-iri-code	SourceAnimalCode	PARTRIDGE	179440	Partridge	Medium-sized birds, intermediate between the larger pheasants and the smaller quails.	https://ref.gs1.org/voc/SourceAnimalCode	urn:gs1:std:gdsn:c1422604104	Partridge	Medium-sized birds, intermediate between the larger pheasants and the smaller quails.	PARTRIDGE	True	False		rdf:type + IRI code suffix + JSON sourceId/classId + GDSN codeListName/label
https://ref.gs1.org/voc/SourceAnimalCode-PHEASANT	urn:gs1:std:gdsn:cv179441	type-and-iri-code	SourceAnimalCode	PHEASANT	179441	Pheasant	A bird in the subfamily of Phasianidae in the order Galliformes.	https://ref.gs1.org/voc/SourceAnimalCode	urn:gs1:std:gdsn:c1422604104	Pheasant	A bird in the subfamily of Phasianidae in the order Galliformes.	PHEASANT	True	False		rdf:type + IRI code suffix + JSON sourceId/classId + GDSN codeListName/label
https://ref.gs1.org/voc/SourceAnimalCode-PIGEON	urn:gs1:std:gdsn:cv179442	type-and-iri-code	SourceAnimalCode	PIGEON	179442	Pigeon	A bird in the family Columbidae.	https://ref.gs1.org/voc/SourceAnimalCode	urn:gs1:std:gdsn:c1422604104	Pigeon	A bird in the family Columbidae.	PIGEON	True	False		rdf:type + IRI code suffix + JSON sourceId/classId + GDSN codeListName/label
https://ref.gs1.org/voc/SourceAnimalCode-PORK	urn:gs1:std:gdsn:cv179443	type-and-iri-code	SourceAnimalCode	PORK	179443	Pork	Meat from the domestic pig	https://ref.gs1.org/voc/SourceAnimalCode	urn:gs1:std:gdsn:c1422604104	Pork	Meat from the domestic pig	PORK	True	False		rdf:type + IRI code suffix + JSON sourceId/classId + GDSN codeListName/label
https://ref.gs1.org/voc/SourceAnimalCode-POUSSIN	urn:gs1:std:gdsn:cv179444	type-and-iri-code	SourceAnimalCode	POUSSIN	179444	Poussin	A young chicken, less than 28 days old at slaughter	https://ref.gs1.org/voc/SourceAnimalCode	urn:gs1:std:gdsn:c1422604104	Poussin	A young chicken, less than 28 days old at slaughter	POUSSIN	True	False		rdf:type + IRI code suffix + JSON sourceId/classId + GDSN codeListName/label
https://ref.gs1.org/voc/SourceAnimalCode-QUAIL	urn:gs1:std:gdsn:cv179445	type-and-iri-code	SourceAnimalCode	QUAIL	179445	Quail	Several genus of mid-sized birds in the pheasant family.	https://ref.gs1.org/voc/SourceAnimalCode	urn:gs1:std:gdsn:c1422604104	Quail	Several genus of mid-sized birds in the pheasant family.	QUAIL	True	False		rdf:type + IRI code suffix + JSON sourceId/classId + GDSN codeListName/label
https://ref.gs1.org/voc/SourceAnimalCode-RABBIT	urn:gs1:std:gdsn:cv179446	type-and-iri-code	SourceAnimalCode	RABBIT	179446	Rabbit	Small mammals in the family Leporidae of the order Lagomorpha.	https://ref.gs1.org/voc/SourceAnimalCode	urn:gs1:std:gdsn:c1422604104	Rabbit	Small mammals in the family Leporidae of the order Lagomorpha	RABBIT	True	False		rdf:type + IRI code suffix + JSON sourceId/classId + GDSN codeListName/label
https://ref.gs1.org/voc/SourceAnimalCode-RAT	urn:gs1:std:gdsn:cv179447	type-and-iri-code	SourceAnimalCode	RAT	179447	Rat	Rats are various medium-sized, long-tailed rodents of the superfamily Muroidea.	https://ref.gs1.org/voc/SourceAnimalCode	urn:gs1:std:gdsn:c1422604104	Rat	Rats are various medium-sized, long-tailed rodents of the superfamily Muroidea.	RAT	True	False		rdf:type + IRI code suffix + JSON sourceId/classId + GDSN codeListName/label
https://ref.gs1.org/voc/SourceAnimalCode-REINDEER	urn:gs1:std:gdsn:cv179448	type-and-iri-code	SourceAnimalCode	REINDEER	179448	Reindeer/Caribou	An Arctic and Subarctic-dwelling deer, widespread and numerous across the Arctic and Subarctic, also known as a Caribou. Cervidae Capreolinae Odocoileini Rangifer R. tarandus	https://ref.gs1.org/voc/SourceAnimalCode	urn:gs1:std:gdsn:c1422604104	Reindeer	An Arctic and Subarctic-dwelling deer, widespread and numerous across the Arctic and Subarctic.	REINDEER	True	False		rdf:type + IRI code suffix + JSON sourceId/classId + GDSN codeListName/label
https://ref.gs1.org/voc/SourceAnimalCode-ROE_DEER	urn:gs1:std:gdsn:cv179449	type-and-iri-code	SourceAnimalCode	ROE_DEER	179449	Roe Deer	A deer species of Europe, Asia Minor, and Caspian coastal regions.	https://ref.gs1.org/voc/SourceAnimalCode	urn:gs1:std:gdsn:c1422604104	Roe Deer	A deer species of Europe, Asia Minor, and Caspian coastal regions.	ROE_DEER	True	False		rdf:type + IRI code suffix + JSON sourceId/classId + GDSN codeListName/label
https://ref.gs1.org/voc/SourceAnimalCode-SHEEP	urn:gs1:std:gdsn:cv179450	type-and-iri-code	SourceAnimalCode	SHEEP	179450	Sheep	Small ruminants, usually with a crimped hair called wool and often with horns forming a lateral spiral.	https://ref.gs1.org/voc/SourceAnimalCode	urn:gs1:std:gdsn:c1422604104	Sheep	Small ruminants, usually with a crimped hair called wool and often with horns forming a lateral spiral.	SHEEP	True	False		rdf:type + IRI code suffix + JSON sourceId/classId + GDSN codeListName/label
https://ref.gs1.org/voc/SourceAnimalCode-SHELLFISH	urn:gs1:std:gdsn:cv179451	type-and-iri-code	SourceAnimalCode	SHELLFISH	179451	Shellfish	Fresh and sea water	https://ref.gs1.org/voc/SourceAnimalCode	urn:gs1:std:gdsn:c1422604104	Shellfish	A fresh or sea water animal, such as a mollusk or crustacean, that has a shell or shell-like exoskeleton.	SHELLFISH	True	False		rdf:type + IRI code suffix + JSON sourceId/classId + GDSN codeListName/label
https://ref.gs1.org/voc/SourceAnimalCode-SNAKE	urn:gs1:std:gdsn:cv179452	type-and-iri-code	SourceAnimalCode	SNAKE	179452	Snake	Elongate legless carnivorous reptiles of the suborder Serpentes.	https://ref.gs1.org/voc/SourceAnimalCode	urn:gs1:std:gdsn:c1422604104	Snake	Elongate legless carnivorous reptiles of the suborder Serpentes.	SNAKE	True	False		rdf:type + IRI code suffix + JSON sourceId/classId + GDSN codeListName/label
https://ref.gs1.org/voc/SourceAnimalCode-SNIPE	urn:gs1:std:gdsn:cv179453	type-and-iri-code	SourceAnimalCode	SNIPE	179453	Snipe	Any of nearly 20 wading bird species in three genera in the family Scolopacidae.	https://ref.gs1.org/voc/SourceAnimalCode	urn:gs1:std:gdsn:c1422604104	Snipe	Any of nearly 20 wading bird species in three genera in the family Scolopacidae.	SNIPE	True	False		rdf:type + IRI code suffix + JSON sourceId/classId + GDSN codeListName/label
https://ref.gs1.org/voc/SourceAnimalCode-SPARROW	urn:gs1:std:gdsn:cv179454	type-and-iri-code	SourceAnimalCode	SPARROW	179454	Sparrow	Small passerine birds in the family Passeridae.	https://ref.gs1.org/voc/SourceAnimalCode	urn:gs1:std:gdsn:c1422604104	Sparrow	Small passerine birds in the family Passeridae.	SPARROW	True	False		rdf:type + IRI code suffix + JSON sourceId/classId + GDSN codeListName/label
https://ref.gs1.org/voc/SourceAnimalCode-THRUSH	urn:gs1:std:gdsn:cv179455	type-and-iri-code	SourceAnimalCode	THRUSH	179455	Thrush	Plump, soft-plumaged, small to medium-sized passerine birds.	https://ref.gs1.org/voc/SourceAnimalCode	urn:gs1:std:gdsn:c1422604104	Thrush	Plump, soft-plumaged, small to medium-sized passerine birds.	THRUSH	True	False		rdf:type + IRI code suffix + JSON sourceId/classId + GDSN codeListName/label
https://ref.gs1.org/voc/SourceAnimalCode-TURKEY	urn:gs1:std:gdsn:cv179456	type-and-iri-code	SourceAnimalCode	TURKEY	179456	Turkey	A large bird in the genus Meleagris.	https://ref.gs1.org/voc/SourceAnimalCode	urn:gs1:std:gdsn:c1422604104	Turkey	A large bird in the genus Meleagris.	TURKEY	True	False		rdf:type + IRI code suffix + JSON sourceId/classId + GDSN codeListName/label
https://ref.gs1.org/voc/SourceAnimalCode-TURTLE	urn:gs1:std:gdsn:cv179457	type-and-iri-code	SourceAnimalCode	TURTLE	179457	Turtle	Reptiles characterised by a special bony or cartilaginous shell developed from their ribs that acts as a shield.	https://ref.gs1.org/voc/SourceAnimalCode	urn:gs1:std:gdsn:c1422604104	Turtle	Reptiles characterised by a special bony or cartilaginous shell developed from their ribs that acts as a shield.	TURTLE	True	False		rdf:type + IRI code suffix + JSON sourceId/classId + GDSN codeListName/label
https://ref.gs1.org/voc/SourceAnimalCode-WOODCOCK	urn:gs1:std:gdsn:cv179458	type-and-iri-code	SourceAnimalCode	WOODCOCK	179458	Woodcock	The woodcocks are a group of seven or eight very similar living species of wading birds in the genus Scolopax.	https://ref.gs1.org/voc/SourceAnimalCode	urn:gs1:std:gdsn:c1422604104	Woodcock	The woodcocks are a group of seven or eight very similar living species of wading birds in the genus Scolopax.	WOODCOCK	True	False		rdf:type + IRI code suffix + JSON sourceId/classId + GDSN codeListName/label
https://ref.gs1.org/voc/SourceAnimalCode-YAK	urn:gs1:std:gdsn:cv179459	type-and-iri-code	SourceAnimalCode	YAK	179459	Yak	A long-haired bovine found throughout the Himalayan region of south Central Asia, the Tibetan Plateau and as far north as Mongolia.	https://ref.gs1.org/voc/SourceAnimalCode	urn:gs1:std:gdsn:c1422604104	Yak	A long-haired bovine found throughout the Himalayan region of south Central Asia, the Tibetan Plateau and as far north as Mongolia.	YAK	True	False		rdf:type + IRI code suffix + JSON sourceId/classId + GDSN codeListName/label
https://ref.gs1.org/voc/SweetnessLevelOfAlcoholicBeverageCode-BRUT	urn:gs1:std:gdsn:cv179643	type-and-iri-code	SweetnessLevelOfAlcoholicBeverageCode	BRUT	179643	Brut	This term is used to describe those products that are labelled Brut (very dry). Please refer to local regulations for allowable sugar content.	https://ref.gs1.org/voc/SweetnessLevelOfAlcoholicBeverageCode	urn:gs1:std:gdsn:c-355393280	Brut	This term is used to describe those products that are labelled Brut (very dry). Please refer to local regulations for allowable sugar content.	BRUT	True	False		rdf:type + IRI code suffix + JSON sourceId/classId + GDSN codeListName/label
https://ref.gs1.org/voc/SweetnessLevelOfAlcoholicBeverageCode-BRUT_NATURE	urn:gs1:std:gdsn:cv179644	type-and-iri-code	SweetnessLevelOfAlcoholicBeverageCode	BRUT_NATURE	179644	Brut nature	This term is used to describe those products that are labelled Brut Nature. Brut nature has no added sugar. Please refer to local regulations for allowable sugar content.	https://ref.gs1.org/voc/SweetnessLevelOfAlcoholicBeverageCode	urn:gs1:std:gdsn:c-355393280	Brut nature	This term is used to describe those products that are labelled Brut Nature. Brut nature has no added sugar. Please refer to local regulations for allowable sugar content.	BRUT_NATURE	True	False		rdf:type + IRI code suffix + JSON sourceId/classId + GDSN codeListName/label
https://ref.gs1.org/voc/SweetnessLevelOfAlcoholicBeverageCode-DRY	urn:gs1:std:gdsn:cv179645	type-and-iri-code	SweetnessLevelOfAlcoholicBeverageCode	DRY	179645	Dry	This term is used to describe those products that are labelled Dry. Also known as Sec Please refer to local regulations for allowable sugar content.	https://ref.gs1.org/voc/SweetnessLevelOfAlcoholicBeverageCode	urn:gs1:std:gdsn:c-355393280	Dry	This term is used to describe those products that are labelled Dry. Also known as Sec Please refer to local regulations for allowable sugar content.	DRY	True	False		rdf:type + IRI code suffix + JSON sourceId/classId + GDSN codeListName/label
https://ref.gs1.org/voc/SweetnessLevelOfAlcoholicBeverageCode-EXTRA_BRUT	urn:gs1:std:gdsn:cv179646	type-and-iri-code	SweetnessLevelOfAlcoholicBeverageCode	EXTRA_BRUT	179646	Extra brut	This term is used to describe those products that are labelled Extra Brut. Please refer to local regulations for allowable sugar content.	https://ref.gs1.org/voc/SweetnessLevelOfAlcoholicBeverageCode	urn:gs1:std:gdsn:c-355393280	Extra brut	This term is used to describe those products that are labelled Extra Brut. Please refer to local regulations for allowable sugar content.	EXTRA_BRUT	True	False		rdf:type + IRI code suffix + JSON sourceId/classId + GDSN codeListName/label
https://ref.gs1.org/voc/SweetnessLevelOfAlcoholicBeverageCode-EXTRA_DRY	urn:gs1:std:gdsn:cv179647	type-and-iri-code	SweetnessLevelOfAlcoholicBeverageCode	EXTRA_DRY	179647	Extra dry	This term is used to describe those products that are labelled Extra Dry. Please refer to local regulations for allowable sugar content.	https://ref.gs1.org/voc/SweetnessLevelOfAlcoholicBeverageCode	urn:gs1:std:gdsn:c-355393280	Extra dry	This term is used to describe those products that are labelled Extra Dry. Please refer to local regulations for allowable sugar content.	EXTRA_DRY	True	False		rdf:type + IRI code suffix + JSON sourceId/classId + GDSN codeListName/label
https://ref.gs1.org/voc/SweetnessLevelOfAlcoholicBeverageCode-MEDIUM	urn:gs1:std:gdsn:cv179648	type-and-iri-code	SweetnessLevelOfAlcoholicBeverageCode	MEDIUM	179648	Medium	This term is used to describe those products that are labelled Medium or Medium sweet. Please refer to local regulations for allowable sugar content.	https://ref.gs1.org/voc/SweetnessLevelOfAlcoholicBeverageCode	urn:gs1:std:gdsn:c-355393280	Medium	This term is used to describe those products that are labelled Medium or Medium sweet. Please refer to local regulations for allowable sugar content.	MEDIUM	True	False		rdf:type + IRI code suffix + JSON sourceId/classId + GDSN codeListName/label
https://ref.gs1.org/voc/SweetnessLevelOfAlcoholicBeverageCode-MEDIUM_DRY	urn:gs1:std:gdsn:cv179649	type-and-iri-code	SweetnessLevelOfAlcoholicBeverageCode	MEDIUM_DRY	179649	Medium dry	This term is used to describe those products that are labelled Medium Dry.  Also known as Demi-sec. Please refer to local regulations for allowable sugar content.	https://ref.gs1.org/voc/SweetnessLevelOfAlcoholicBeverageCode	urn:gs1:std:gdsn:c-355393280	Medium dry	This term is used to describe those products that are labelled Medium Dry. Also known as Demi-sec. Please refer to local regulations for allowable sugar content.	MEDIUM_DRY	True	False		rdf:type + IRI code suffix + JSON sourceId/classId + GDSN codeListName/label
https://ref.gs1.org/voc/SweetnessLevelOfAlcoholicBeverageCode-OFF_DRY	urn:gs1:std:gdsn:cv179650	type-and-iri-code	SweetnessLevelOfAlcoholicBeverageCode	OFF_DRY	179650	Off-Dry	"The sugar range that goes beyond the style officially declared as dry and is below the semi-dry declaration. Please refer to local regulations for allowable sugar content. Example: In Germany the term is used to describe wines that are labelled ""Feinherb"" (Off-dry). The term isn’t part of the local regulation but is allowed to be used as official code according to a specific court ruling."	https://ref.gs1.org/voc/SweetnessLevelOfAlcoholicBeverageCode	urn:gs1:std:gdsn:c-355393280	Off-Dry	The sugar range that goes beyond the style officially declared as dry and is below the semi-dry declaration. Please refer to local regulations for allowable sugar content. Example: In Germany the term is used to describe wines that are labelled 'Feinherb' (Off-dry). The term isn't part of the local regulation but is allowed to be used as official code according to a specific court ruling.	OFF_DRY	True	False		rdf:type + IRI code suffix + JSON sourceId/classId + GDSN codeListName/label
https://ref.gs1.org/voc/SweetnessLevelOfAlcoholicBeverageCode-OTHER	urn:gs1:std:gdsn:cv179651	type-and-iri-code	SweetnessLevelOfAlcoholicBeverageCode	OTHER	179651	Other	The value needed is not listed or is not defined within this list’s individual code values and definitions. Please send a work request into GS1 or your solution provider requesting the code you are searching for.	https://ref.gs1.org/voc/SweetnessLevelOfAlcoholicBeverageCode	urn:gs1:std:gdsn:c-355393280	Other	The value needed is not listed or is not defined within this list's individual code values and definitions. Please send a work request into GS1 or your solution provider requesting the code you are searching for.	OTHER	True	False		rdf:type + IRI code suffix + JSON sourceId/classId + GDSN codeListName/label
https://ref.gs1.org/voc/SweetnessLevelOfAlcoholicBeverageCode-SWEET	urn:gs1:std:gdsn:cv179652	type-and-iri-code	SweetnessLevelOfAlcoholicBeverageCode	SWEET	179652	Sweet/Doux	This term is used to describe those products that are labelled Sweet. Also known as doux in some markets. Please refer to local regulations for allowable sugar content.	https://ref.gs1.org/voc/SweetnessLevelOfAlcoholicBeverageCode	urn:gs1:std:gdsn:c-355393280	Sweet/Doux	This term is used to describe those products that are labelled Sweet. Also known as doux in some markets. Please refer to local regulations for allowable sugar content.	SWEET	True	False		rdf:type + IRI code suffix + JSON sourceId/classId + GDSN codeListName/label
https://ref.gs1.org/voc/TargetConsumerGenderCode-FEMALE	urn:gs1:std:gdsn:cv179673	type-and-iri-code	TargetConsumerGenderCode	FEMALE	179673	Female	Female	https://ref.gs1.org/voc/TargetConsumerGenderCode	urn:gs1:std:gdsn:c1413823890	Female		FEMALE	True	False		rdf:type + IRI code suffix + JSON sourceId/classId + GDSN codeListName/label
https://ref.gs1.org/voc/TargetConsumerGenderCode-MALE	urn:gs1:std:gdsn:cv179674	type-and-iri-code	TargetConsumerGenderCode	MALE	179674	Male	Male	https://ref.gs1.org/voc/TargetConsumerGenderCode	urn:gs1:std:gdsn:c1413823890	Male		MALE	True	False		rdf:type + IRI code suffix + JSON sourceId/classId + GDSN codeListName/label
https://ref.gs1.org/voc/TargetConsumerGenderCode-UNISEX	urn:gs1:std:gdsn:cv179676	type-and-iri-code	TargetConsumerGenderCode	UNISEX	179676	Unisex	Unisex	https://ref.gs1.org/voc/TargetConsumerGenderCode	urn:gs1:std:gdsn:c1413823890	Unisex		UNISEX	True	False		rdf:type + IRI code suffix + JSON sourceId/classId + GDSN codeListName/label
