match_method	webvoc_iri	webvoc_local_name	gdsn_iri	gdsn_label	candidate_count	webvoc_kind	webvoc_types	webvoc_domain	webvoc_range	webvoc_comment	gdsn_kind	gdsn_types	gdsn_domain	gdsn_range	gdsn_comment	same_kind	object_to_langstring
exact	https://ref.gs1.org/voc/AI	AI	urn:gs1:std:gdsn:cv168983	AI	1	datatype	http://www.w3.org/2000/01/rdf-schema#Datatype			A Data Type that corresponds to GS1 Application Identifiers defined in the GS1 General Specifications	individual/other	urn:gs1:std:gdsn:c-1513720680			Definition (includes Common Name): Refers to the presence of Alpha-Isomethyl Ionone in the product. - CAS Registry Number: 127-51-5 - Also known as: 3 Methyl-4-(2,6,6-trimethyl-2-cyclohexen-1-yl)-3-buten-2-on - Disclaimer: Refers to the presence of the allergen in the product, as listed in the regulations specified by an agency and specification or any local market regulations.	False	False
case-insensitive	https://ref.gs1.org/voc/Acceleration	Acceleration	urn:gs1:std:gdsn:a1263390836	acceleration	1	individual/other	https://ref.gs1.org/voc/MeasurementType			The rate of change of velocity, a vector quantity with magnitude and direction.  SI Units: metre per second per second	object property	http://www.w3.org/2002/07/owl#ObjectProperty	urn:gs1:std:gdsn:c-1443794077	urn:gs1:std:gdsn:c-1284986072	The rate of change of velocity. For example: 0 - 60 mph / 4.3 s; 0 - 100 kph / 4.5 s.	False	False
case-insensitive	https://ref.gs1.org/voc/AllergenTypeCode	AllergenTypeCode	urn:gs1:std:gdsn:a6677	allergenTypeCode	2	individual/other					object property	http://www.w3.org/2002/07/owl#ObjectProperty	urn:gs1:std:gdsn:c1672558995	urn:gs1:std:gdsn:c-1513720680	Code indicating the type of allergen.	False	False
exact	https://ref.gs1.org/voc/AllergenTypeCode	AllergenTypeCode	urn:gs1:std:gdsn:c-1513720680	AllergenTypeCode	2	individual/other					class	http://www.w3.org/2002/07/owl#Class				False	False
case-insensitive	https://ref.gs1.org/voc/Angle	Angle	urn:gs1:std:gdsn:cv170315	ANGLE	1	individual/other	https://ref.gs1.org/voc/MeasurementType			The inclination of one line or plane to another.  Units: degrees, radians, etc.	individual/other	urn:gs1:std:gdsn:c825956250			The space (usually measured in degrees) between two intersecting lines or surfaces at or close to the point where they meet.	True	False
case-insensitive	https://ref.gs1.org/voc/Area	Area	urn:gs1:std:gdsn:cv177871	AREA	1	individual/other	https://ref.gs1.org/voc/MeasurementType			The amount of two-dimensional space occupied, measured in units of length squared.  SI Units: square metre	individual/other	urn:gs1:std:gdsn:c49431225			NOT AVAILABLE	True	False
case-insensitive	https://ref.gs1.org/voc/Brand	Brand	urn:gs1:std:gdsn:cv169471	BRAND	1	class	http://www.w3.org/2000/01/rdf-schema#Class | http://www.w3.org/2002/07/owl#Class			Information on brands and sub-brands for a product.	individual/other	urn:gs1:std:gdsn:c-165495224			Brand of a product.	False	False
case-insensitive	https://ref.gs1.org/voc/ColourCodeListCode	ColourCodeListCode	urn:gs1:std:gdsn:a7158	colourCodeListCode	2	individual/other					datatype property	http://www.w3.org/2002/07/owl#DatatypeProperty	urn:gs1:std:gdsn:c1505	urn:gs1:std:gdsn:dt_string_MinLength1_MaxLength80	Code specifying a colour code list. Allowed code values are specified in GS1 Code List ColourCodeListCode.	False	False
exact	https://ref.gs1.org/voc/ColourCodeListCode	ColourCodeListCode	urn:gs1:std:gdsn:c2147348105	ColourCodeListCode	2	individual/other					class	http://www.w3.org/2002/07/owl#Class				False	False
case-insensitive	https://ref.gs1.org/voc/CompulsoryAdditionalInformation	CompulsoryAdditionalInformation	urn:gs1:std:gdsn:assoc_1332_1650738053_2	compulsoryAdditionalInformation	2	class	http://www.w3.org/2000/01/rdf-schema#Class | http://www.w3.org/2002/07/owl#Class			The group of compulsory information about a product.	object property	http://www.w3.org/2002/07/owl#ObjectProperty	urn:gs1:std:gdsn:c1332	urn:gs1:std:gdsn:c1650738053		False	False
exact	https://ref.gs1.org/voc/CompulsoryAdditionalInformation	CompulsoryAdditionalInformation	urn:gs1:std:gdsn:c1650738053	CompulsoryAdditionalInformation	2	class	http://www.w3.org/2000/01/rdf-schema#Class | http://www.w3.org/2002/07/owl#Class			The group of compulsory information about a product.	class	http://www.w3.org/2002/07/owl#Class			The group of compulsory information about a product.	True	False
case-insensitive	https://ref.gs1.org/voc/CompulsoryAdditionalLabelInformationTypeCode	CompulsoryAdditionalLabelInformationTypeCode	urn:gs1:std:gdsn:a-262414879	compulsoryAdditionalLabelInformationTypeCode	4	individual/other				The code indicating the type of the legally required/compulsory additional information that is stated on the product packaging or label.	object property	http://www.w3.org/2002/07/owl#ObjectProperty	urn:gs1:std:gdsn:c1650738053	urn:gs1:std:gdsn:c-799282968	The code indicating the type of the legally required/compulsory additional information that is stated on the product packaging or label.	False	False
case-insensitive	https://ref.gs1.org/voc/CompulsoryAdditionalLabelInformationTypeCode	CompulsoryAdditionalLabelInformationTypeCode	urn:gs1:std:gdsn:a-358330968	compulsoryAdditionalLabelInformationTypeCode	4	individual/other				The code indicating the type of the legally required/compulsory additional information that is stated on the product packaging or label.	object property	http://www.w3.org/2002/07/owl#ObjectProperty	urn:gs1:std:gdsn:c1645021613	urn:gs1:std:gdsn:c-799282968	The code indicating the type of the legally required/compulsory additional information that is stated on the product packaging label.	False	False
exact	https://ref.gs1.org/voc/CompulsoryAdditionalLabelInformationTypeCode	CompulsoryAdditionalLabelInformationTypeCode	urn:gs1:std:gdsn:c-799282968	CompulsoryAdditionalLabelInformationTypeCode	4	individual/other				The code indicating the type of the legally required/compulsory additional information that is stated on the product packaging or label.	class	http://www.w3.org/2002/07/owl#Class				False	False
exact	https://ref.gs1.org/voc/CompulsoryAdditionalLabelInformationTypeCode	CompulsoryAdditionalLabelInformationTypeCode	urn:gs1:std:gdsn:c1294152464	CompulsoryAdditionalLabelInformationTypeCode	4	individual/other				The code indicating the type of the legally required/compulsory additional information that is stated on the product packaging or label.	class	http://www.w3.org/2002/07/owl#Class				False	False
case-insensitive	https://ref.gs1.org/voc/Count	Count	urn:gs1:std:gdsn:cv177872	COUNT	1	individual/other	https://ref.gs1.org/voc/MeasurementType			A measure of the total quantity of something; the number of individual units present.  Typically dimensionless (no units)	individual/other	urn:gs1:std:gdsn:c49431225			NOT AVAILABLE	True	False
exact	https://ref.gs1.org/voc/Country	Country	urn:gs1:std:gdsn:c1287	Country	4	class	http://www.w3.org/2000/01/rdf-schema#Class | http://www.w3.org/2002/07/owl#Class			Country is a complex data type that indicates a country and a country subdivision.	class	http://www.w3.org/2002/07/owl#Class			Information on a country and any included subdivision.	True	False
exact	https://ref.gs1.org/voc/Country	Country	urn:gs1:std:gdsn:c1673496745	Country	4	class	http://www.w3.org/2000/01/rdf-schema#Class | http://www.w3.org/2002/07/owl#Class			Country is a complex data type that indicates a country and a country subdivision.	class	http://www.w3.org/2002/07/owl#Class			Information on a country and any included subdivision.	True	False
case-insensitive	https://ref.gs1.org/voc/Country	Country	urn:gs1:std:gdsn:cv178345	COUNTRY	4	class	http://www.w3.org/2000/01/rdf-schema#Class | http://www.w3.org/2002/07/owl#Class			Country is a complex data type that indicates a country and a country subdivision.	individual/other	urn:gs1:std:gdsn:c2147348162			An American musical style that began in the rural Southern United States in the 1920s.	False	False
case-insensitive	https://ref.gs1.org/voc/Country	Country	urn:gs1:std:gdsn:cv178634	COUNTRY	4	class	http://www.w3.org/2000/01/rdf-schema#Class | http://www.w3.org/2002/07/owl#Class			Country is a complex data type that indicates a country and a country subdivision.	individual/other	urn:gs1:std:gdsn:c2147348026			A nation with its own government, occupying a particular territory.	False	False
case-insensitive	https://ref.gs1.org/voc/DietTypeCode	DietTypeCode	urn:gs1:std:gdsn:a6701	dietTypeCode	2	individual/other					object property	http://www.w3.org/2002/07/owl#ObjectProperty	urn:gs1:std:gdsn:c1327	urn:gs1:std:gdsn:c-683161172	Code indicating the diet the product is suitable for.	False	False
exact	https://ref.gs1.org/voc/DietTypeCode	DietTypeCode	urn:gs1:std:gdsn:c-683161172	DietTypeCode	2	individual/other					class	http://www.w3.org/2002/07/owl#Class			Code indicating the diet the product is suitable for.	False	False
case-insensitive	https://ref.gs1.org/voc/Discount	Discount	urn:gs1:std:gdsn:extcv2605_nABCAPricingTerms	DISCOUNT	1	class	http://www.w3.org/2000/01/rdf-schema#Class | http://www.w3.org/2002/07/owl#Class			Provides information on a discount applicable to an offer for example 2 percent.	individual/other	urn:gs1:std:gdsn:extCode_nABCAPricingTerms				False	False
case-insensitive	https://ref.gs1.org/voc/Energy	Energy	urn:gs1:std:gdsn:cv174130	ENERGY	2	individual/other	https://ref.gs1.org/voc/MeasurementType			A measure of a the capacity of a system or body to do work.  SI Units: joule	individual/other	urn:gs1:std:gdsn:c2147348062			Energy	True	False
case-insensitive	https://ref.gs1.org/voc/Energy	Energy	urn:gs1:std:gdsn:cv177558	ENERGY	2	individual/other	https://ref.gs1.org/voc/MeasurementType			A measure of a the capacity of a system or body to do work.  SI Units: joule	individual/other	urn:gs1:std:gdsn:c-407381973			Energy is a property of objects which can be transferred to other objects or converted into different forms.	True	False
case-insensitive	https://ref.gs1.org/voc/Frequency	Frequency	urn:gs1:std:gdsn:cv170355	FREQUENCY	1	individual/other	https://ref.gs1.org/voc/MeasurementType			The rate of repetition of a periodic oscillation or disturbance; the number of cycles per unit time.  SI Units: hertz	individual/other	urn:gs1:std:gdsn:c825956250			Frequency	True	False
case-insensitive	https://ref.gs1.org/voc/GrowingMethodCode	GrowingMethodCode	urn:gs1:std:gdsn:a2145516373	growingMethodCode	2	individual/other					object property	http://www.w3.org/2002/07/owl#ObjectProperty	urn:gs1:std:gdsn:c2147348345	urn:gs1:std:gdsn:c1120209087	The code indicating how the product has been grown, cultivated, reared and/or raised.	False	False
exact	https://ref.gs1.org/voc/GrowingMethodCode	GrowingMethodCode	urn:gs1:std:gdsn:c1120209087	GrowingMethodCode	2	individual/other					class	http://www.w3.org/2002/07/owl#Class				False	False
case-insensitive	https://ref.gs1.org/voc/Length	Length	urn:gs1:std:gdsn:cv170369	LENGTH	3	individual/other	https://ref.gs1.org/voc/MeasurementType			The linear magnitude of any thing, as measured end to end.  Length, width, depth, height, diameter are all measured in units of length.  SI Units: metre	individual/other	urn:gs1:std:gdsn:c825956250			The length of the trade item for example a needle.	True	False
case-insensitive	https://ref.gs1.org/voc/Length	Length	urn:gs1:std:gdsn:cv177873	LENGTH	3	individual/other	https://ref.gs1.org/voc/MeasurementType			The linear magnitude of any thing, as measured end to end.  Length, width, depth, height, diameter are all measured in units of length.  SI Units: metre	individual/other	urn:gs1:std:gdsn:c49431225			NOT AVAILABLE	True	False
case-insensitive	https://ref.gs1.org/voc/Length	Length	urn:gs1:std:gdsn:cv179248	LENGTH	3	individual/other	https://ref.gs1.org/voc/MeasurementType			The linear magnitude of any thing, as measured end to end.  Length, width, depth, height, diameter are all measured in units of length.  SI Units: metre	individual/other	urn:gs1:std:gdsn:c1989107388			Length is the single dimension from one point to another point. Example: Length of a rope, garden hose, etc.	True	False
case-insensitive	https://ref.gs1.org/voc/LevelOfContainmentCode	LevelOfContainmentCode	urn:gs1:std:gdsn:a6678	levelOfContainmentCode	3	individual/other					object property	http://www.w3.org/2002/07/owl#ObjectProperty	urn:gs1:std:gdsn:c1672558995	urn:gs1:std:gdsn:c-1676761165	Code indicating the level of presence of the allergen.	False	False
case-insensitive	https://ref.gs1.org/voc/LevelOfContainmentCode	LevelOfContainmentCode	urn:gs1:std:gdsn:a6717	levelOfContainmentCode	3	individual/other					object property	http://www.w3.org/2002/07/owl#ObjectProperty	urn:gs1:std:gdsn:c-1706481943	urn:gs1:std:gdsn:c-1676761165	Code indicating the level of presence of the additive.	False	False
exact	https://ref.gs1.org/voc/LevelOfContainmentCode	LevelOfContainmentCode	urn:gs1:std:gdsn:c-1676761165	LevelOfContainmentCode	3	individual/other					class	http://www.w3.org/2002/07/owl#Class				False	False
normalized	https://ref.gs1.org/voc/LuminousFlux	LuminousFlux	urn:gs1:std:gdsn:cv170371	LUMINOUS_FLUX	1	individual/other	https://ref.gs1.org/voc/MeasurementType			A measure of the perceived power of light emitted by a source or received by a surface and irrespective of direction, taking into account the sensitivity of the human eye to different wavelengths of light.  SI Units: lumen = 1 candela per steradian	individual/other	urn:gs1:std:gdsn:c825956250			Luminous flux	True	False
case-insensitive	https://ref.gs1.org/voc/MaturationMethodCode	MaturationMethodCode	urn:gs1:std:gdsn:a456338447	maturationMethodCode	2	individual/other					object property	http://www.w3.org/2002/07/owl#ObjectProperty	urn:gs1:std:gdsn:c1401805021	urn:gs1:std:gdsn:c-1168885596	The method of maturity for the item or ingredient for example tree ripened or jet fresh.	False	False
exact	https://ref.gs1.org/voc/MaturationMethodCode	MaturationMethodCode	urn:gs1:std:gdsn:c-1168885596	MaturationMethodCode	2	individual/other					class	http://www.w3.org/2002/07/owl#Class				False	False
case-insensitive	https://ref.gs1.org/voc/MeasurementPrecisionCode	MeasurementPrecisionCode	urn:gs1:std:gdsn:a6691	measurementPrecisionCode	2	individual/other					object property	http://www.w3.org/2002/07/owl#ObjectProperty	urn:gs1:std:gdsn:c1322	urn:gs1:std:gdsn:c-2070653794	Code indicating whether the specified nutrient content is exact or approximate.	False	False
exact	https://ref.gs1.org/voc/MeasurementPrecisionCode	MeasurementPrecisionCode	urn:gs1:std:gdsn:c-2070653794	MeasurementPrecisionCode	2	individual/other					class	http://www.w3.org/2002/07/owl#Class				False	False
case-insensitive	https://ref.gs1.org/voc/MemoryCapacity	MemoryCapacity	urn:gs1:std:gdsn:extAttr647	memoryCapacity	2	individual/other	https://ref.gs1.org/voc/MeasurementType			A measure of the size of a data structure or capacity of a data carrier, typically measured in bits (binary digits), bytes or octets (8 bits) or multiples thereof.  Units: byte	object property	http://www.w3.org/2002/07/owl#ObjectProperty	urn:gs1:std:gdsn:extGroup_BestBuy	urn:gs1:std:gdsn:extCode_memoryCapacity	What is the basic memory capacity with the unit?	False	False
case-insensitive	https://ref.gs1.org/voc/MemoryCapacity	MemoryCapacity	urn:gs1:std:gdsn:extCode_memoryCapacity	memoryCapacity	2	individual/other	https://ref.gs1.org/voc/MeasurementType			A measure of the size of a data structure or capacity of a data carrier, typically measured in bits (binary digits), bytes or octets (8 bits) or multiples thereof.  Units: byte	class	http://www.w3.org/2002/07/owl#Class				False	False
exact	https://ref.gs1.org/voc/NutritionalClaimTypeCode	NutritionalClaimTypeCode	urn:gs1:std:gdsn:c-1651290899	NutritionalClaimTypeCode	1	individual/other					class	http://www.w3.org/2002/07/owl#Class				False	False
case-insensitive	https://ref.gs1.org/voc/OrganicClaimAgencyCode	OrganicClaimAgencyCode	urn:gs1:std:gdsn:a-2065900300	organicClaimAgencyCode	2	individual/other					object property	http://www.w3.org/2002/07/owl#ObjectProperty	urn:gs1:std:gdsn:c2052522057	urn:gs1:std:gdsn:c366491729	A Governing body that creates and maintains standards related to organic products.	False	False
exact	https://ref.gs1.org/voc/OrganicClaimAgencyCode	OrganicClaimAgencyCode	urn:gs1:std:gdsn:c366491729	OrganicClaimAgencyCode	2	individual/other					class	http://www.w3.org/2002/07/owl#Class				False	False
case-insensitive	https://ref.gs1.org/voc/PackagingFeatureCode	PackagingFeatureCode	urn:gs1:std:gdsn:a-1419474474	packagingFeatureCode	2	individual/other					object property	http://www.w3.org/2002/07/owl#ObjectProperty	urn:gs1:std:gdsn:c1375	urn:gs1:std:gdsn:c-1204590580	A packaging feature thatfacilitates the usage of the product by the consumer. Features do not affect the core composition of the packaging type nor modify its usage.	False	False
exact	https://ref.gs1.org/voc/PackagingFeatureCode	PackagingFeatureCode	urn:gs1:std:gdsn:c-1204590580	PackagingFeatureCode	2	individual/other					class	http://www.w3.org/2002/07/owl#Class			A packaging feature that facilitates the usage of the product by the consumer. Features do not affect the core composition of the packaging type nor modify its usage.	False	False
case-insensitive	https://ref.gs1.org/voc/PackagingFunctionCode	PackagingFunctionCode	urn:gs1:std:gdsn:a6893	packagingFunctionCode	2	individual/other					object property	http://www.w3.org/2002/07/owl#ObjectProperty	urn:gs1:std:gdsn:c1375	urn:gs1:std:gdsn:c715725203	A code that is used to identify specific functionality for packaging resulting from specific processes or features present in the packaging type. These additional functionalities are not dependant on the packaging type and maybe applied to multiple different types.	False	False
exact	https://ref.gs1.org/voc/PackagingFunctionCode	PackagingFunctionCode	urn:gs1:std:gdsn:c715725203	PackagingFunctionCode	2	individual/other					class	http://www.w3.org/2002/07/owl#Class			A code that is used to identify specific functionality for packaging resulting from specific processes or features present in the packaging type. These additional functionalities are not dependant on the packaging type and maybe applied to multiple different types.	False	False
case-insensitive	https://ref.gs1.org/voc/PackagingMarkedLabelAccreditationCode	PackagingMarkedLabelAccreditationCode	urn:gs1:std:gdsn:a6810	packagingMarkedLabelAccreditationCode	2	individual/other					object property	http://www.w3.org/2002/07/owl#ObjectProperty	urn:gs1:std:gdsn:c1358	urn:gs1:std:gdsn:c-1409540287	A marking, on a label, that the trade item received recognition, endorsement, certification by following guidelines by the label issuing agency. This does not represent regulatory labels like CE, ? .	False	False
exact	https://ref.gs1.org/voc/PackagingMarkedLabelAccreditationCode	PackagingMarkedLabelAccreditationCode	urn:gs1:std:gdsn:c-1409540287	PackagingMarkedLabelAccreditationCode	2	individual/other					class	http://www.w3.org/2002/07/owl#Class			A marking that the trade item received recognition, endorsement, certification by following guidelines by the label issuing agency. This does not represent claims for regulatory purposes on products such as free from markings.	False	False
case-insensitive	https://ref.gs1.org/voc/PackagingMaterialTypeCode	PackagingMaterialTypeCode	urn:gs1:std:gdsn:a-121325482	packagingMaterialTypeCode	5	individual/other					object property	http://www.w3.org/2002/07/owl#ObjectProperty	urn:gs1:std:gdsn:c776974051	urn:gs1:std:gdsn:c318819073	The materials used for the packaging of the trade item for example glass or plastic. This material information can be used by data recipients for: o Tax calculations/fees/duties calculation o Carbon footprint calculations/estimations (resource optimisation) o to determine the material used.	False	False
case-insensitive	https://ref.gs1.org/voc/PackagingMaterialTypeCode	PackagingMaterialTypeCode	urn:gs1:std:gdsn:a522823125	packagingMaterialTypeCode	5	individual/other					object property	http://www.w3.org/2002/07/owl#ObjectProperty	urn:gs1:std:gdsn:c408926265	urn:gs1:std:gdsn:c318819073	A code that provides the packaging material.	False	False
case-insensitive	https://ref.gs1.org/voc/PackagingMaterialTypeCode	PackagingMaterialTypeCode	urn:gs1:std:gdsn:a6794	packagingMaterialTypeCode	5	individual/other					object property	http://www.w3.org/2002/07/owl#ObjectProperty	urn:gs1:std:gdsn:c1357	urn:gs1:std:gdsn:c318819073	The materials used for the packaging of the trade item for example glass or plastic. This material information can be used by data recipients for: o Tax calculations/fees/duties calculation o Carbon footprint calculations/estimations (resource optimisation) o to determine the material used.	False	False
case-insensitive	https://ref.gs1.org/voc/PackagingMaterialTypeCode	PackagingMaterialTypeCode	urn:gs1:std:gdsn:a993038803	packagingMaterialTypeCode	5	individual/other					object property	http://www.w3.org/2002/07/owl#ObjectProperty	urn:gs1:std:gdsn:c1338993261	urn:gs1:std:gdsn:c318819073	A code that provides the packaging material.	False	False
exact	https://ref.gs1.org/voc/PackagingMaterialTypeCode	PackagingMaterialTypeCode	urn:gs1:std:gdsn:c318819073	PackagingMaterialTypeCode	5	individual/other					class	http://www.w3.org/2002/07/owl#Class				False	False
case-insensitive	https://ref.gs1.org/voc/PackagingRecyclingProcessTypeCode	PackagingRecyclingProcessTypeCode	urn:gs1:std:gdsn:a-218586159	packagingRecyclingProcessTypeCode	2	individual/other					object property	http://www.w3.org/2002/07/owl#ObjectProperty	urn:gs1:std:gdsn:c1375	urn:gs1:std:gdsn:c-760519534	The process the packaging could undertake for recyclable & sustainability programs. Examples COMPOSTABLE, ENERGY_RECOVERABLE, REUSABLE	False	False
exact	https://ref.gs1.org/voc/PackagingRecyclingProcessTypeCode	PackagingRecyclingProcessTypeCode	urn:gs1:std:gdsn:c-760519534	PackagingRecyclingProcessTypeCode	2	individual/other					class	http://www.w3.org/2002/07/owl#Class			The process the packaging could undertake for recyclable & sustainability programs. Examples COMPOSTABLE, ENERGY_RECOVERABLE, REUSABLE.	False	False
case-insensitive	https://ref.gs1.org/voc/PackagingRecyclingSchemeCode	PackagingRecyclingSchemeCode	urn:gs1:std:gdsn:a1671972393	packagingRecyclingSchemeCode	2	individual/other					object property	http://www.w3.org/2002/07/owl#ObjectProperty	urn:gs1:std:gdsn:c1375	urn:gs1:std:gdsn:c-1205694018	A code determining the recycling scheme the packaging of this trade item will fall within when recycled. Applies to recyclable packaging with or without deposit.	False	False
exact	https://ref.gs1.org/voc/PackagingRecyclingSchemeCode	PackagingRecyclingSchemeCode	urn:gs1:std:gdsn:c-1205694018	PackagingRecyclingSchemeCode	2	individual/other					class	http://www.w3.org/2002/07/owl#Class			A code determining the recycling scheme the packaging of this trade item will fall within when recycled. Applies to recyclable packaging with or without deposit.	False	False
case-insensitive	https://ref.gs1.org/voc/PackagingShapeCode	PackagingShapeCode	urn:gs1:std:gdsn:a-1648753764	packagingShapeCode	2	individual/other					object property	http://www.w3.org/2002/07/owl#ObjectProperty	urn:gs1:std:gdsn:c1375	urn:gs1:std:gdsn:c829522730	A code depicting the shape of a package for example cone.	False	False
exact	https://ref.gs1.org/voc/PackagingShapeCode	PackagingShapeCode	urn:gs1:std:gdsn:c829522730	PackagingShapeCode	2	individual/other					class	http://www.w3.org/2002/07/owl#Class			A code depicting the shape of a package for example cone.	False	False
case-insensitive	https://ref.gs1.org/voc/PaymentMethod	PaymentMethod	urn:gs1:std:gdsn:extAttr867	paymentMethod	2	individual/other				A code indicating an accepted method of payment	object property	http://www.w3.org/2002/07/owl#ObjectProperty	urn:gs1:std:gdsn:extGroup_BestBuy	urn:gs1:std:gdsn:extCode_paymentMethod	What is the payment method for this cellular phone service	False	False
case-insensitive	https://ref.gs1.org/voc/PaymentMethod	PaymentMethod	urn:gs1:std:gdsn:extCode_paymentMethod	paymentMethod	2	individual/other				A code indicating an accepted method of payment	class	http://www.w3.org/2002/07/owl#Class				False	False
exact	https://ref.gs1.org/voc/Power	Power	urn:gs1:std:gdsn:extcv1151_gamingPeripheralType	Power	1	individual/other	https://ref.gs1.org/voc/MeasurementType			The rate of doing work or rate of production, transfer or consumption of energy; the amount of energy transferred or converted per unit time.  SI Units: watt	individual/other	urn:gs1:std:gdsn:extCode_gamingPeripheralType				True	False
case-insensitive	https://ref.gs1.org/voc/PreparationTypeCode	PreparationTypeCode	urn:gs1:std:gdsn:a6707	preparationTypeCode	3	individual/other				A code indicating a method of preparation of a food or beverage product	object property	http://www.w3.org/2002/07/owl#ObjectProperty	urn:gs1:std:gdsn:c-970284611	urn:gs1:std:gdsn:c757398162	A code specifying the technique used to make the product ready for consumption. For example: baking, boiling.	False	False
exact	https://ref.gs1.org/voc/PreparationTypeCode	PreparationTypeCode	urn:gs1:std:gdsn:c-1245497546	PreparationTypeCode	3	individual/other				A code indicating a method of preparation of a food or beverage product	class	http://www.w3.org/2002/07/owl#Class				False	False
exact	https://ref.gs1.org/voc/PreparationTypeCode	PreparationTypeCode	urn:gs1:std:gdsn:c757398162	PreparationTypeCode	3	individual/other				A code indicating a method of preparation of a food or beverage product	class	http://www.w3.org/2002/07/owl#Class				False	False
case-insensitive	https://ref.gs1.org/voc/PreservationTechniqueCode	PreservationTechniqueCode	urn:gs1:std:gdsn:a67577196	preservationTechniqueCode	1	individual/other					object property	http://www.w3.org/2002/07/owl#ObjectProperty	urn:gs1:std:gdsn:c1401805021	urn:gs1:std:gdsn:c1608555517	Code value indicating the preservation technique used to preserve the product from deterioration.	False	False
case-insensitive	https://ref.gs1.org/voc/Pressure	Pressure	urn:gs1:std:gdsn:cv170383	PRESSURE	1	individual/other	https://ref.gs1.org/voc/MeasurementType			The perpendicular force per unit area acting on a material and tending to change its dimensions.  SI Units: pascal, newton per square metre	individual/other	urn:gs1:std:gdsn:c825956250			The force or thrust exerted over a surface divided by the area of the surface	True	False
case-insensitive	https://ref.gs1.org/voc/ProductYieldTypeCode	ProductYieldTypeCode	urn:gs1:std:gdsn:a6694	productYieldTypeCode	2	individual/other					object property	http://www.w3.org/2002/07/owl#ObjectProperty	urn:gs1:std:gdsn:c1344092778	urn:gs1:std:gdsn:c1365163297	Code indicating the type of yield measurement. Examples: • After dilution • Drained weight • After cooking • Etc	False	False
exact	https://ref.gs1.org/voc/ProductYieldTypeCode	ProductYieldTypeCode	urn:gs1:std:gdsn:c1365163297	ProductYieldTypeCode	2	individual/other					class	http://www.w3.org/2002/07/owl#Class			Code indicating the type of yield measurement.	False	False
case-insensitive	https://ref.gs1.org/voc/ReferencedFileTypeCode	ReferencedFileTypeCode	urn:gs1:std:gdsn:a2081232600	referencedFileTypeCode	2	individual/other					object property	http://www.w3.org/2002/07/owl#ObjectProperty	urn:gs1:std:gdsn:c-677007393	urn:gs1:std:gdsn:c58572829	The type of file that is being referenced for example Safety Data Sheet or Product Image.	False	False
exact	https://ref.gs1.org/voc/ReferencedFileTypeCode	ReferencedFileTypeCode	urn:gs1:std:gdsn:c58572829	ReferencedFileTypeCode	2	individual/other					class	http://www.w3.org/2002/07/owl#Class				False	False
case-insensitive	https://ref.gs1.org/voc/RegulationTypeCode	RegulationTypeCode	urn:gs1:std:gdsn:a925775815	regulationTypeCode	2	individual/other				The code indicating a type of regulation.	object property	http://www.w3.org/2002/07/owl#ObjectProperty	urn:gs1:std:gdsn:c-1049209724	urn:gs1:std:gdsn:c-2013489156	A code that indicates that a trade item is in compliance with specific applicable government regulations.	False	False
exact	https://ref.gs1.org/voc/RegulationTypeCode	RegulationTypeCode	urn:gs1:std:gdsn:c-2013489156	RegulationTypeCode	2	individual/other				The code indicating a type of regulation.	class	http://www.w3.org/2002/07/owl#Class			A code that indicates that a trade item is in compliance with specific applicable government regulations.	False	False
case-insensitive	https://ref.gs1.org/voc/RegulatoryIdentifier	RegulatoryIdentifier	urn:gs1:std:gdsn:assoc_-1049209724_2147348370_2	regulatoryIdentifier	2	class	http://www.w3.org/2000/01/rdf-schema#Class | http://www.w3.org/2002/07/owl#Class			A repeatable grouping of identifiers that reference one document, record or dataset within one regulatory information system, repository or registry	object property	http://www.w3.org/2002/07/owl#ObjectProperty	urn:gs1:std:gdsn:c-1049209724	urn:gs1:std:gdsn:c2147348370		False	False
exact	https://ref.gs1.org/voc/RegulatoryIdentifier	RegulatoryIdentifier	urn:gs1:std:gdsn:c2147348370	RegulatoryIdentifier	2	class	http://www.w3.org/2000/01/rdf-schema#Class | http://www.w3.org/2002/07/owl#Class			A repeatable grouping of identifiers that reference one document, record or dataset within one regulatory information system, repository or registry	class	http://www.w3.org/2002/07/owl#Class				True	False
case-insensitive	https://ref.gs1.org/voc/RegulatoryInformation	RegulatoryInformation	urn:gs1:std:gdsn:assoc_355217030_-1049209724_1	regulatoryInformation	2	class	http://www.w3.org/2000/01/rdf-schema#Class | http://www.w3.org/2002/07/owl#Class			Information on applicable government regulations applicable to a trade item	object property	http://www.w3.org/2002/07/owl#ObjectProperty	urn:gs1:std:gdsn:c355217030	urn:gs1:std:gdsn:c-1049209724	Information on applicable government regulations a trade item is in compliance with.	False	False
exact	https://ref.gs1.org/voc/RegulatoryInformation	RegulatoryInformation	urn:gs1:std:gdsn:c-1049209724	RegulatoryInformation	2	class	http://www.w3.org/2000/01/rdf-schema#Class | http://www.w3.org/2002/07/owl#Class			Information on applicable government regulations applicable to a trade item	class	http://www.w3.org/2002/07/owl#Class			Information on applicable government regulations a trade item is in compliance with.	True	False
case-insensitive	https://ref.gs1.org/voc/SeasonParameterCode	SeasonParameterCode	urn:gs1:std:gdsn:a6889	seasonParameterCode	2	individual/other					object property	http://www.w3.org/2002/07/owl#ObjectProperty	urn:gs1:std:gdsn:c1297443462	urn:gs1:std:gdsn:c-1701072841	Indication of the season, in which the trade item is av ailable, i.e. assignment to one of the following collection periods: spring/summer, autumn/ winter or all year around.	False	False
exact	https://ref.gs1.org/voc/SeasonParameterCode	SeasonParameterCode	urn:gs1:std:gdsn:c-1701072841	SeasonParameterCode	2	individual/other					class	http://www.w3.org/2002/07/owl#Class			Indication of the season, in which the trade item is available.	False	False
case-insensitive	https://ref.gs1.org/voc/SizeGroupCode	SizeGroupCode	urn:gs1:std:gdsn:a2145516188	sizeGroupCode	2	individual/other					object property	http://www.w3.org/2002/07/owl#ObjectProperty	urn:gs1:std:gdsn:c-393608554	urn:gs1:std:gdsn:c1879515150		False	False
exact	https://ref.gs1.org/voc/SizeGroupCode	SizeGroupCode	urn:gs1:std:gdsn:c1879515150	SizeGroupCode	2	individual/other					class	http://www.w3.org/2002/07/owl#Class				False	False
case-insensitive	https://ref.gs1.org/voc/SizeSystemCode	SizeSystemCode	urn:gs1:std:gdsn:a6788	sizeSystemCode	3	individual/other					object property	http://www.w3.org/2002/07/owl#ObjectProperty	urn:gs1:std:gdsn:c1355	urn:gs1:std:gdsn:c2147348060	This is the system that is be-ing used to define the size. It is used in conjunction with size group to completely de-fine the size dimension.	False	False
exact	https://ref.gs1.org/voc/SizeSystemCode	SizeSystemCode	urn:gs1:std:gdsn:c2147348060	SizeSystemCode	3	individual/other					class	http://www.w3.org/2002/07/owl#Class				False	False
exact	https://ref.gs1.org/voc/SizeSystemCode	SizeSystemCode	urn:gs1:std:gdsn:c848795121	SizeSystemCode	3	individual/other					class	http://www.w3.org/2002/07/owl#Class				False	False
case-insensitive	https://ref.gs1.org/voc/SizeTypeCode	SizeTypeCode	urn:gs1:std:gdsn:a6789	sizeTypeCode	2	individual/other					object property	http://www.w3.org/2002/07/owl#ObjectProperty	urn:gs1:std:gdsn:c1355	urn:gs1:std:gdsn:c1989107388	The type of size dimension being specified by the size measurement.	False	False
exact	https://ref.gs1.org/voc/SizeTypeCode	SizeTypeCode	urn:gs1:std:gdsn:c1989107388	SizeTypeCode	2	individual/other					class	http://www.w3.org/2002/07/owl#Class				False	False
case-insensitive	https://ref.gs1.org/voc/SourceAnimalCode	SourceAnimalCode	urn:gs1:std:gdsn:a1057642949	sourceAnimalCode	2	individual/other					object property	http://www.w3.org/2002/07/owl#ObjectProperty	urn:gs1:std:gdsn:c1401805021	urn:gs1:std:gdsn:c1422604104	The source of raw material used to produce the food product for example a goat for milk.	False	False
exact	https://ref.gs1.org/voc/SourceAnimalCode	SourceAnimalCode	urn:gs1:std:gdsn:c1422604104	SourceAnimalCode	2	individual/other					class	http://www.w3.org/2002/07/owl#Class				False	False
case-insensitive	https://ref.gs1.org/voc/SweetnessLevelOfAlcoholicBeverageCode	SweetnessLevelOfAlcoholicBeverageCode	urn:gs1:std:gdsn:a-507188389	sweetnessLevelOfAlcoholicBeverageCode	2	individual/other					object property	http://www.w3.org/2002/07/owl#ObjectProperty	urn:gs1:std:gdsn:c305872456	urn:gs1:std:gdsn:c-355393280	Indicates the descriptive term that is used by the product manufacturer to identify the sweetness of the alcoholic beverage. These are sometimes placed on a label. In some markets, the term is based on the amount of sugar content according to local regulation.	False	False
exact	https://ref.gs1.org/voc/SweetnessLevelOfAlcoholicBeverageCode	SweetnessLevelOfAlcoholicBeverageCode	urn:gs1:std:gdsn:c-355393280	SweetnessLevelOfAlcoholicBeverageCode	2	individual/other					class	http://www.w3.org/2002/07/owl#Class				False	False
exact	https://ref.gs1.org/voc/TargetConsumerGenderCode	TargetConsumerGenderCode	urn:gs1:std:gdsn:c1413823890	TargetConsumerGenderCode	1	individual/other					class	http://www.w3.org/2002/07/owl#Class			This element identifies specific items for promotional or special tracking purposes.	False	False
case-insensitive	https://ref.gs1.org/voc/Time	Time	urn:gs1:std:gdsn:a5541	time	1	individual/other	https://ref.gs1.org/voc/MeasurementType			A dimension that enables distinction between two otherwise identical events that occur at the same point in space. The interval between such events is the basis of time measurement.  SI Units: second	datatype property	http://www.w3.org/2002/07/owl#DatatypeProperty	urn:gs1:std:gdsn:c860	http://www.w3.org/2001/XMLSchema#time	The specification of a point in time during the day.	False	False
exact	https://ref.gs1.org/voc/TradeChannelCode	TradeChannelCode	urn:gs1:std:gdsn:c1329411021	TradeChannelCode	1	individual/other					class	http://www.w3.org/2002/07/owl#Class				False	False
case-insensitive	https://ref.gs1.org/voc/Volume	Volume	urn:gs1:std:gdsn:cv177874	VOLUME	1	individual/other	https://ref.gs1.org/voc/MeasurementType			The amount of three-dimensional space occupied by a body, measured in cubic length units.  SI Units: cubic metre	individual/other	urn:gs1:std:gdsn:c49431225			NOT AVAILABLE	True	False
exact	https://ref.gs1.org/voc/additiveName	additiveName	urn:gs1:std:gdsn:a6716	additiveName	1	datatype property	http://www.w3.org/1999/02/22-rdf-syntax-ns#Property | http://www.w3.org/2002/07/owl#DatatypeProperty | http://www.w3.org/2002/07/owl#FunctionalProperty	https://ref.gs1.org/voc/AdditiveDetails	http://www.w3.org/1999/02/22-rdf-syntax-ns#langString	The name of any additive or genetic modification contained or not contained in the product .	datatype property	http://www.w3.org/2002/07/owl#DatatypeProperty	urn:gs1:std:gdsn:c-1706481943	urn:gs1:std:gdsn:dt_string_MinLength1_MaxLength200	The name of any additive or genetic modification contained or not contained in the trade item.	True	False
exact	https://ref.gs1.org/voc/address	address	urn:gs1:std:gdsn:assoc_-864922861_819_1	address	3	object property	http://www.w3.org/1999/02/22-rdf-syntax-ns#Property | http://www.w3.org/2002/07/owl#ObjectProperty	n5bfa46bf8f704497802cd9aad9a0ec91b1	https://ref.gs1.org/voc/PostalAddress	The postal address for an organization or place.	object property	http://www.w3.org/2002/07/owl#ObjectProperty	urn:gs1:std:gdsn:c-864922861	urn:gs1:std:gdsn:c819	City and country information for a publisher.	True	False
exact	https://ref.gs1.org/voc/address	address	urn:gs1:std:gdsn:assoc_1778274606_819_6	address	3	object property	http://www.w3.org/1999/02/22-rdf-syntax-ns#Property | http://www.w3.org/2002/07/owl#ObjectProperty	n5bfa46bf8f704497802cd9aad9a0ec91b1	https://ref.gs1.org/voc/PostalAddress	The postal address for an organization or place.	object property	http://www.w3.org/2002/07/owl#ObjectProperty	urn:gs1:std:gdsn:c1778274606	urn:gs1:std:gdsn:c819	City and country information for a contributor.	True	False
case-insensitive	https://ref.gs1.org/voc/address	address	urn:gs1:std:gdsn:c819	Address	3	object property	http://www.w3.org/1999/02/22-rdf-syntax-ns#Property | http://www.w3.org/2002/07/owl#ObjectProperty	n5bfa46bf8f704497802cd9aad9a0ec91b1	https://ref.gs1.org/voc/PostalAddress	The postal address for an organization or place.	class	http://www.w3.org/2002/07/owl#Class			The location at which a particular organization or person may be found or reached.	False	False
exact	https://ref.gs1.org/voc/alcoholicBeverageSubregion	alcoholicBeverageSubregion	urn:gs1:std:gdsn:a1041531639	alcoholicBeverageSubregion	1	datatype property	http://www.w3.org/1999/02/22-rdf-syntax-ns#Property | http://www.w3.org/2002/07/owl#DatatypeProperty	https://ref.gs1.org/voc/Beverage	http://www.w3.org/1999/02/22-rdf-syntax-ns#langString	A legally defined geographical region where the grapes for a wine were grown also known as an appellation. It is recommended to populate this property with an ISO 3166-2 code to indicate country and subdivision.	datatype property	http://www.w3.org/2002/07/owl#DatatypeProperty	urn:gs1:std:gdsn:c305872456	urn:gs1:std:gdsn:dt_string_MinLength1_MaxLength200	A legally defined geographical region where the grapes for a wine were grown also know as an appellation.	True	False
exact	https://ref.gs1.org/voc/allergenSpecificationAgency	allergenSpecificationAgency	urn:gs1:std:gdsn:a1715556061	allergenSpecificationAgency	1	datatype property	http://www.w3.org/1999/02/22-rdf-syntax-ns#Property | http://www.w3.org/2002/07/owl#DatatypeProperty	https://ref.gs1.org/voc/FoodBeverageTobaccoProduct	http://www.w3.org/1999/02/22-rdf-syntax-ns#langString	The agency or other organization that defines or manages the criteria for allergen containment.	datatype property	http://www.w3.org/2002/07/owl#DatatypeProperty	urn:gs1:std:gdsn:c-474206270	urn:gs1:std:gdsn:dt_string_MinLength1_MaxLength70	Agency that controls the allergen definition.	True	False
exact	https://ref.gs1.org/voc/allergenSpecificationName	allergenSpecificationName	urn:gs1:std:gdsn:a-862623014	allergenSpecificationName	1	datatype property	http://www.w3.org/1999/02/22-rdf-syntax-ns#Property | http://www.w3.org/2002/07/owl#DatatypeProperty	https://ref.gs1.org/voc/FoodBeverageTobaccoProduct	http://www.w3.org/1999/02/22-rdf-syntax-ns#langString	Free text field containing the name and version of the regulation or standard that defines the criteria of allergen containment.	datatype property	http://www.w3.org/2002/07/owl#DatatypeProperty	urn:gs1:std:gdsn:c-474206270	urn:gs1:std:gdsn:dt_string_MinLength1_MaxLength70	Free text field containing the name and version of the regulation or standard that contains the definition of the allergen.	True	False
exact	https://ref.gs1.org/voc/allergenStatement	allergenStatement	urn:gs1:std:gdsn:a-1463136308	allergenStatement	1	datatype property	http://www.w3.org/1999/02/22-rdf-syntax-ns#Property | http://www.w3.org/2002/07/owl#DatatypeProperty	https://ref.gs1.org/voc/FoodBeverageTobaccoProduct	http://www.w3.org/1999/02/22-rdf-syntax-ns#langString	Textual description of the presence or absence of allergens as governed by local rules and regulations, specified as one string.	object property	http://www.w3.org/2002/07/owl#ObjectProperty	urn:gs1:std:gdsn:c-474206270	urn:gs1:std:gdsn:c1446	Textual description of the presence or absence of allergens as governed by local rules and regulations, specified as one string.	False	True
exact	https://ref.gs1.org/voc/awardPrize	awardPrize	urn:gs1:std:gdsn:assoc_1655166618_-2077520792_1	awardPrize	2	object property	http://www.w3.org/1999/02/22-rdf-syntax-ns#Property | http://www.w3.org/2002/07/owl#ObjectProperty	https://ref.gs1.org/voc/Product	https://ref.gs1.org/voc/AwardPrizeDetails	An award or prize given to the product.	object property	http://www.w3.org/2002/07/owl#ObjectProperty	urn:gs1:std:gdsn:c1655166618	urn:gs1:std:gdsn:c-2077520792	Describes a prize or award won by the product.	True	False
case-insensitive	https://ref.gs1.org/voc/awardPrize	awardPrize	urn:gs1:std:gdsn:c-2077520792	AwardPrize	2	object property	http://www.w3.org/1999/02/22-rdf-syntax-ns#Property | http://www.w3.org/2002/07/owl#ObjectProperty	https://ref.gs1.org/voc/Product	https://ref.gs1.org/voc/AwardPrizeDetails	An award or prize given to the product.	class	http://www.w3.org/2002/07/owl#Class			Describes a prize or award won by the product.	False	False
exact	https://ref.gs1.org/voc/awardPrizeCode	awardPrizeCode	urn:gs1:std:gdsn:a2072242390	awardPrizeCode	1	datatype property	http://www.w3.org/1999/02/22-rdf-syntax-ns#Property | http://www.w3.org/2002/07/owl#DatatypeProperty	https://ref.gs1.org/voc/AwardPrizeDetails	http://www.w3.org/2001/XMLSchema#string	Indicates the achievement of the product in relation to a prize or award, e.g. winner, runner-up, shortlisted.	datatype property	http://www.w3.org/2002/07/owl#DatatypeProperty	urn:gs1:std:gdsn:c-2077520792	urn:gs1:std:gdsn:dt_string_MinLength1_MaxLength70	Indicates the achievement of the product in relation to a prize or award, eg winner, runner-up, shortlisted. Optional and non-repeating.	True	False
exact	https://ref.gs1.org/voc/awardPrizeCountryCode	awardPrizeCountryCode	urn:gs1:std:gdsn:a-1059049057	awardPrizeCountryCode	1	object property	http://www.w3.org/1999/02/22-rdf-syntax-ns#Property | http://www.w3.org/2002/07/owl#ObjectProperty	https://ref.gs1.org/voc/AwardPrizeDetails	https://ref.gs1.org/voc/Country	An ISO standard code identifying the country in which a prize or award is given. It is recommended to populate this property with an ISO 3166-1 country code.	object property	http://www.w3.org/2002/07/owl#ObjectProperty	urn:gs1:std:gdsn:c-2077520792	urn:gs1:std:gdsn:c1436	An ISO standard code identifying the country in which a prize or award is given	True	False
exact	https://ref.gs1.org/voc/awardPrizeDescription	awardPrizeDescription	urn:gs1:std:gdsn:a1343652253	awardPrizeDescription	1	datatype property	http://www.w3.org/1999/02/22-rdf-syntax-ns#Property | http://www.w3.org/2002/07/owl#DatatypeProperty	https://ref.gs1.org/voc/AwardPrizeDetails	http://www.w3.org/1999/02/22-rdf-syntax-ns#langString	Text that describes the awards won.	object property	http://www.w3.org/2002/07/owl#ObjectProperty	urn:gs1:std:gdsn:c-2077520792	urn:gs1:std:gdsn:c-1284986072	A text that describes the awards a film won.	False	True
exact	https://ref.gs1.org/voc/awardPrizeJury	awardPrizeJury	urn:gs1:std:gdsn:a-524446988	awardPrizeJury	1	datatype property	http://www.w3.org/1999/02/22-rdf-syntax-ns#Property | http://www.w3.org/2002/07/owl#DatatypeProperty	https://ref.gs1.org/voc/AwardPrizeDetails	http://www.w3.org/1999/02/22-rdf-syntax-ns#langString	Free text listing members of the jury that awarded the prize.	datatype property	http://www.w3.org/2002/07/owl#DatatypeProperty	urn:gs1:std:gdsn:c-2077520792	urn:gs1:std:gdsn:dt_string_MinLength1_MaxLength300	Free text listing members of the jury that awarded the prize.	True	False
exact	https://ref.gs1.org/voc/awardPrizeName	awardPrizeName	urn:gs1:std:gdsn:a1842159177	awardPrizeName	1	datatype property	http://www.w3.org/1999/02/22-rdf-syntax-ns#Property | http://www.w3.org/2002/07/owl#DatatypeProperty	https://ref.gs1.org/voc/AwardPrizeDetails	http://www.w3.org/1999/02/22-rdf-syntax-ns#langString	The name of a prize or award which the product has received.	datatype property	http://www.w3.org/2002/07/owl#DatatypeProperty	urn:gs1:std:gdsn:c-2077520792	urn:gs1:std:gdsn:dt_string_MinLength1_MaxLength300	The name of a prize or award which the product has received.	True	False
exact	https://ref.gs1.org/voc/awardPrizeYear	awardPrizeYear	urn:gs1:std:gdsn:a-866513691	awardPrizeYear	1	datatype property	http://www.w3.org/1999/02/22-rdf-syntax-ns#Property | http://www.w3.org/2002/07/owl#DatatypeProperty	https://ref.gs1.org/voc/AwardPrizeDetails	http://www.w3.org/2001/XMLSchema#gYear	The year in which a prize or award was given.	datatype property	http://www.w3.org/2002/07/owl#DatatypeProperty	urn:gs1:std:gdsn:c-2077520792	http://www.w3.org/2001/XMLSchema#gYear	The year in which a prize or award was given.	True	False
normalized	https://ref.gs1.org/voc/bestBeforeDate	bestBeforeDate	urn:gs1:std:gdsn:cv180075	BEST_BEFORE_DATE	1	object property	http://www.w3.org/1999/02/22-rdf-syntax-ns#Property | http://www.w3.org/2002/07/owl#ObjectProperty	http://schema.org/Product | https://ref.gs1.org/voc/Product	http://www.w3.org/2001/XMLSchema#date	Best before date on the label or package signifies the end of the period under which the product will retain specific quality attributes or claims even though the product may continue to retain positive quality attributes after this date. Best before date is primarily used for consumer information and may be a regulatory requirement.	individual/other	urn:gs1:std:gdsn:c572370265			"The “Best before” date or a derivation of best before (i.e. ""Best if used before"") indicates the ideal consumption or best effective use date of a product. It is a statement about quality. The dates come in various formats such as a specific day including month and day or by month, day and year. Best before date can also be a period of time represented by a month and year. It is defined by local requirements about the appropriate date term and the definition. These may vary by regulation and/or market conventions."	False	False
case-insensitive	https://ref.gs1.org/voc/brand	brand	urn:gs1:std:gdsn:cv169471	BRAND	1	object property	http://www.w3.org/1999/02/22-rdf-syntax-ns#Property | http://www.w3.org/2002/07/owl#ObjectProperty	https://ref.gs1.org/voc/Product	https://ref.gs1.org/voc/Brand	The brand of the product that appears on the consumer package.	individual/other	urn:gs1:std:gdsn:c-165495224			Brand of a product.	False	False
exact	https://ref.gs1.org/voc/brandName	brandName	urn:gs1:std:gdsn:a308904173	brandName	1	datatype property	http://www.w3.org/1999/02/22-rdf-syntax-ns#Property | http://www.w3.org/2002/07/owl#DatatypeProperty	https://ref.gs1.org/voc/Brand	http://www.w3.org/1999/02/22-rdf-syntax-ns#langString	The brand name of the product that appears on the consumer package.	datatype property	http://www.w3.org/2002/07/owl#DatatypeProperty	urn:gs1:std:gdsn:c1350303678	urn:gs1:std:gdsn:dt_string_MinLength1_MaxLength70	The recognisable name used by a brand owner to uniquely identify a line of trade item or services. This is recognizable by the consumer.	True	False
exact	https://ref.gs1.org/voc/brandOwner	brandOwner	urn:gs1:std:gdsn:assoc_-1604938334_785_1	brandOwner	3	object property	http://www.w3.org/1999/02/22-rdf-syntax-ns#Property | http://www.w3.org/2002/07/owl#ObjectProperty	https://ref.gs1.org/voc/Product	https://ref.gs1.org/voc/Organization	The brand owner of the product. The organization that is responsible for allocating the GTIN to the product.	object property	http://www.w3.org/2002/07/owl#ObjectProperty	urn:gs1:std:gdsn:c-1604938334	urn:gs1:std:gdsn:c785	Unique location number identifying the brand owner. May or may not be the same entity as the provider, which enters and maintains data in data pools.	True	False
exact	https://ref.gs1.org/voc/brandOwner	brandOwner	urn:gs1:std:gdsn:assoc_863999331_845_3	brandOwner	3	object property	http://www.w3.org/1999/02/22-rdf-syntax-ns#Property | http://www.w3.org/2002/07/owl#ObjectProperty	https://ref.gs1.org/voc/Product	https://ref.gs1.org/voc/Organization	The brand owner of the product. The organization that is responsible for allocating the GTIN to the product.	object property	http://www.w3.org/2002/07/owl#ObjectProperty	urn:gs1:std:gdsn:c863999331	urn:gs1:std:gdsn:c845		True	False
normalized	https://ref.gs1.org/voc/brandOwner	brandOwner	urn:gs1:std:gdsn:cv177317	BRAND_OWNER	3	object property	http://www.w3.org/1999/02/22-rdf-syntax-ns#Property | http://www.w3.org/2002/07/owl#ObjectProperty	https://ref.gs1.org/voc/Product	https://ref.gs1.org/voc/Organization	The brand owner of the product. The organization that is responsible for allocating the GTIN to the product.	individual/other	urn:gs1:std:gdsn:c-805537831			The organisation that owns the specifications of the Party regardless of where and by whom it is manufactured is normally responsible for the allocation of the Global Trade Item Number (GTIN).	False	False
normalized	https://ref.gs1.org/voc/catchZone	catchZone	urn:gs1:std:gdsn:cv178035	CATCH_ZONE	1	datatype property	http://www.w3.org/1999/02/22-rdf-syntax-ns#Property | http://www.w3.org/2002/07/owl#DatatypeProperty	https://ref.gs1.org/voc/Seafood	http://www.w3.org/1999/02/22-rdf-syntax-ns#langString	Free text field describing the sea zone from which the product was caught in.	individual/other	urn:gs1:std:gdsn:c1340828336			The sea zone in which the seafood in the trade item was caught.	False	False
exact	https://ref.gs1.org/voc/certification	certification	urn:gs1:std:gdsn:assoc_1333_381715011_1	certification	3	object property	http://www.w3.org/1999/02/22-rdf-syntax-ns#Property | http://www.w3.org/2002/07/owl#ObjectProperty	n5bfa46bf8f704497802cd9aad9a0ec91b2	https://ref.gs1.org/voc/CertificationDetails	Certification information about a product, organisation or location.	object property	http://www.w3.org/2002/07/owl#ObjectProperty	urn:gs1:std:gdsn:c1333	urn:gs1:std:gdsn:c381715011	Information on certification to which the trade item complies.	True	False
case-insensitive	https://ref.gs1.org/voc/certification	certification	urn:gs1:std:gdsn:c381715011	Certification	3	object property	http://www.w3.org/1999/02/22-rdf-syntax-ns#Property | http://www.w3.org/2002/07/owl#ObjectProperty	n5bfa46bf8f704497802cd9aad9a0ec91b2	https://ref.gs1.org/voc/CertificationDetails	Certification information about a product, organisation or location.	class	http://www.w3.org/2002/07/owl#Class			Information on certification to which the trade item complies.	False	False
case-insensitive	https://ref.gs1.org/voc/certification	certification	urn:gs1:std:gdsn:cv178548	CERTIFICATION	3	object property	http://www.w3.org/1999/02/22-rdf-syntax-ns#Property | http://www.w3.org/2002/07/owl#ObjectProperty	n5bfa46bf8f704497802cd9aad9a0ec91b2	https://ref.gs1.org/voc/CertificationDetails	Certification information about a product, organisation or location.	individual/other	urn:gs1:std:gdsn:c58572829			Document which contains a special certification by a third party (e.g. International Food Standard [IFS], QS-Approval Mark for meat product, sausage, fruit, vegetables and potatoes or bio audits).	False	False
exact	https://ref.gs1.org/voc/certificationAgency	certificationAgency	urn:gs1:std:gdsn:a6714	certificationAgency	1	datatype property	http://www.w3.org/1999/02/22-rdf-syntax-ns#Property | http://www.w3.org/2002/07/owl#DatatypeProperty	https://ref.gs1.org/voc/CertificationDetails	http://www.w3.org/1999/02/22-rdf-syntax-ns#langString	Name of the organisation issuing the certification standard or other requirement being met .	datatype property	http://www.w3.org/2002/07/owl#DatatypeProperty	urn:gs1:std:gdsn:c1333	urn:gs1:std:gdsn:dt_string_MinLength1_MaxLength200	Name of the organization issuing the certification standard or other requirement being met. Free text field. Example: European Union	True	False
exact	https://ref.gs1.org/voc/certificationIdentification	certificationIdentification	urn:gs1:std:gdsn:a-1778611515	certificationIdentification	1	datatype property	http://www.w3.org/1999/02/22-rdf-syntax-ns#Property | http://www.w3.org/2002/07/owl#DatatypeProperty	https://ref.gs1.org/voc/CertificationDetails	http://www.w3.org/2001/XMLSchema#string	A reference (i.e, to a certificate instance) issued to confirm that a product, party or location has passed certification. e.g. 'XSC-C-12345'	datatype property	http://www.w3.org/2002/07/owl#DatatypeProperty	urn:gs1:std:gdsn:c381715011	urn:gs1:std:gdsn:dt_string_MinLength1_MaxLength120	A reference issued to confirm that something has passed certification.	True	False
exact	https://ref.gs1.org/voc/certificationStandard	certificationStandard	urn:gs1:std:gdsn:a6715	certificationStandard	1	datatype property	http://www.w3.org/1999/02/22-rdf-syntax-ns#Property | http://www.w3.org/2002/07/owl#DatatypeProperty	https://ref.gs1.org/voc/CertificationDetails	http://www.w3.org/1999/02/22-rdf-syntax-ns#langString	Name of the certification standard. Free text. Example: 'Egg classification' .	datatype property	http://www.w3.org/2002/07/owl#DatatypeProperty	urn:gs1:std:gdsn:c1333	urn:gs1:std:gdsn:dt_string_MinLength1_MaxLength200	The name of the certification standard or the type of certification, e.g. product, process, company, packaging or conformity.	True	False
exact	https://ref.gs1.org/voc/certificationValue	certificationValue	urn:gs1:std:gdsn:a679187540	certificationValue	1	datatype property	http://www.w3.org/1999/02/22-rdf-syntax-ns#Property | http://www.w3.org/2002/07/owl#DatatypeProperty	https://ref.gs1.org/voc/CertificationDetails	http://www.w3.org/1999/02/22-rdf-syntax-ns#langString	The certification's standard value. Example: '4'.	datatype property	http://www.w3.org/2002/07/owl#DatatypeProperty	urn:gs1:std:gdsn:c381715011	urn:gs1:std:gdsn:dt_string_MinLength1_MaxLength200	The unique identification (ID) that provides a trade item's certification standard value, official licensing number or identification which proves that a product/process has passed the certification procedure.	True	False
exact	https://ref.gs1.org/voc/cheeseMaturationPeriodDescription	cheeseMaturationPeriodDescription	urn:gs1:std:gdsn:a1955192420	cheeseMaturationPeriodDescription	1	datatype property	http://www.w3.org/1999/02/22-rdf-syntax-ns#Property | http://www.w3.org/2002/07/owl#DatatypeProperty	https://ref.gs1.org/voc/MilkButterCreamYogurtCheeseEggsSubstitutes	http://www.w3.org/1999/02/22-rdf-syntax-ns#langString	A descriptive way to specify a date range as some cheeses are matured over a period of time, but not an exact period. For example 3 to 4 weeks, over 1 year etc. The term maturation is also known in other markets as Aged.	object property	http://www.w3.org/2002/07/owl#ObjectProperty	urn:gs1:std:gdsn:c1295492601	urn:gs1:std:gdsn:c1442	A descriptive way to specify a date range as some cheeses are matured over a period of time, but not an exact period. For example 3 to 4 weeks, over 1 year etc. The term maturation is also known in other markets as Aged.	False	True
exact	https://ref.gs1.org/voc/clothingCut	clothingCut	urn:gs1:std:gdsn:a401016108	clothingCut	1	datatype property	http://www.w3.org/1999/02/22-rdf-syntax-ns#Property | http://www.w3.org/2002/07/owl#DatatypeProperty	https://ref.gs1.org/voc/Clothing	http://www.w3.org/1999/02/22-rdf-syntax-ns#langString	Supplemental information to indicate the clothing cut or silhouette make of the garment. For example, silhouette details for a pair of jeans such as boot cut, or loose fit, comfort fit.	object property	http://www.w3.org/2002/07/owl#ObjectProperty	urn:gs1:std:gdsn:c1617272334	urn:gs1:std:gdsn:c1442	"Supplemental information to indicate the clothing cut or silhouette make of the garment. For example: silhouette details for a pair of jeans such as boot cut, or loose fit, ""Comfort Fit""."	False	True
exact	https://ref.gs1.org/voc/collarType	collarType	urn:gs1:std:gdsn:a-148663427	collarType	1	datatype property	http://www.w3.org/1999/02/22-rdf-syntax-ns#Property | http://www.w3.org/2002/07/owl#DatatypeProperty	https://ref.gs1.org/voc/Clothing	http://www.w3.org/1999/02/22-rdf-syntax-ns#langString	A free text description of the type of collar on the garment.	object property	http://www.w3.org/2002/07/owl#ObjectProperty	urn:gs1:std:gdsn:c1617272334	urn:gs1:std:gdsn:c1442	A free text description that identifies the type of collar on the garment.	False	True
exact	https://ref.gs1.org/voc/colourCode	colourCode	urn:gs1:std:gdsn:a7192	colourCode	2	object property	http://www.w3.org/1999/02/22-rdf-syntax-ns#Property | http://www.w3.org/2002/07/owl#ObjectProperty	https://ref.gs1.org/voc/Product	https://ref.gs1.org/voc/ColourCodeDetails	Relates to a set of details about the colour code for a product	object property	http://www.w3.org/2002/07/owl#ObjectProperty	urn:gs1:std:gdsn:c1376	urn:gs1:std:gdsn:c1505	A code depicting the colour of an object according to a specified code list.	True	False
case-insensitive	https://ref.gs1.org/voc/colourCode	colourCode	urn:gs1:std:gdsn:c1505	ColourCode	2	object property	http://www.w3.org/1999/02/22-rdf-syntax-ns#Property | http://www.w3.org/2002/07/owl#ObjectProperty	https://ref.gs1.org/voc/Product	https://ref.gs1.org/voc/ColourCodeDetails	Relates to a set of details about the colour code for a product	class	http://www.w3.org/2002/07/owl#Class			A code depicting the colour of an object according to a specific code list. The applied code list is specified as additional information together with the colour code.	False	False
exact	https://ref.gs1.org/voc/colourDescription	colourDescription	urn:gs1:std:gdsn:a7143	colourDescription	1	datatype property	http://www.w3.org/1999/02/22-rdf-syntax-ns#Property | http://www.w3.org/2002/07/owl#DatatypeProperty | http://www.w3.org/2002/07/owl#FunctionalProperty	https://ref.gs1.org/voc/Product	http://www.w3.org/1999/02/22-rdf-syntax-ns#langString	A description of the colour of an object.	object property	http://www.w3.org/2002/07/owl#ObjectProperty	urn:gs1:std:gdsn:c1376	urn:gs1:std:gdsn:c1440	A description of a colour of an object.	False	True
exact	https://ref.gs1.org/voc/compulsoryAdditionalInformation	compulsoryAdditionalInformation	urn:gs1:std:gdsn:assoc_1332_1650738053_2	compulsoryAdditionalInformation	2	object property	http://www.w3.org/1999/02/22-rdf-syntax-ns#Property | http://www.w3.org/2002/07/owl#ObjectProperty	https://ref.gs1.org/voc/Product	https://ref.gs1.org/voc/CompulsoryAdditionalInformation	The legally required/compulsory additional label information as stated on the product packaging or label.	object property	http://www.w3.org/2002/07/owl#ObjectProperty	urn:gs1:std:gdsn:c1332	urn:gs1:std:gdsn:c1650738053		True	False
case-insensitive	https://ref.gs1.org/voc/compulsoryAdditionalInformation	compulsoryAdditionalInformation	urn:gs1:std:gdsn:c1650738053	CompulsoryAdditionalInformation	2	object property	http://www.w3.org/1999/02/22-rdf-syntax-ns#Property | http://www.w3.org/2002/07/owl#ObjectProperty	https://ref.gs1.org/voc/Product	https://ref.gs1.org/voc/CompulsoryAdditionalInformation	The legally required/compulsory additional label information as stated on the product packaging or label.	class	http://www.w3.org/2002/07/owl#Class			The group of compulsory information about a product.	False	False
exact	https://ref.gs1.org/voc/compulsoryAdditionalLabelInformation	compulsoryAdditionalLabelInformation	urn:gs1:std:gdsn:a-1665259890	compulsoryAdditionalLabelInformation	2	object property	http://www.w3.org/1999/02/22-rdf-syntax-ns#Property | http://www.w3.org/2002/07/owl#ObjectProperty	https://ref.gs1.org/voc/CompulsoryAdditionalInformation	http://www.w3.org/1999/02/22-rdf-syntax-ns#langString	The legally required/compulsory additional label information as stated on the product packaging or label.	object property	http://www.w3.org/2002/07/owl#ObjectProperty	urn:gs1:std:gdsn:c1650738053	urn:gs1:std:gdsn:c1444	The legally required/compulsory additional label information as stated on the product packaging or label.	True	False
exact	https://ref.gs1.org/voc/compulsoryAdditionalLabelInformation	compulsoryAdditionalLabelInformation	urn:gs1:std:gdsn:a-22636919	compulsoryAdditionalLabelInformation	2	object property	http://www.w3.org/1999/02/22-rdf-syntax-ns#Property | http://www.w3.org/2002/07/owl#ObjectProperty	https://ref.gs1.org/voc/CompulsoryAdditionalInformation	http://www.w3.org/1999/02/22-rdf-syntax-ns#langString	The legally required/compulsory additional label information as stated on the product packaging or label.	object property	http://www.w3.org/2002/07/owl#ObjectProperty	urn:gs1:std:gdsn:c1645021613	urn:gs1:std:gdsn:c1444		True	False
exact	https://ref.gs1.org/voc/consumerFirstAvailabilityDateTime	consumerFirstAvailabilityDateTime	urn:gs1:std:gdsn:a1028086278	consumerFirstAvailabilityDateTime	1	datatype property	http://www.w3.org/1999/02/22-rdf-syntax-ns#Property | http://www.w3.org/2002/07/owl#DatatypeProperty | http://www.w3.org/2002/07/owl#FunctionalProperty	https://ref.gs1.org/voc/TargetMarketDetails	http://www.w3.org/2001/XMLSchema#dateTime	The first date/time that the buyer is allowed to sell the product to consumers. Usually related to a specific geography. ISO 8601 date format CCYY-MM-DDTHH:MM:SS.	datatype property	http://www.w3.org/2002/07/owl#DatatypeProperty	urn:gs1:std:gdsn:c1362	http://www.w3.org/2001/XMLSchema#dateTime	The first date/time that the buyer is allowed to sell the trade item to consumers. Usually related to a specific geography. ISO 8601 date format CCYY-MM-DDTHH:MM:SS.	True	False
exact	https://ref.gs1.org/voc/consumerPackageDisclaimer	consumerPackageDisclaimer	urn:gs1:std:gdsn:a1265454450	consumerPackageDisclaimer	1	datatype property	http://www.w3.org/1999/02/22-rdf-syntax-ns#Property | http://www.w3.org/2002/07/owl#DatatypeProperty | http://www.w3.org/2002/07/owl#FunctionalProperty	https://ref.gs1.org/voc/Product	http://www.w3.org/1999/02/22-rdf-syntax-ns#langString	Additional information that should be used in advertising and in displaying.	object property	http://www.w3.org/2002/07/owl#ObjectProperty	urn:gs1:std:gdsn:c1358	urn:gs1:std:gdsn:c1444	Additional information that should be used in advertising and in displaying.	False	True
exact	https://ref.gs1.org/voc/consumerRecyclingInstructions	consumerRecyclingInstructions	urn:gs1:std:gdsn:a1586975323	consumerRecyclingInstructions	1	datatype property	http://www.w3.org/1999/02/22-rdf-syntax-ns#Property | http://www.w3.org/2002/07/owl#DatatypeProperty | http://www.w3.org/2002/07/owl#FunctionalProperty	https://ref.gs1.org/voc/Product	http://www.w3.org/1999/02/22-rdf-syntax-ns#langString	Expresses in text the consumer recycling instructions which are normally held on the label or accompanying the product. Instructions may refer to the 'how' the consumer is supposed to sort the product and packaging materials for recycling.	object property	http://www.w3.org/2002/07/owl#ObjectProperty	urn:gs1:std:gdsn:c759029071	urn:gs1:std:gdsn:c1444	"Expresses in text the consumer recycling instructions which are normally held on the label or accompanying the product. Instructions may refer to the ""how"" the consumer is supposed to sort the product and packaging materials for recycling."	False	True
exact	https://ref.gs1.org/voc/consumerSafetyInformation	consumerSafetyInformation	urn:gs1:std:gdsn:a442530148	consumerSafetyInformation	1	datatype property	http://www.w3.org/1999/02/22-rdf-syntax-ns#Property | http://www.w3.org/2002/07/owl#DatatypeProperty | http://www.w3.org/2002/07/owl#FunctionalProperty	https://ref.gs1.org/voc/Product	http://www.w3.org/1999/02/22-rdf-syntax-ns#langString	Information on consumer safety regarding the product.	object property	http://www.w3.org/2002/07/owl#ObjectProperty	urn:gs1:std:gdsn:c335360725	urn:gs1:std:gdsn:c1442	Information on consumer safety regarding the trade item.	False	True
exact	https://ref.gs1.org/voc/consumerStorageInstructions	consumerStorageInstructions	urn:gs1:std:gdsn:a1671886923	consumerStorageInstructions	1	datatype property	http://www.w3.org/1999/02/22-rdf-syntax-ns#Property | http://www.w3.org/2002/07/owl#DatatypeProperty | http://www.w3.org/2002/07/owl#FunctionalProperty	https://ref.gs1.org/voc/Product	http://www.w3.org/1999/02/22-rdf-syntax-ns#langString	Expresses in text the consumer storage instructions of a product which are normally held on the label or accompanying the product. This information may or may not be labelled on the pack.	object property	http://www.w3.org/2002/07/owl#ObjectProperty	urn:gs1:std:gdsn:c759029071	urn:gs1:std:gdsn:c1444	Expresses in text the consumer storage instructions of a product which are normally held on the label or accompanying the product. This information may or may not be labeled on the pack. Instructions may refer to a suggested storage temperature, a specific storage requirement.	False	True
exact	https://ref.gs1.org/voc/consumerUsageInstructions	consumerUsageInstructions	urn:gs1:std:gdsn:a-715406926	consumerUsageInstructions	1	datatype property	http://www.w3.org/1999/02/22-rdf-syntax-ns#Property | http://www.w3.org/2002/07/owl#DatatypeProperty | http://www.w3.org/2002/07/owl#FunctionalProperty	https://ref.gs1.org/voc/Product	http://www.w3.org/1999/02/22-rdf-syntax-ns#langString	Free text containing the usage instructions of a product, which are normally held on the label or accompanying the product. This information may or may not be labelled on the pack.	object property	http://www.w3.org/2002/07/owl#ObjectProperty	urn:gs1:std:gdsn:c759029071	urn:gs1:std:gdsn:c1444	Expresses in text the consumer usage instructions of a product which are normally held on the label or accompanying the product. This information may or may not be labeled on the pack. Instructions may refer to a the how the consumer is to use the product, This does not include storage, food preparations, and drug dosage and preparation instructions.	False	True
exact	https://ref.gs1.org/voc/convenienceLevelPercent	convenienceLevelPercent	urn:gs1:std:gdsn:a6708	convenienceLevelPercent	1	datatype property	http://www.w3.org/1999/02/22-rdf-syntax-ns#Property | http://www.w3.org/2002/07/owl#DatatypeProperty	https://ref.gs1.org/voc/FoodAndBeveragePreparationInformation	http://www.w3.org/2001/XMLSchema#float	An indication of the ease of preparation for semi-prepared products. The convenience level indicates the level of preparation in percentage required to prepare and helps the consumer to assess how long it will take to prepare the meal.	datatype property	http://www.w3.org/2002/07/owl#DatatypeProperty	urn:gs1:std:gdsn:c-970284611	http://www.w3.org/2001/XMLSchema#decimal	An indication of the ease of preparation for semi-prepared products. The convenience level indicates the level of preparation in percentage required to prepare and helps the consumer to assess how long it will take to prepare the meal.	True	False
exact	https://ref.gs1.org/voc/countryCode	countryCode	urn:gs1:std:gdsn:a-1121084857	countryCode	7	datatype property	http://www.w3.org/1999/02/22-rdf-syntax-ns#Property | http://www.w3.org/2002/07/owl#DatatypeProperty	https://ref.gs1.org/voc/Country	http://www.w3.org/2001/XMLSchema#string	A short text string code (see values defined in ISO 3166) specifying the country in which a processing or other activity is performed, for example processing, bottling, manufacturing. | Code specifying the country for the address using ISO 3166-1.	object property	http://www.w3.org/2002/07/owl#ObjectProperty	urn:gs1:std:gdsn:c-592301741	urn:gs1:std:gdsn:c1436	Code specifying the country for the address.	False	False
exact	https://ref.gs1.org/voc/countryCode	countryCode	urn:gs1:std:gdsn:a-1384323012	countryCode	7	datatype property	http://www.w3.org/1999/02/22-rdf-syntax-ns#Property | http://www.w3.org/2002/07/owl#DatatypeProperty	https://ref.gs1.org/voc/Country	http://www.w3.org/2001/XMLSchema#string	A short text string code (see values defined in ISO 3166) specifying the country in which a processing or other activity is performed, for example processing, bottling, manufacturing. | Code specifying the country for the address using ISO 3166-1.	object property	http://www.w3.org/2002/07/owl#ObjectProperty	urn:gs1:std:gdsn:c1287	urn:gs1:std:gdsn:c1436	The country in which a processing or other activity has been performed for example processing, bottling, manufacturing.	False	False
exact	https://ref.gs1.org/voc/countryCode	countryCode	urn:gs1:std:gdsn:a-497671425	countryCode	7	datatype property	http://www.w3.org/1999/02/22-rdf-syntax-ns#Property | http://www.w3.org/2002/07/owl#DatatypeProperty	https://ref.gs1.org/voc/Country	http://www.w3.org/2001/XMLSchema#string	A short text string code (see values defined in ISO 3166) specifying the country in which a processing or other activity is performed, for example processing, bottling, manufacturing. | Code specifying the country for the address using ISO 3166-1.	object property	http://www.w3.org/2002/07/owl#ObjectProperty	urn:gs1:std:gdsn:c1673496745	urn:gs1:std:gdsn:c1436	The country in which a processing or other activity has been performed for example processing, bottling, manufacturing.	False	False
exact	https://ref.gs1.org/voc/countryCode	countryCode	urn:gs1:std:gdsn:a-754330592	countryCode	7	datatype property	http://www.w3.org/1999/02/22-rdf-syntax-ns#Property | http://www.w3.org/2002/07/owl#DatatypeProperty	https://ref.gs1.org/voc/Country	http://www.w3.org/2001/XMLSchema#string	A short text string code (see values defined in ISO 3166) specifying the country in which a processing or other activity is performed, for example processing, bottling, manufacturing. | Code specifying the country for the address using ISO 3166-1.	object property	http://www.w3.org/2002/07/owl#ObjectProperty	urn:gs1:std:gdsn:c1596813012	urn:gs1:std:gdsn:c1436	The country in which a processing or other activity has been performed for example processing, bottling, manufacturing.	False	False
exact	https://ref.gs1.org/voc/countryCode	countryCode	urn:gs1:std:gdsn:a1178114047	countryCode	7	datatype property	http://www.w3.org/1999/02/22-rdf-syntax-ns#Property | http://www.w3.org/2002/07/owl#DatatypeProperty	https://ref.gs1.org/voc/Country	http://www.w3.org/2001/XMLSchema#string	A short text string code (see values defined in ISO 3166) specifying the country in which a processing or other activity is performed, for example processing, bottling, manufacturing. | Code specifying the country for the address using ISO 3166-1.	object property	http://www.w3.org/2002/07/owl#ObjectProperty	urn:gs1:std:gdsn:c775460557	urn:gs1:std:gdsn:c1436	Code specifying the country for the address.	False	False
exact	https://ref.gs1.org/voc/countryCode	countryCode	urn:gs1:std:gdsn:a5397	countryCode	7	datatype property	http://www.w3.org/1999/02/22-rdf-syntax-ns#Property | http://www.w3.org/2002/07/owl#DatatypeProperty	https://ref.gs1.org/voc/Country	http://www.w3.org/2001/XMLSchema#string	A short text string code (see values defined in ISO 3166) specifying the country in which a processing or other activity is performed, for example processing, bottling, manufacturing. | Code specifying the country for the address using ISO 3166-1.	object property	http://www.w3.org/2002/07/owl#ObjectProperty	urn:gs1:std:gdsn:c819	urn:gs1:std:gdsn:c1436	Code specifying the country for the address.	False	False
case-insensitive	https://ref.gs1.org/voc/countryCode	countryCode	urn:gs1:std:gdsn:c1436	CountryCode	7	datatype property	http://www.w3.org/1999/02/22-rdf-syntax-ns#Property | http://www.w3.org/2002/07/owl#DatatypeProperty	https://ref.gs1.org/voc/Country	http://www.w3.org/2001/XMLSchema#string	A short text string code (see values defined in ISO 3166) specifying the country in which a processing or other activity is performed, for example processing, bottling, manufacturing. | Code specifying the country for the address using ISO 3166-1.	class	http://www.w3.org/2002/07/owl#Class			Code specifying a country. Allowed code values are specified in GS1 Code List CountryCode.	False	False
exact	https://ref.gs1.org/voc/countryOfOrigin	countryOfOrigin	urn:gs1:std:gdsn:assoc_-1960343027_1287_2	countryOfOrigin	1	object property	http://www.w3.org/1999/02/22-rdf-syntax-ns#Property | http://www.w3.org/2002/07/owl#ObjectProperty	https://ref.gs1.org/voc/Product	https://ref.gs1.org/voc/Country	Code indicating the country of origin of the product.	object property	http://www.w3.org/2002/07/owl#ObjectProperty	urn:gs1:std:gdsn:c-1960343027	urn:gs1:std:gdsn:c1287		True	False
exact	https://ref.gs1.org/voc/countryOfOriginStatement	countryOfOriginStatement	urn:gs1:std:gdsn:a637283062	countryOfOriginStatement	1	datatype property	http://www.w3.org/1999/02/22-rdf-syntax-ns#Property | http://www.w3.org/2002/07/owl#DatatypeProperty | http://www.w3.org/2002/07/owl#FunctionalProperty	https://ref.gs1.org/voc/Product	http://www.w3.org/1999/02/22-rdf-syntax-ns#langString	A description of the geographic area the item may have originated from or has been processed.	object property	http://www.w3.org/2002/07/owl#ObjectProperty	urn:gs1:std:gdsn:c-1960343027	urn:gs1:std:gdsn:c-1284986072	A description of the country the item may have originated from or has been processed for example “Made in Germany”.	False	True
exact	https://ref.gs1.org/voc/countrySubdivisionCode	countrySubdivisionCode	urn:gs1:std:gdsn:a-1701135731	countrySubdivisionCode	4	datatype property	http://www.w3.org/1999/02/22-rdf-syntax-ns#Property | http://www.w3.org/2002/07/owl#DatatypeProperty	https://ref.gs1.org/voc/Country	http://www.w3.org/2001/XMLSchema#string	A short text string code (see values defined in ISO 3166_2) specifying the country subdivision in which an activity is performed, for example processing, bottling, manufacturing.	object property	http://www.w3.org/2002/07/owl#ObjectProperty	urn:gs1:std:gdsn:c1287	urn:gs1:std:gdsn:c1435	The country subdivision in which a processing or other activity has been performed for example processing, bottling, manufacturing.	False	False
exact	https://ref.gs1.org/voc/countrySubdivisionCode	countrySubdivisionCode	urn:gs1:std:gdsn:a-1906934021	countrySubdivisionCode	4	datatype property	http://www.w3.org/1999/02/22-rdf-syntax-ns#Property | http://www.w3.org/2002/07/owl#DatatypeProperty	https://ref.gs1.org/voc/Country	http://www.w3.org/2001/XMLSchema#string	A short text string code (see values defined in ISO 3166_2) specifying the country subdivision in which an activity is performed, for example processing, bottling, manufacturing.	object property	http://www.w3.org/2002/07/owl#ObjectProperty	urn:gs1:std:gdsn:c1596813012	urn:gs1:std:gdsn:c1435	The country subdivision in which a processing or other activity has been performed for example processing, bottling, manufacturing.	False	False
exact	https://ref.gs1.org/voc/countrySubdivisionCode	countrySubdivisionCode	urn:gs1:std:gdsn:a984800182	countrySubdivisionCode	4	datatype property	http://www.w3.org/1999/02/22-rdf-syntax-ns#Property | http://www.w3.org/2002/07/owl#DatatypeProperty	https://ref.gs1.org/voc/Country	http://www.w3.org/2001/XMLSchema#string	A short text string code (see values defined in ISO 3166_2) specifying the country subdivision in which an activity is performed, for example processing, bottling, manufacturing.	object property	http://www.w3.org/2002/07/owl#ObjectProperty	urn:gs1:std:gdsn:c1673496745	urn:gs1:std:gdsn:c1435	The country subdivision in which a processing or other activity has been performed for example processing, bottling, manufacturing.	False	False
case-insensitive	https://ref.gs1.org/voc/countrySubdivisionCode	countrySubdivisionCode	urn:gs1:std:gdsn:c1435	CountrySubdivisionCode	4	datatype property	http://www.w3.org/1999/02/22-rdf-syntax-ns#Property | http://www.w3.org/2002/07/owl#DatatypeProperty	https://ref.gs1.org/voc/Country	http://www.w3.org/2001/XMLSchema#string	A short text string code (see values defined in ISO 3166_2) specifying the country subdivision in which an activity is performed, for example processing, bottling, manufacturing.	class	http://www.w3.org/2002/07/owl#Class			Code specifying a country subdivision. Allowed code values are specified in GS1 Code List CountrySubdivisionCode.	False	False
exact	https://ref.gs1.org/voc/countyCode	countyCode	urn:gs1:std:gdsn:a5401	countyCode	1	datatype property	http://www.w3.org/1999/02/22-rdf-syntax-ns#Property | http://www.w3.org/2002/07/owl#DatatypeProperty	https://ref.gs1.org/voc/PostalAddress	http://www.w3.org/2001/XMLSchema#string	A code that identifies a county. A county is a territorial division in some countries, forming the chief unit of local administration. In the US, a county is a political and administrative division of a state.	datatype property	http://www.w3.org/2002/07/owl#DatatypeProperty	urn:gs1:std:gdsn:c819	urn:gs1:std:gdsn:dt_string_MinLength1_MaxLength80	A code that identifies a county. A county is a territorial division in some countries, forming the chief unit of local administration. In the US, a county is a political and administrative division of a state.	True	False
exact	https://ref.gs1.org/voc/crossStreet	crossStreet	urn:gs1:std:gdsn:a5402	crossStreet	1	datatype property	http://www.w3.org/1999/02/22-rdf-syntax-ns#Property | http://www.w3.org/2002/07/owl#DatatypeProperty	https://ref.gs1.org/voc/PostalAddress	http://www.w3.org/1999/02/22-rdf-syntax-ns#langString	A street intersecting a main street (usually at right angles) and continuing on both sides of it.	datatype property	http://www.w3.org/2002/07/owl#DatatypeProperty	urn:gs1:std:gdsn:c819	urn:gs1:std:gdsn:dt_string_MinLength1_MaxLength200	A street intersecting a main street (usually at right angles) and continuing on both sides of it	True	False
exact	https://ref.gs1.org/voc/dailyValueIntakePercent	dailyValueIntakePercent	urn:gs1:std:gdsn:a6692	dailyValueIntakePercent	1	datatype property	http://www.w3.org/1999/02/22-rdf-syntax-ns#Property | http://www.w3.org/2002/07/owl#DatatypeProperty	https://ref.gs1.org/voc/NutritionMeasurementType	http://www.w3.org/2001/XMLSchema#float	The percentage of the recommended daily intake of a nutrient as recommended by authorities of the target market. Is expressed relative to the serving size and base daily value intake.	datatype property	http://www.w3.org/2002/07/owl#DatatypeProperty	urn:gs1:std:gdsn:c1322	http://www.w3.org/2001/XMLSchema#decimal	The percentage of the recommended daily intake of a nutrient as recommended by authorities of the target market. Is expressed relative to the serving size and base daily value intake.	True	False
exact	https://ref.gs1.org/voc/descriptiveSize	descriptiveSize	urn:gs1:std:gdsn:a6901	descriptiveSize	1	datatype property	http://www.w3.org/1999/02/22-rdf-syntax-ns#Property | http://www.w3.org/2002/07/owl#DatatypeProperty | http://www.w3.org/2002/07/owl#FunctionalProperty	https://ref.gs1.org/voc/Product	http://www.w3.org/1999/02/22-rdf-syntax-ns#langString	An alphanumeric size factor the brand owner wishes to communicate to the consumer. IE Jumbo, Capri, Full Length, Maxi.	object property	http://www.w3.org/2002/07/owl#ObjectProperty	urn:gs1:std:gdsn:c1379	urn:gs1:std:gdsn:c1440	A description of the size of an object.	False	True
exact	https://ref.gs1.org/voc/dietTypeDescription	dietTypeDescription	urn:gs1:std:gdsn:a462122551	dietTypeDescription	1	datatype property	http://www.w3.org/1999/02/22-rdf-syntax-ns#Property | http://www.w3.org/2002/07/owl#DatatypeProperty	https://ref.gs1.org/voc/FoodBeverageTobaccoProduct	http://www.w3.org/1999/02/22-rdf-syntax-ns#langString	Free text for indication of diet not stated in the list of diets.	object property	http://www.w3.org/2002/07/owl#ObjectProperty	urn:gs1:std:gdsn:c1319	urn:gs1:std:gdsn:c1442	Free text for indication of diet not stated in the list of diets.	False	True
exact	https://ref.gs1.org/voc/dietTypeSubcode	dietTypeSubcode	urn:gs1:std:gdsn:a6702	dietTypeSubcode	2	datatype property	http://www.w3.org/1999/02/22-rdf-syntax-ns#Property | http://www.w3.org/2002/07/owl#DatatypeProperty	https://ref.gs1.org/voc/DietTypeCodeDetails	http://www.w3.org/1999/02/22-rdf-syntax-ns#langString	Indicates a set of agreements or a certificate name that guarantees the product is permitted in a particular diet. A diet type subcode is a subclassification of a specific diet type. For example, Pareve is a diet type subcode of Kosher.	datatype property	http://www.w3.org/2002/07/owl#DatatypeProperty	urn:gs1:std:gdsn:c1327	urn:gs1:std:gdsn:dt_string_MinLength1_MaxLength80	Indicates a set of agreements or a certificate name that guarantees the product is permitted in a particular diet.	True	False
case-insensitive	https://ref.gs1.org/voc/dietTypeSubcode	dietTypeSubcode	urn:gs1:std:gdsn:c2147348220	DietTypeSubCode	2	datatype property	http://www.w3.org/1999/02/22-rdf-syntax-ns#Property | http://www.w3.org/2002/07/owl#DatatypeProperty	https://ref.gs1.org/voc/DietTypeCodeDetails	http://www.w3.org/1999/02/22-rdf-syntax-ns#langString	Indicates a set of agreements or a certificate name that guarantees the product is permitted in a particular diet. A diet type subcode is a subclassification of a specific diet type. For example, Pareve is a diet type subcode of Kosher.	class	http://www.w3.org/2002/07/owl#Class				False	False
exact	https://ref.gs1.org/voc/discountType	discountType	urn:gs1:std:gdsn:a1648662003	discountType	1	datatype property	http://www.w3.org/1999/02/22-rdf-syntax-ns#Property | http://www.w3.org/2002/07/owl#DatatypeProperty	https://ref.gs1.org/voc/Discount	https://ref.gs1.org/voc/DiscountTypeCode	A code that specifies the type of payment discount applicable to an offer, for example BOGO.	datatype property	http://www.w3.org/2002/07/owl#DatatypeProperty	urn:gs1:std:gdsn:c940560253	urn:gs1:std:gdsn:dt_string_MinLength1_MaxLength80	A string value that specifies the type of payment discount for example “2 percent in 10 days, net 30”.	True	False
case-insensitive	https://ref.gs1.org/voc/dpp	dpp	urn:gs1:std:gdsn:cv170585	DPP	1	object property	http://www.w3.org/1999/02/22-rdf-syntax-ns#Property | http://www.w3.org/2002/07/owl#ObjectProperty	http://www.w3.org/2002/07/owl#Thing	http://www.w3.org/2001/XMLSchema#anyURI	A link to a digital product passport.	individual/other	urn:gs1:std:gdsn:c713772368			The contact where information in relation to the packaging for the item can be obtained.	False	False
exact	https://ref.gs1.org/voc/drainedWeight	drainedWeight	urn:gs1:std:gdsn:a963039725	drainedWeight	3	object property	http://www.w3.org/1999/02/22-rdf-syntax-ns#Property | http://www.w3.org/2002/07/owl#FunctionalProperty | http://www.w3.org/2002/07/owl#ObjectProperty	https://ref.gs1.org/voc/FoodBeverageTobaccoProduct	https://ref.gs1.org/voc/QuantitativeValue	The weight of the product when drained of its liquid. For example 225 GRM, Jar of pickles in vinegar.	object property	http://www.w3.org/2002/07/owl#ObjectProperty	urn:gs1:std:gdsn:c-113081611	urn:gs1:std:gdsn:c1490	"The weight of the trade item when drained of its liquid. For example 225 ""grm"", Jar of pickles in vinegar. Applies to defined bricks of GCI Global trade item Classification - Mainly food trade item. Has to be associated with a valid UoM."	True	False
normalized	https://ref.gs1.org/voc/drainedWeight	drainedWeight	urn:gs1:std:gdsn:cv177531	DRAINED_WEIGHT	3	object property	http://www.w3.org/1999/02/22-rdf-syntax-ns#Property | http://www.w3.org/2002/07/owl#FunctionalProperty | http://www.w3.org/2002/07/owl#ObjectProperty	https://ref.gs1.org/voc/FoodBeverageTobaccoProduct	https://ref.gs1.org/voc/QuantitativeValue	The weight of the product when drained of its liquid. For example 225 GRM, Jar of pickles in vinegar.	individual/other	urn:gs1:std:gdsn:c1365163297			Weight of food product after the fluid in which the food product was preserved has been removed.	False	False
normalized	https://ref.gs1.org/voc/drainedWeight	drainedWeight	urn:gs1:std:gdsn:cv177876	DRAINED_WEIGHT	3	object property	http://www.w3.org/1999/02/22-rdf-syntax-ns#Property | http://www.w3.org/2002/07/owl#FunctionalProperty | http://www.w3.org/2002/07/owl#ObjectProperty	https://ref.gs1.org/voc/FoodBeverageTobaccoProduct	https://ref.gs1.org/voc/QuantitativeValue	The weight of the product when drained of its liquid. For example 225 GRM, Jar of pickles in vinegar.	individual/other	urn:gs1:std:gdsn:c-2019532184			The weight of a product when all liquids used in the packaging of the product have been removed.	False	False
exact	https://ref.gs1.org/voc/dutyFeeTaxAmount	dutyFeeTaxAmount	urn:gs1:std:gdsn:a-60101634	dutyFeeTaxAmount	1	datatype property	http://www.w3.org/1999/02/22-rdf-syntax-ns#Property | http://www.w3.org/2002/07/owl#DatatypeProperty	https://ref.gs1.org/voc/PriceSpecification	http://www.w3.org/2001/XMLSchema#float	The current tax or duty or fee amount applicable to the product, expressed as a floating-point numeric value that is qualified by the corresponding currency. See also gs1:priceCurrency.	object property	http://www.w3.org/2002/07/owl#ObjectProperty	urn:gs1:std:gdsn:c-320087904	urn:gs1:std:gdsn:c1447	The current tax or duty or fee amount applicable to the trade item.	False	False
exact	https://ref.gs1.org/voc/dutyFeeTaxRate	dutyFeeTaxRate	urn:gs1:std:gdsn:a-1904519128	dutyFeeTaxRate	1	datatype property	http://www.w3.org/1999/02/22-rdf-syntax-ns#Property | http://www.w3.org/2002/07/owl#DatatypeProperty	https://ref.gs1.org/voc/PriceSpecification	http://www.w3.org/2001/XMLSchema#float	The current tax or duty rate percentage applicable to the product.	datatype property	http://www.w3.org/2002/07/owl#DatatypeProperty	urn:gs1:std:gdsn:c-320087904	http://www.w3.org/2001/XMLSchema#decimal	The current tax or duty rate percentage applicable to the trade item.	True	False
case-insensitive	https://ref.gs1.org/voc/email	email	urn:gs1:std:gdsn:cv170515	EMAIL	1	datatype property	http://www.w3.org/1999/02/22-rdf-syntax-ns#Property | http://www.w3.org/2002/07/owl#DatatypeProperty	https://ref.gs1.org/voc/ContactPoint	http://www.w3.org/2001/XMLSchema#string	Creating/sending/receiving of unstructured free text messages or documents using computer network, a mini-computer or an attached modem and regular telephone line or other electronic transmission media.	individual/other	urn:gs1:std:gdsn:c1507			Creating/sending/receiving of unstructured free text messages or documents using computer network, a mini-computer or an attached modem and regular telephone line or other electronic transmission media.	False	False
normalized	https://ref.gs1.org/voc/expirationDate	expirationDate	urn:gs1:std:gdsn:cv180077	EXPIRATION_DATE	2	object property	http://www.w3.org/1999/02/22-rdf-syntax-ns#Property | http://www.w3.org/2002/07/owl#ObjectProperty	http://schema.org/Product | https://ref.gs1.org/voc/Product	http://www.w3.org/2001/XMLSchema#date	The expiration date is the date that determines the limit of consumption or use of a product/coupon. Its meaning is determined based on the trade item context (e.g., for food, the date will indicate the possibility of a direct health risk resulting from use of the product after the date, for pharmaceutical products, it will indicate the possibility of an indirect health risk resulting from the ineffectiveness of the product after the date). It is often referred to as 'use by date' or 'maximum durability date'.	individual/other	urn:gs1:std:gdsn:c572370265			The expiration date is the date that determines the limit of consumption or use of a product. Its meaning is determined based on the trade item context e.g., for food, the date will indicate the possibility of a direct health risk resulting from use of the product after the date, for pharmaceutical products, it will indicate the possibility of an indirect health risk resulting from the ineffectiveness of the product after the date.	False	False
normalized	https://ref.gs1.org/voc/expirationDate	expirationDate	urn:gs1:std:gdsn:cv180327	EXPIRATION_DATE	2	object property	http://www.w3.org/1999/02/22-rdf-syntax-ns#Property | http://www.w3.org/2002/07/owl#ObjectProperty	http://schema.org/Product | https://ref.gs1.org/voc/Product	http://www.w3.org/2001/XMLSchema#date	The expiration date is the date that determines the limit of consumption or use of a product/coupon. Its meaning is determined based on the trade item context (e.g., for food, the date will indicate the possibility of a direct health risk resulting from use of the product after the date, for pharmaceutical products, it will indicate the possibility of an indirect health risk resulting from the ineffectiveness of the product after the date). It is often referred to as 'use by date' or 'maximum durability date'.	individual/other	urn:gs1:std:gdsn:c622384642			Expiration date	False	False
exact	https://ref.gs1.org/voc/fatInMilkContent	fatInMilkContent	urn:gs1:std:gdsn:a-1167964575	fatInMilkContent	1	datatype property	http://www.w3.org/1999/02/22-rdf-syntax-ns#Property | http://www.w3.org/2002/07/owl#DatatypeProperty	https://ref.gs1.org/voc/MilkButterCreamYogurtCheeseEggsSubstitutes	http://www.w3.org/2001/XMLSchema#float	The percentage of fat contained in milk content of the product.	datatype property	http://www.w3.org/2002/07/owl#DatatypeProperty	urn:gs1:std:gdsn:c-979524448	http://www.w3.org/2001/XMLSchema#decimal	The percentage of fat contained in milk content of the product.	True	False
case-insensitive	https://ref.gs1.org/voc/fatpercentageInDryMatter	fatpercentageInDryMatter	urn:gs1:std:gdsn:a58983258	fatPercentageInDryMatter	1	datatype property	http://www.w3.org/1999/02/22-rdf-syntax-ns#Property | http://www.w3.org/2002/07/owl#DatatypeProperty	https://ref.gs1.org/voc/MilkButterCreamYogurtCheeseEggsSubstitutes	http://www.w3.org/2001/XMLSchema#float	The amount of fat contained in the base product expressed in percentage.	datatype property	http://www.w3.org/2002/07/owl#DatatypeProperty	urn:gs1:std:gdsn:c1295492601	http://www.w3.org/2001/XMLSchema#decimal	The amount of fat contained in the base product expressed in percentage	True	False
exact	https://ref.gs1.org/voc/fileLanguageCode	fileLanguageCode	urn:gs1:std:gdsn:a5463	fileLanguageCode	1	datatype property	http://www.w3.org/1999/02/22-rdf-syntax-ns#Property | http://www.w3.org/2002/07/owl#DatatypeProperty	https://ref.gs1.org/voc/ReferencedFileDetails	http://www.w3.org/2001/XMLSchema#string	The specified language to which the digital asset is targeted. It is recommended to use the ISO 639-1 language code.	object property	http://www.w3.org/2002/07/owl#ObjectProperty	urn:gs1:std:gdsn:c-677007393	urn:gs1:std:gdsn:c1437	The specified language to which the digital asset is targeted.	False	False
exact	https://ref.gs1.org/voc/filePixelHeight	filePixelHeight	urn:gs1:std:gdsn:a5447	filePixelHeight	1	datatype property	http://www.w3.org/1999/02/22-rdf-syntax-ns#Property | http://www.w3.org/2002/07/owl#DatatypeProperty	https://ref.gs1.org/voc/ReferencedFileDetails	http://www.w3.org/2001/XMLSchema#integer	The number of pixels along the vertical axis of the image.	datatype property	http://www.w3.org/2002/07/owl#DatatypeProperty	urn:gs1:std:gdsn:c827	http://www.w3.org/2001/XMLSchema#nonNegativeInteger	The number of pixels along the vertical axis of the image.	True	False
exact	https://ref.gs1.org/voc/filePixelWidth	filePixelWidth	urn:gs1:std:gdsn:a5448	filePixelWidth	1	datatype property	http://www.w3.org/1999/02/22-rdf-syntax-ns#Property | http://www.w3.org/2002/07/owl#DatatypeProperty	https://ref.gs1.org/voc/ReferencedFileDetails	http://www.w3.org/2001/XMLSchema#integer	The number of pixels along the horizontal axis of the image.	datatype property	http://www.w3.org/2002/07/owl#DatatypeProperty	urn:gs1:std:gdsn:c827	http://www.w3.org/2001/XMLSchema#nonNegativeInteger	The number of pixels along the horizontal axis of the image.	True	False
exact	https://ref.gs1.org/voc/fishType	fishType	urn:gs1:std:gdsn:extAttr21	fishType	1	datatype property	http://www.w3.org/1999/02/22-rdf-syntax-ns#Property | http://www.w3.org/2002/07/owl#DatatypeProperty	https://ref.gs1.org/voc/Seafood	http://www.w3.org/1999/02/22-rdf-syntax-ns#langString	The type of fish for example Sea bass.	datatype property	http://www.w3.org/2002/07/owl#DatatypeProperty	urn:gs1:std:gdsn:extGroup_Australasian_Supermarkets_PIF	http://www.w3.org/2001/XMLSchema#string	Specify the FishType used in the Trade Item.	True	False
exact	https://ref.gs1.org/voc/functionalName	functionalName	urn:gs1:std:gdsn:a1986433438	functionalName	1	datatype property	http://www.w3.org/1999/02/22-rdf-syntax-ns#Property | http://www.w3.org/2002/07/owl#DatatypeProperty | http://www.w3.org/2002/07/owl#FunctionalProperty	https://ref.gs1.org/voc/Product	http://www.w3.org/1999/02/22-rdf-syntax-ns#langString	Describes use of the product or service by the consumer. Should help clarify the product classification associated with the GTIN.	object property	http://www.w3.org/2002/07/owl#ObjectProperty	urn:gs1:std:gdsn:c1204161147	urn:gs1:std:gdsn:c1441	Describes use of the product or service by the consumer. Should help clarify the product classification associated with the GTIN.	False	True
exact	https://ref.gs1.org/voc/gpcCategoryCode	gpcCategoryCode	urn:gs1:std:gdsn:a-1609334731	gpcCategoryCode	6	datatype property	http://www.w3.org/1999/02/22-rdf-syntax-ns#Property | http://www.w3.org/2002/07/owl#DatatypeProperty | http://www.w3.org/2002/07/owl#FunctionalProperty	https://ref.gs1.org/voc/Product	http://www.w3.org/2001/XMLSchema#string	8-digit code (GPC Brick Value) specifying a product category according to the GS1 Global Product Classification (GPC) standard. For more information see https://www.gs1.org/gpc	datatype property	http://www.w3.org/2002/07/owl#DatatypeProperty	urn:gs1:std:gdsn:c-951312546	urn:gs1:std:gdsn:dt_string_Pattern6be2f44016c0	Code specifying a product category according to the GS1 Global Product Classification (GPC) standard.	True	False
exact	https://ref.gs1.org/voc/gpcCategoryCode	gpcCategoryCode	urn:gs1:std:gdsn:a-306179722	gpcCategoryCode	6	datatype property	http://www.w3.org/1999/02/22-rdf-syntax-ns#Property | http://www.w3.org/2002/07/owl#DatatypeProperty | http://www.w3.org/2002/07/owl#FunctionalProperty	https://ref.gs1.org/voc/Product	http://www.w3.org/2001/XMLSchema#string	8-digit code (GPC Brick Value) specifying a product category according to the GS1 Global Product Classification (GPC) standard. For more information see https://www.gs1.org/gpc	datatype property	http://www.w3.org/2002/07/owl#DatatypeProperty	urn:gs1:std:gdsn:c-1671565110	urn:gs1:std:gdsn:dt_string_Pattern6be2f44016c0	The GS1 provided code which identifies the Global Product Classification Attribute Value.	True	False
exact	https://ref.gs1.org/voc/gpcCategoryCode	gpcCategoryCode	urn:gs1:std:gdsn:a1350653679	gpcCategoryCode	6	datatype property	http://www.w3.org/1999/02/22-rdf-syntax-ns#Property | http://www.w3.org/2002/07/owl#DatatypeProperty | http://www.w3.org/2002/07/owl#FunctionalProperty	https://ref.gs1.org/voc/Product	http://www.w3.org/2001/XMLSchema#string	8-digit code (GPC Brick Value) specifying a product category according to the GS1 Global Product Classification (GPC) standard. For more information see https://www.gs1.org/gpc	datatype property	http://www.w3.org/2002/07/owl#DatatypeProperty	urn:gs1:std:gdsn:c2134341938	urn:gs1:std:gdsn:dt_string_Pattern6be2f44016c0	Code specifying a product category according to the GS1 Global Product Classification (GPC) standard.	True	False
exact	https://ref.gs1.org/voc/gpcCategoryCode	gpcCategoryCode	urn:gs1:std:gdsn:a1368426607	gpcCategoryCode	6	datatype property	http://www.w3.org/1999/02/22-rdf-syntax-ns#Property | http://www.w3.org/2002/07/owl#DatatypeProperty | http://www.w3.org/2002/07/owl#FunctionalProperty	https://ref.gs1.org/voc/Product	http://www.w3.org/2001/XMLSchema#string	8-digit code (GPC Brick Value) specifying a product category according to the GS1 Global Product Classification (GPC) standard. For more information see https://www.gs1.org/gpc	datatype property	http://www.w3.org/2002/07/owl#DatatypeProperty	urn:gs1:std:gdsn:c1406	urn:gs1:std:gdsn:dt_string_Pattern6be2f44016c0	Code specifying a product category according to the GS1 Global Product Classification (GPC) standard.	True	False
exact	https://ref.gs1.org/voc/gpcCategoryCode	gpcCategoryCode	urn:gs1:std:gdsn:a289210221	gpcCategoryCode	6	datatype property	http://www.w3.org/1999/02/22-rdf-syntax-ns#Property | http://www.w3.org/2002/07/owl#DatatypeProperty | http://www.w3.org/2002/07/owl#FunctionalProperty	https://ref.gs1.org/voc/Product	http://www.w3.org/2001/XMLSchema#string	8-digit code (GPC Brick Value) specifying a product category according to the GS1 Global Product Classification (GPC) standard. For more information see https://www.gs1.org/gpc	datatype property	http://www.w3.org/2002/07/owl#DatatypeProperty	urn:gs1:std:gdsn:c-1698192853	urn:gs1:std:gdsn:dt_string_Pattern6be2f44016c0	Code specifying a product category according to the GS1 Global Product Classification (GPC) standard.	True	False
exact	https://ref.gs1.org/voc/gpcCategoryCode	gpcCategoryCode	urn:gs1:std:gdsn:a6945	gpcCategoryCode	6	datatype property	http://www.w3.org/1999/02/22-rdf-syntax-ns#Property | http://www.w3.org/2002/07/owl#DatatypeProperty | http://www.w3.org/2002/07/owl#FunctionalProperty	https://ref.gs1.org/voc/Product	http://www.w3.org/2001/XMLSchema#string	8-digit code (GPC Brick Value) specifying a product category according to the GS1 Global Product Classification (GPC) standard. For more information see https://www.gs1.org/gpc	datatype property	http://www.w3.org/2002/07/owl#DatatypeProperty	urn:gs1:std:gdsn:c1393	urn:gs1:std:gdsn:dt_string_Pattern6be2f44016c0	Code specifying a product category according to the GS1 Global Product Classification (GPC) standard.	True	False
exact	https://ref.gs1.org/voc/grossWeight	grossWeight	urn:gs1:std:gdsn:a-387099093	grossWeight	3	object property	http://www.w3.org/1999/02/22-rdf-syntax-ns#Property | http://www.w3.org/2002/07/owl#FunctionalProperty | http://www.w3.org/2002/07/owl#ObjectProperty	https://ref.gs1.org/voc/Product	https://ref.gs1.org/voc/QuantitativeValue	Used to identify the gross weight of the product. The gross weight includes all packaging materials of the product. At pallet level the productGrossWeight includes the weight of the pallet itself. For example, 200 GRM, value - total pounds, total grams, etc.	object property	http://www.w3.org/2002/07/owl#ObjectProperty	urn:gs1:std:gdsn:c-113081611	urn:gs1:std:gdsn:c1490	"Used to identify the gross weight of the trade item. The gross weight includes all packaging materials of the trade item. At pallet level the trade item-GrossWeight includes the weight of the pallet itself. For example, ""200 grm"", value - total pounds, total grams, etc. Has to be asso-ciated with a valid UOM."	True	False
exact	https://ref.gs1.org/voc/grossWeight	grossWeight	urn:gs1:std:gdsn:a135085091	grossWeight	3	object property	http://www.w3.org/1999/02/22-rdf-syntax-ns#Property | http://www.w3.org/2002/07/owl#FunctionalProperty | http://www.w3.org/2002/07/owl#ObjectProperty	https://ref.gs1.org/voc/Product	https://ref.gs1.org/voc/QuantitativeValue	Used to identify the gross weight of the product. The gross weight includes all packaging materials of the product. At pallet level the productGrossWeight includes the weight of the pallet itself. For example, 200 GRM, value - total pounds, total grams, etc.	object property	http://www.w3.org/2002/07/owl#ObjectProperty	urn:gs1:std:gdsn:c-150669314	urn:gs1:std:gdsn:c1490	The weight of both the unit load (content) and the plat-form upon which the goods are carried, if there is one.	True	False
exact	https://ref.gs1.org/voc/grossWeight	grossWeight	urn:gs1:std:gdsn:a662369953	grossWeight	3	object property	http://www.w3.org/1999/02/22-rdf-syntax-ns#Property | http://www.w3.org/2002/07/owl#FunctionalProperty | http://www.w3.org/2002/07/owl#ObjectProperty	https://ref.gs1.org/voc/Product	https://ref.gs1.org/voc/QuantitativeValue	Used to identify the gross weight of the product. The gross weight includes all packaging materials of the product. At pallet level the productGrossWeight includes the weight of the pallet itself. For example, 200 GRM, value - total pounds, total grams, etc.	object property	http://www.w3.org/2002/07/owl#ObjectProperty	urn:gs1:std:gdsn:c1868105995	urn:gs1:std:gdsn:c1490	"Used to identify the gross weight of the trade item. The gross weight includes all packaging materials of the trade item. At pallet level the trade item, grossWeight includes the weight of the pallet itself. For example, ""200 GRM"", value - total pounds, total grams, etc. Has to be associated with a valid UOM."	True	False
exact	https://ref.gs1.org/voc/gtin	gtin	urn:gs1:std:gdsn:a-1292425203	gtin	5	datatype property	http://www.w3.org/1999/02/22-rdf-syntax-ns#Property | http://www.w3.org/2002/07/owl#DatatypeProperty | http://www.w3.org/2002/07/owl#FunctionalProperty	http://schema.org/Product | https://ref.gs1.org/voc/Product	http://www.w3.org/2001/XMLSchema#string	A Global Trade Item Number (GTIN) is the 14 digit GS1 Identification Key used to identify products. The key comprises a GS1 Company Prefix followed by an Item Reference Number and a Check Digit. See https://www.gs1.org/gtin  for more details.	datatype property	http://www.w3.org/2002/07/owl#DatatypeProperty	urn:gs1:std:gdsn:c575632990	urn:gs1:std:gdsn:c1450	Global Trade Item Number (GTIN), the GS1 key used for the identification of trade items.	True	False
exact	https://ref.gs1.org/voc/gtin	gtin	urn:gs1:std:gdsn:a5339	gtin	5	datatype property	http://www.w3.org/1999/02/22-rdf-syntax-ns#Property | http://www.w3.org/2002/07/owl#DatatypeProperty | http://www.w3.org/2002/07/owl#FunctionalProperty	http://schema.org/Product | https://ref.gs1.org/voc/Product	http://www.w3.org/2001/XMLSchema#string	A Global Trade Item Number (GTIN) is the 14 digit GS1 Identification Key used to identify products. The key comprises a GS1 Company Prefix followed by an Item Reference Number and a Check Digit. See https://www.gs1.org/gtin  for more details.	datatype property	http://www.w3.org/2002/07/owl#DatatypeProperty	urn:gs1:std:gdsn:c788	urn:gs1:std:gdsn:c1450	Global Trade Item Number (GTIN), the GS1 key used for the identification of trade items.	True	False
exact	https://ref.gs1.org/voc/gtin	gtin	urn:gs1:std:gdsn:a5681	gtin	5	datatype property	http://www.w3.org/1999/02/22-rdf-syntax-ns#Property | http://www.w3.org/2002/07/owl#DatatypeProperty | http://www.w3.org/2002/07/owl#FunctionalProperty	http://schema.org/Product | https://ref.gs1.org/voc/Product	http://www.w3.org/2001/XMLSchema#string	A Global Trade Item Number (GTIN) is the 14 digit GS1 Identification Key used to identify products. The key comprises a GS1 Company Prefix followed by an Item Reference Number and a Check Digit. See https://www.gs1.org/gtin  for more details.	datatype property	http://www.w3.org/2002/07/owl#DatatypeProperty	urn:gs1:std:gdsn:c918	urn:gs1:std:gdsn:c1450	A particular Global trade item Number, a numerical value used to uniquely identify a trade item. A trade item is any trade item (trade item or service) upon which there is a need to retrieve pre-defined information and that may be planned, priced, ordered, delivered and or invoiced at any point in any supply chain.	True	False
exact	https://ref.gs1.org/voc/gtin	gtin	urn:gs1:std:gdsn:a6979	gtin	5	datatype property	http://www.w3.org/1999/02/22-rdf-syntax-ns#Property | http://www.w3.org/2002/07/owl#DatatypeProperty | http://www.w3.org/2002/07/owl#FunctionalProperty	http://schema.org/Product | https://ref.gs1.org/voc/Product	http://www.w3.org/2001/XMLSchema#string	A Global Trade Item Number (GTIN) is the 14 digit GS1 Identification Key used to identify products. The key comprises a GS1 Company Prefix followed by an Item Reference Number and a Check Digit. See https://www.gs1.org/gtin  for more details.	datatype property	http://www.w3.org/2002/07/owl#DatatypeProperty	urn:gs1:std:gdsn:c1406	urn:gs1:std:gdsn:c1450	A particular Global trade item Number, a numerical value used to uniquely identify a trade item. A trade item is any trade item (trade item or service) upon which there is a need to retrieve pre-defined information and that may be planned, priced, ordered, delivered and or invoiced at any point in any supply chain.	True	False
case-insensitive	https://ref.gs1.org/voc/gtin	gtin	urn:gs1:std:gdsn:c1450	GTIN	5	datatype property	http://www.w3.org/1999/02/22-rdf-syntax-ns#Property | http://www.w3.org/2002/07/owl#DatatypeProperty | http://www.w3.org/2002/07/owl#FunctionalProperty	http://schema.org/Product | https://ref.gs1.org/voc/Product	http://www.w3.org/2001/XMLSchema#string	A Global Trade Item Number (GTIN) is the 14 digit GS1 Identification Key used to identify products. The key comprises a GS1 Company Prefix followed by an Item Reference Number and a Check Digit. See https://www.gs1.org/gtin  for more details.	datatype	http://www.w3.org/2000/01/rdf-schema#Datatype			The GS1 Identification Key used to identify trade items. The key comprises a GS1 Company Prefix, an Item Reference and Check Digit.	False	False
case-insensitive	https://ref.gs1.org/voc/image	image	urn:gs1:std:gdsn:cv178730	IMAGE	1	object property	http://www.w3.org/1999/02/22-rdf-syntax-ns#Property | http://www.w3.org/2002/07/owl#ObjectProperty	https://ref.gs1.org/voc/Product	https://ref.gs1.org/voc/ReferencedFileDetails	Link to a file containing a visual representation of the product.	individual/other	urn:gs1:std:gdsn:c-1750367261			The maximum image resolution for the device.	False	False
exact	https://ref.gs1.org/voc/ingredientContentPercentage	ingredientContentPercentage	urn:gs1:std:gdsn:a6683	ingredientContentPercentage	1	datatype property	http://www.w3.org/1999/02/22-rdf-syntax-ns#Property | http://www.w3.org/2002/07/owl#DatatypeProperty	https://ref.gs1.org/voc/FoodBeverageTobaccoIngredientDetails	http://www.w3.org/2001/XMLSchema#float	Quantity of the ingredient contained in the product as a percentage of the total product ingredients. This is used in conjunction with ingredientName.	datatype property	http://www.w3.org/2002/07/owl#DatatypeProperty	urn:gs1:std:gdsn:c-1844662839	http://www.w3.org/2001/XMLSchema#decimal	Indication of the percentage of the ingredient contained in the product.	True	False
exact	https://ref.gs1.org/voc/ingredientName	ingredientName	urn:gs1:std:gdsn:a-1308767907	ingredientName	1	datatype property	http://www.w3.org/1999/02/22-rdf-syntax-ns#Property | http://www.w3.org/2002/07/owl#DatatypeProperty	https://ref.gs1.org/voc/FoodBeverageTobaccoIngredientDetails	http://www.w3.org/1999/02/22-rdf-syntax-ns#langString	Free text field describing an ingredient or ingredient group. Ingredients include any additives (colourings, preservatives, e-numbers, etc.) that are encompassed.	object property	http://www.w3.org/2002/07/owl#ObjectProperty	urn:gs1:std:gdsn:c-1844662839	urn:gs1:std:gdsn:c1442	Text field indicating one ingredient or ingredient group (according to regulations of the target market). Ingredients include any additives (colorings, preservatives, e-numbers, etc) that are encompassed.	False	True
exact	https://ref.gs1.org/voc/ingredientSequence	ingredientSequence	urn:gs1:std:gdsn:a6681	ingredientSequence	1	datatype property	http://www.w3.org/1999/02/22-rdf-syntax-ns#Property | http://www.w3.org/2002/07/owl#DatatypeProperty	https://ref.gs1.org/voc/FoodBeverageTobaccoIngredientDetails	http://www.w3.org/2001/XMLSchema#integer	Integer (1, 2, 3...) indicating the ingredient order by content percentage of the product. (major ingredient = 1, second ingredient = 2) etc.	datatype property	http://www.w3.org/2002/07/owl#DatatypeProperty	urn:gs1:std:gdsn:c-1844662839	urn:gs1:std:gdsn:dt_string_MinLength1_MaxLength35	Incremental value (01, 02, 03…) indicating the ingredient order by content percentage of the product. (major ingredient = 01, second ingredient =01.01) etc..	True	False
exact	https://ref.gs1.org/voc/ingredientStatement	ingredientStatement	urn:gs1:std:gdsn:a812659001	ingredientStatement	1	datatype property	http://www.w3.org/1999/02/22-rdf-syntax-ns#Property | http://www.w3.org/2002/07/owl#DatatypeProperty	https://ref.gs1.org/voc/FoodBeverageTobaccoProduct	http://www.w3.org/1999/02/22-rdf-syntax-ns#langString	Information on the constituent ingredient make up of the product specified as one string.	object property	http://www.w3.org/2002/07/owl#ObjectProperty	urn:gs1:std:gdsn:c1320	urn:gs1:std:gdsn:c1481031847	Information on the constituent ingredient make up of the product specified as one string. This attribute will be migrated to the nonfoodIngredientStatement in the future	False	True
exact	https://ref.gs1.org/voc/irradiatedCode	irradiatedCode	urn:gs1:std:gdsn:a6570	irradiatedCode	1	object property	http://www.w3.org/1999/02/22-rdf-syntax-ns#Property | http://www.w3.org/2002/07/owl#ObjectProperty	https://ref.gs1.org/voc/FoodBeverageTobaccoProduct	https://ref.gs1.org/voc/NonbinaryLogicCode	Indicates if radiation has been applied to the product.	object property	http://www.w3.org/2002/07/owl#ObjectProperty	urn:gs1:std:gdsn:c1401805021	urn:gs1:std:gdsn:c143459158	Indicates if radiation has been applied.	True	False
exact	https://ref.gs1.org/voc/isHomogenised	isHomogenised	urn:gs1:std:gdsn:a1326365664	isHomogenised	1	object property	http://www.w3.org/1999/02/22-rdf-syntax-ns#Property | http://www.w3.org/2002/07/owl#ObjectProperty	https://ref.gs1.org/voc/MilkButterCreamYogurtCheeseEggsSubstitutes	https://ref.gs1.org/voc/NonbinaryLogicCode	A The indication whether or not the milk used was actively homogenised. The homogenisation of milk is a technical process in the dairy. The milk fat is milled to such an extent that further creaming is prevented.	object property	http://www.w3.org/2002/07/owl#ObjectProperty	urn:gs1:std:gdsn:c-979524448	urn:gs1:std:gdsn:c143459158	The indication whether or not the milk used was actively homogenised. The homogenisation of milk is a technical process in the dairy. The milk fat is milled to such an extent that further creaming is prevented.	True	False
exact	https://ref.gs1.org/voc/isMaternity	isMaternity	urn:gs1:std:gdsn:cv178113	isMaternity	1	object property	http://www.w3.org/1999/02/22-rdf-syntax-ns#Property | http://www.w3.org/2002/07/owl#ObjectProperty	https://ref.gs1.org/voc/Clothing	https://ref.gs1.org/voc/NonbinaryLogicCode	Indicates, with reference to the product branding, labelling or packaging, the descriptive term that is used by the product manufacturer to identify if the product is intended as maternity wear.	individual/other	urn:gs1:std:gdsn:c504224086			Indicates, with reference to the product branding, labelling or packaging, the descriptive term that is used by the product manufacturer to identify if the product is intended as maternity wear.	False	False
exact	https://ref.gs1.org/voc/isRindEdible	isRindEdible	urn:gs1:std:gdsn:a-16126059	isRindEdible	1	object property	http://www.w3.org/1999/02/22-rdf-syntax-ns#Property | http://www.w3.org/2002/07/owl#ObjectProperty	https://ref.gs1.org/voc/MilkButterCreamYogurtCheeseEggsSubstitutes	https://ref.gs1.org/voc/NonbinaryLogicCode	An indicator whether or not the cheese rind is edible. Some cheeses are coated in plastic or their surface is treated with other traditional substances to increase their shelf life. This can result in the rind no longer being edible.	object property	http://www.w3.org/2002/07/owl#ObjectProperty	urn:gs1:std:gdsn:c1295492601	urn:gs1:std:gdsn:c143459158	An indicator whether or not the cheese rind is edible. Some cheeses are coated in plastic or their surface is treated with other traditional substances to increase their shelf life. This can result in the rind no longer being edible.	True	False
exact	https://ref.gs1.org/voc/juiceContentPercent	juiceContentPercent	urn:gs1:std:gdsn:a-1797286525	juiceContentPercent	1	datatype property	http://www.w3.org/1999/02/22-rdf-syntax-ns#Property | http://www.w3.org/2002/07/owl#DatatypeProperty	https://ref.gs1.org/voc/FoodBeverageTobaccoProduct	http://www.w3.org/2001/XMLSchema#float	The fruit juice content of the product expressed as a percentage.	datatype property	http://www.w3.org/2002/07/owl#DatatypeProperty	urn:gs1:std:gdsn:c1320	http://www.w3.org/2001/XMLSchema#decimal	The amount of fruit and/or vegetable juice contained in the product, expressed as a percentage of the total volume.	True	False
exact	https://ref.gs1.org/voc/latitude	latitude	urn:gs1:std:gdsn:a5410	latitude	1	datatype property	http://www.w3.org/1999/02/22-rdf-syntax-ns#Property | http://www.w3.org/2002/07/owl#DatatypeProperty	https://ref.gs1.org/voc/GeoCoordinates	http://www.w3.org/2001/XMLSchema#string	Angular distance North or South from the earth's equator measured through 90 degrees.	datatype property	http://www.w3.org/2002/07/owl#DatatypeProperty	urn:gs1:std:gdsn:c820	urn:gs1:std:gdsn:dt_string_MinLength1_MaxLength80	Angular distance North or South from the earth’s equator measured through 90 degrees.	True	False
case-insensitive	https://ref.gs1.org/voc/line	line	urn:gs1:std:gdsn:cv169977	LINE	1	datatype property	http://www.w3.org/1999/02/22-rdf-syntax-ns#Property | http://www.w3.org/2002/07/owl#DatatypeProperty	https://ref.gs1.org/voc/GeoShape	http://www.w3.org/2001/XMLSchema#string	A line is a point-to-point path consisting of two or more point objects separated by a space. A single line segment (i.e., straight line) is expressed as two points.  A multi-line path (i.e., open polygon) is expressed as a series of three or more points. For a closed shape, gs1:polygon SHALL be used.	individual/other	urn:gs1:std:gdsn:c2147348214			Bracelet that is thin and straight on the wrist.	False	False
exact	https://ref.gs1.org/voc/longitude	longitude	urn:gs1:std:gdsn:a5411	longitude	1	datatype property	http://www.w3.org/1999/02/22-rdf-syntax-ns#Property | http://www.w3.org/2002/07/owl#DatatypeProperty	https://ref.gs1.org/voc/GeoCoordinates	http://www.w3.org/2001/XMLSchema#string	The arc or portion of the earth's equator intersected between the meridian of a given place and the prime meridian and expressed in degrees	datatype property	http://www.w3.org/2002/07/owl#DatatypeProperty	urn:gs1:std:gdsn:c820	urn:gs1:std:gdsn:dt_string_MinLength1_MaxLength80	The arc or portion of the earth’s equator intersected between the meridian of a given place and the prime meridian and expressed either in degrees or in time.	True	False
exact	https://ref.gs1.org/voc/manufacturer	manufacturer	urn:gs1:std:gdsn:assoc_-1604938334_785_3	manufacturer	1	object property	http://www.w3.org/1999/02/22-rdf-syntax-ns#Property | http://www.w3.org/2002/07/owl#ObjectProperty	https://ref.gs1.org/voc/Product	https://ref.gs1.org/voc/Organization	The organization that produces the item.	object property	http://www.w3.org/2002/07/owl#ObjectProperty	urn:gs1:std:gdsn:c-1604938334	urn:gs1:std:gdsn:c785	The party who manufactures the item.	True	False
normalized	https://ref.gs1.org/voc/manufacturingPlant	manufacturingPlant	urn:gs1:std:gdsn:cv177363	MANUFACTURING_PLANT	1	object property	http://www.w3.org/1999/02/22-rdf-syntax-ns#Property | http://www.w3.org/2002/07/owl#ObjectProperty	https://ref.gs1.org/voc/Product	https://ref.gs1.org/voc/Organization	A physical location consisting of one or more buildings with facilities for manufacturing.	individual/other	urn:gs1:std:gdsn:c-805537831			A physical location consisting of one or more buildings with facilities for manufacturing.	False	False
exact	https://ref.gs1.org/voc/maximumOptimumConsumptionTemperature	maximumOptimumConsumptionTemperature	urn:gs1:std:gdsn:a515623066	maximumOptimumConsumptionTemperature	1	object property	http://www.w3.org/1999/02/22-rdf-syntax-ns#Property | http://www.w3.org/2002/07/owl#ObjectProperty	https://ref.gs1.org/voc/FoodAndBeveragePreparationInformation	https://ref.gs1.org/voc/QuantitativeValue	The upper limit drinking temperature of the optimum range of the drinking temperature. The optimum range of the drinking temperature is a recommendation and is based on the experience of the individual producer. Allows for the representation of the same value in different units of measure but not multiple values.	object property	http://www.w3.org/2002/07/owl#ObjectProperty	urn:gs1:std:gdsn:c-970284611	urn:gs1:std:gdsn:c1490	The upper limit drinking temperature of the optimum range of the drinking temperature. The optimum range of the drinking temperature is a recommendation and is based on the experience of the individual producer.	True	False
normalized	https://ref.gs1.org/voc/messageRecipient	messageRecipient	urn:gs1:std:gdsn:cv177366	MESSAGE_RECIPIENT	1	object property	http://www.w3.org/1999/02/22-rdf-syntax-ns#Property | http://www.w3.org/2002/07/owl#ObjectProperty	https://ref.gs1.org/voc/Message	https://ref.gs1.org/voc/Organization	Identifies the party receiving an electronic message	individual/other	urn:gs1:std:gdsn:c-805537831			Party receiving the message.	False	False
exact	https://ref.gs1.org/voc/minimumOptimumConsumptionTemperature	minimumOptimumConsumptionTemperature	urn:gs1:std:gdsn:a-1810662499	minimumOptimumConsumptionTemperature	1	object property	http://www.w3.org/1999/02/22-rdf-syntax-ns#Property | http://www.w3.org/2002/07/owl#ObjectProperty	https://ref.gs1.org/voc/FoodAndBeveragePreparationInformation	https://ref.gs1.org/voc/QuantitativeValue	The lower limit drinking temperature of the optimum range of the drinking temperature. The optimum range of the drinking temperature is a recommendation and is based on the experience of the individual producer. Allows for the representation of the same value in different units of measure but not multiple values.	object property	http://www.w3.org/2002/07/owl#ObjectProperty	urn:gs1:std:gdsn:c-970284611	urn:gs1:std:gdsn:c1490	The lower limit drinking temperature of the optimum range of the drinking temperature. The optimum range of the drinking temperature is a recommendation and is based on the experience of the individual producer.	True	False
exact	https://ref.gs1.org/voc/netContent	netContent	urn:gs1:std:gdsn:a-930082660	netContent	1	object property	http://www.w3.org/1999/02/22-rdf-syntax-ns#Property | http://www.w3.org/2002/07/owl#FunctionalProperty | http://www.w3.org/2002/07/owl#ObjectProperty	https://ref.gs1.org/voc/Product	https://ref.gs1.org/voc/QuantitativeValue	The quantity of the product contained by a package, usually as claimed on the label. Indicates the net content of the total product. For fixed value products use the value claimed on the package, to avoid variable fill rate issue that arises with some product which are sold by volume or weight, and whose actual content may vary slightly from batch to batch.	object property	http://www.w3.org/2002/07/owl#ObjectProperty	urn:gs1:std:gdsn:c-1443794077	urn:gs1:std:gdsn:c1490	"The amount of the trade item contained by a package, usually as claimed on the label. For example, Water 750ml - net content = ""750 MLT"" ; 20 count pack of diapers, net content = ""20 ea."". In case of multi-pack, indicates the net content of the total trade item. For fixed value trade items use the value claimed on the package, to avoid variable fill rate issue that arises with some trade item which are sold by volume or weight, and whose actual content may vary slightly from batch to batch. In case of variable quantity trade items, indicates the average quantity."	True	False
exact	https://ref.gs1.org/voc/netWeight	netWeight	urn:gs1:std:gdsn:a463838227	netWeight	2	object property	http://www.w3.org/1999/02/22-rdf-syntax-ns#Property | http://www.w3.org/2002/07/owl#FunctionalProperty | http://www.w3.org/2002/07/owl#ObjectProperty	https://ref.gs1.org/voc/Product	https://ref.gs1.org/voc/QuantitativeValue	Used to identify the net weight of the product. Net Weight excludes all packaging material, including the packaging material of all lower-level GTINs. Example:11.5 kgm.	object property	http://www.w3.org/2002/07/owl#ObjectProperty	urn:gs1:std:gdsn:c-150669314	urn:gs1:std:gdsn:c1490	The weight of both the unit load (content) and the platform upon which the goods are carried if there is one, excluding all packaging materials.	True	False
exact	https://ref.gs1.org/voc/netWeight	netWeight	urn:gs1:std:gdsn:a551733136	netWeight	2	object property	http://www.w3.org/1999/02/22-rdf-syntax-ns#Property | http://www.w3.org/2002/07/owl#FunctionalProperty | http://www.w3.org/2002/07/owl#ObjectProperty	https://ref.gs1.org/voc/Product	https://ref.gs1.org/voc/QuantitativeValue	Used to identify the net weight of the product. Net Weight excludes all packaging material, including the packaging material of all lower-level GTINs. Example:11.5 kgm.	object property	http://www.w3.org/2002/07/owl#ObjectProperty	urn:gs1:std:gdsn:c-113081611	urn:gs1:std:gdsn:c1490	Used to identify the net weight of the trade item. Net weight excludes any packaging materials. Has to be associated with a valid UoM.	True	False
exact	https://ref.gs1.org/voc/numberOfServingsPerPackage	numberOfServingsPerPackage	urn:gs1:std:gdsn:a6697	numberOfServingsPerPackage	1	datatype property	http://www.w3.org/1999/02/22-rdf-syntax-ns#Property | http://www.w3.org/2002/07/owl#DatatypeProperty	https://ref.gs1.org/voc/FoodBeverageTobaccoProduct	http://www.w3.org/2001/XMLSchema#float	The total number of servings contained in the package.	datatype property	http://www.w3.org/2002/07/owl#DatatypeProperty	urn:gs1:std:gdsn:c1325	http://www.w3.org/2001/XMLSchema#decimal	The total number of servings contained in the package.	True	False
exact	https://ref.gs1.org/voc/numberOfServingsRangeDescription	numberOfServingsRangeDescription	urn:gs1:std:gdsn:a1437973620	numberOfServingsRangeDescription	1	datatype property	http://www.w3.org/1999/02/22-rdf-syntax-ns#Property | http://www.w3.org/2002/07/owl#DatatypeProperty	https://ref.gs1.org/voc/FoodBeverageTobaccoProduct	http://www.w3.org/1999/02/22-rdf-syntax-ns#langString	A free text field specifying a range for the number of servings contained in the package.	object property	http://www.w3.org/2002/07/owl#ObjectProperty	urn:gs1:std:gdsn:c1325	urn:gs1:std:gdsn:c-1284986072	A text description describing the range of servings/portions contained within a trade item. Some items may contain a variance in the number of units or a range, therefore the servings could also vary for the trade item. This attribute should only be used when there is a range of servings. If servings is an exact amount, this should not be used. An example of its use would be a bag of meatballs may contain 18-20 meatballs. If the serving size is 2 meatballs then the numberOfServingsRange would be 9-10 servings or portions.	False	True
exact	https://ref.gs1.org/voc/nutrientBasisQuantity	nutrientBasisQuantity	urn:gs1:std:gdsn:a2008988543	nutrientBasisQuantity	1	object property	http://www.w3.org/1999/02/22-rdf-syntax-ns#Property | http://www.w3.org/2002/07/owl#ObjectProperty	https://ref.gs1.org/voc/FoodBeverageTobaccoProduct	https://ref.gs1.org/voc/QuantitativeValue	Quantity on which the nutrient information has been based; for example, per 100 grams. When specified, nutrientBasisQuantity establishes the basis for all contained nutrient records.	object property	http://www.w3.org/2002/07/owl#ObjectProperty	urn:gs1:std:gdsn:c1336934671	urn:gs1:std:gdsn:c1490	The basis amount that a nutrient is measured against. In some markets, this is required by regulation. For example, 100 gr, 100 ml, etc. Please refer to the target markets implementation guideline on how to populate this attribute.	True	False
exact	https://ref.gs1.org/voc/organicClaim	organicClaim	urn:gs1:std:gdsn:assoc_1369141312_2052522057_1	organicClaim	2	object property	http://www.w3.org/1999/02/22-rdf-syntax-ns#Property | http://www.w3.org/2002/07/owl#ObjectProperty	https://ref.gs1.org/voc/Product	https://ref.gs1.org/voc/OrganicClaimDetails	Relates to an organic claim about the product	object property	http://www.w3.org/2002/07/owl#ObjectProperty	urn:gs1:std:gdsn:c1369141312	urn:gs1:std:gdsn:c2052522057	Any claim to indicate the organic status of a trade item or of one or more of its components.	True	False
case-insensitive	https://ref.gs1.org/voc/organicClaim	organicClaim	urn:gs1:std:gdsn:c2052522057	OrganicClaim	2	object property	http://www.w3.org/1999/02/22-rdf-syntax-ns#Property | http://www.w3.org/2002/07/owl#ObjectProperty	https://ref.gs1.org/voc/Product	https://ref.gs1.org/voc/OrganicClaimDetails	Relates to an organic claim about the product	class	http://www.w3.org/2002/07/owl#Class			Any claim to indicate the organic status of a trade item or of one or more of its components.	False	False
exact	https://ref.gs1.org/voc/organicPercentClaim	organicPercentClaim	urn:gs1:std:gdsn:a987813899	organicPercentClaim	1	datatype property	http://www.w3.org/1999/02/22-rdf-syntax-ns#Property | http://www.w3.org/2002/07/owl#DatatypeProperty	https://ref.gs1.org/voc/OrganicClaimDetails	http://www.w3.org/2001/XMLSchema#float	The percent of actual organic materials per weight of the product. This is usually claimed on the product.	datatype property	http://www.w3.org/2002/07/owl#DatatypeProperty	urn:gs1:std:gdsn:c2052522057	http://www.w3.org/2001/XMLSchema#decimal	The percent of actual organic materials per weight of the trade item. This is usually claimed on the product.	True	False
exact	https://ref.gs1.org/voc/packaging	packaging	urn:gs1:std:gdsn:assoc_-436582225_1375_1	packaging	2	object property	http://www.w3.org/1999/02/22-rdf-syntax-ns#Property | http://www.w3.org/2002/07/owl#ObjectProperty	https://ref.gs1.org/voc/Product	https://ref.gs1.org/voc/PackagingDetails	Details on the packaging for a product including type, weight and materials.	object property	http://www.w3.org/2002/07/owl#ObjectProperty	urn:gs1:std:gdsn:c-436582225	urn:gs1:std:gdsn:c1375	Packaging information for a trade item.	True	False
case-insensitive	https://ref.gs1.org/voc/packaging	packaging	urn:gs1:std:gdsn:c1375	Packaging	2	object property	http://www.w3.org/1999/02/22-rdf-syntax-ns#Property | http://www.w3.org/2002/07/owl#ObjectProperty	https://ref.gs1.org/voc/Product	https://ref.gs1.org/voc/PackagingDetails	Details on the packaging for a product including type, weight and materials.	class	http://www.w3.org/2002/07/owl#Class			Details on packaging for a trade item.	False	False
exact	https://ref.gs1.org/voc/packagingDate	packagingDate	urn:gs1:std:gdsn:assoc_1358_1567915354_3	packagingDate	4	object property	http://www.w3.org/1999/02/22-rdf-syntax-ns#Property | http://www.w3.org/2002/07/owl#ObjectProperty	http://schema.org/Product | https://ref.gs1.org/voc/Product	http://www.w3.org/2001/XMLSchema#date	The packaging date is the date when the goods were packed as determined by the packager. The date may refer to the trade item itself or to items contained.	object property	http://www.w3.org/2002/07/owl#ObjectProperty	urn:gs1:std:gdsn:c1358	urn:gs1:std:gdsn:c1567915354	Details on date markings on the packaging of the trade item.	True	False
case-insensitive	https://ref.gs1.org/voc/packagingDate	packagingDate	urn:gs1:std:gdsn:c1567915354	PackagingDate	4	object property	http://www.w3.org/1999/02/22-rdf-syntax-ns#Property | http://www.w3.org/2002/07/owl#ObjectProperty	http://schema.org/Product | https://ref.gs1.org/voc/Product	http://www.w3.org/2001/XMLSchema#date	The packaging date is the date when the goods were packed as determined by the packager. The date may refer to the trade item itself or to items contained.	class	http://www.w3.org/2002/07/owl#Class			Details on date markings on the packaging of the trade item.	False	False
normalized	https://ref.gs1.org/voc/packagingDate	packagingDate	urn:gs1:std:gdsn:cv180081	PACKAGING_DATE	4	object property	http://www.w3.org/1999/02/22-rdf-syntax-ns#Property | http://www.w3.org/2002/07/owl#ObjectProperty	http://schema.org/Product | https://ref.gs1.org/voc/Product	http://www.w3.org/2001/XMLSchema#date	The packaging date is the date when the goods were packed as determined by the packager. The date may refer to the trade item itself or to items contained.	individual/other	urn:gs1:std:gdsn:c572370265			The packaging date is the date when the goods were packed as determined by the packager. The date may refer to the trade item itself or to items contained.	False	False
normalized	https://ref.gs1.org/voc/packagingDate	packagingDate	urn:gs1:std:gdsn:extcv2558_extendedTradeItemDateOnPackagingTypeCode	PACKAGING_DATE	4	object property	http://www.w3.org/1999/02/22-rdf-syntax-ns#Property | http://www.w3.org/2002/07/owl#ObjectProperty	http://schema.org/Product | https://ref.gs1.org/voc/Product	http://www.w3.org/2001/XMLSchema#date	The packaging date is the date when the goods were packed as determined by the packager. The date may refer to the trade item itself or to items contained.	individual/other	urn:gs1:std:gdsn:extCode_extendedTradeItemDateOnPackagingTypeCode				False	False
exact	https://ref.gs1.org/voc/packagingMaterial	packagingMaterial	urn:gs1:std:gdsn:assoc_1375_1357_4	packagingMaterial	3	object property	http://www.w3.org/1999/02/22-rdf-syntax-ns#Property | http://www.w3.org/2002/07/owl#ObjectProperty	https://ref.gs1.org/voc/PackagingDetails	https://ref.gs1.org/voc/PackagingMaterialDetails	links to details about packaging material type, quantity and thickness	object property	http://www.w3.org/2002/07/owl#ObjectProperty	urn:gs1:std:gdsn:c1375	urn:gs1:std:gdsn:c1357	Details on packaging material for a trade item’s packaging.	True	False
case-insensitive	https://ref.gs1.org/voc/packagingMaterial	packagingMaterial	urn:gs1:std:gdsn:c1357	PackagingMaterial	3	object property	http://www.w3.org/1999/02/22-rdf-syntax-ns#Property | http://www.w3.org/2002/07/owl#ObjectProperty	https://ref.gs1.org/voc/PackagingDetails	https://ref.gs1.org/voc/PackagingMaterialDetails	links to details about packaging material type, quantity and thickness	class	http://www.w3.org/2002/07/owl#Class			Information on any material used for packaging.	False	False
normalized	https://ref.gs1.org/voc/packagingMaterial	packagingMaterial	urn:gs1:std:gdsn:cv180002	PACKAGING_MATERIAL	3	object property	http://www.w3.org/1999/02/22-rdf-syntax-ns#Property | http://www.w3.org/2002/07/owl#ObjectProperty	https://ref.gs1.org/voc/PackagingDetails	https://ref.gs1.org/voc/PackagingMaterialDetails	links to details about packaging material type, quantity and thickness	individual/other	urn:gs1:std:gdsn:c-1176128518			Any material used especially to protect something.	False	False
exact	https://ref.gs1.org/voc/packagingMaterialCompositionQuantity	packagingMaterialCompositionQuantity	urn:gs1:std:gdsn:a-558305676	packagingMaterialCompositionQuantity	2	object property	http://www.w3.org/1999/02/22-rdf-syntax-ns#Property | http://www.w3.org/2002/07/owl#ObjectProperty	https://ref.gs1.org/voc/PackagingMaterialDetails	https://ref.gs1.org/voc/QuantitativeValue	The quantity of the packaging material of the product. Can be weight, volume or surface, can vary by country.	object property	http://www.w3.org/2002/07/owl#ObjectProperty	urn:gs1:std:gdsn:c776974051	urn:gs1:std:gdsn:c1490	The quantity of the packaging material of the trade item. Can be weight, volume or surface, can vary by country.	True	False
exact	https://ref.gs1.org/voc/packagingMaterialCompositionQuantity	packagingMaterialCompositionQuantity	urn:gs1:std:gdsn:a1213602900	packagingMaterialCompositionQuantity	2	object property	http://www.w3.org/1999/02/22-rdf-syntax-ns#Property | http://www.w3.org/2002/07/owl#ObjectProperty	https://ref.gs1.org/voc/PackagingMaterialDetails	https://ref.gs1.org/voc/QuantitativeValue	The quantity of the packaging material of the product. Can be weight, volume or surface, can vary by country.	object property	http://www.w3.org/2002/07/owl#ObjectProperty	urn:gs1:std:gdsn:c1357	urn:gs1:std:gdsn:c1490	The quantity of the packaging material of the trade item. Can be weight, volume or surface, can vary by country.	True	False
exact	https://ref.gs1.org/voc/packagingMaterialThickness	packagingMaterialThickness	urn:gs1:std:gdsn:a-216935787	packagingMaterialThickness	2	object property	http://www.w3.org/1999/02/22-rdf-syntax-ns#Property | http://www.w3.org/2002/07/owl#ObjectProperty	https://ref.gs1.org/voc/PackagingMaterialDetails	https://ref.gs1.org/voc/QuantitativeValue	The thickness of a packaging material.	object property	http://www.w3.org/2002/07/owl#ObjectProperty	urn:gs1:std:gdsn:c1357	urn:gs1:std:gdsn:c1490	The thickness of a packaging material.	True	False
exact	https://ref.gs1.org/voc/packagingMaterialThickness	packagingMaterialThickness	urn:gs1:std:gdsn:a1605479199	packagingMaterialThickness	2	object property	http://www.w3.org/1999/02/22-rdf-syntax-ns#Property | http://www.w3.org/2002/07/owl#ObjectProperty	https://ref.gs1.org/voc/PackagingMaterialDetails	https://ref.gs1.org/voc/QuantitativeValue	The thickness of a packaging material.	object property	http://www.w3.org/2002/07/owl#ObjectProperty	urn:gs1:std:gdsn:c776974051	urn:gs1:std:gdsn:c1490	The thickness of a packaging material.	True	False
exact	https://ref.gs1.org/voc/percentageOfAlcoholByVolume	percentageOfAlcoholByVolume	urn:gs1:std:gdsn:a2045444979	percentageOfAlcoholByVolume	1	datatype property	http://www.w3.org/1999/02/22-rdf-syntax-ns#Property | http://www.w3.org/2002/07/owl#DatatypeProperty	https://ref.gs1.org/voc/Beverage	http://www.w3.org/2001/XMLSchema#float	The percentage of alcohol contained in product.	datatype property	http://www.w3.org/2002/07/owl#DatatypeProperty	urn:gs1:std:gdsn:c305872456	http://www.w3.org/2001/XMLSchema#decimal	Percentage of alcohol contained in the base unit trade item.	True	False
case-insensitive	https://ref.gs1.org/voc/polygon	polygon	urn:gs1:std:gdsn:cv177276	POLYGON	1	datatype property	http://www.w3.org/1999/02/22-rdf-syntax-ns#Property | http://www.w3.org/2002/07/owl#DatatypeProperty	https://ref.gs1.org/voc/GeoShape	http://www.w3.org/2001/XMLSchema#string	A polygon is the area enclosed by a point-to-point path for which the starting and ending points are the same. A polygon is expressed as a series of four or more space delimited points where the first and final points are identical.	individual/other	urn:gs1:std:gdsn:c829522730			A plane figure that is bounded by a closed path or circuit composed of a finite sequence of equally-sized straight line segments. A polygon may have a varying number of segments or ‘faces’ resulting in different configurations, for example a 5-faced polygon: pentagon, 6-faced: hexagon, 8-faced: octagon, 12-faced: dodecahedron, etc.	False	False
exact	https://ref.gs1.org/voc/postalCode	postalCode	urn:gs1:std:gdsn:a-329956170	postalCode	2	datatype property	http://www.w3.org/1999/02/22-rdf-syntax-ns#Property | http://www.w3.org/2002/07/owl#DatatypeProperty	https://ref.gs1.org/voc/PostalAddress	http://www.w3.org/2001/XMLSchema#string	Text specifying the postal code for an address.	datatype property	http://www.w3.org/2002/07/owl#DatatypeProperty	urn:gs1:std:gdsn:c775460557	urn:gs1:std:gdsn:dt_string_MinLength1_MaxLength80	Text specifying the postal code for an address.	True	False
exact	https://ref.gs1.org/voc/postalCode	postalCode	urn:gs1:std:gdsn:a5405	postalCode	2	datatype property	http://www.w3.org/1999/02/22-rdf-syntax-ns#Property | http://www.w3.org/2002/07/owl#DatatypeProperty	https://ref.gs1.org/voc/PostalAddress	http://www.w3.org/2001/XMLSchema#string	Text specifying the postal code for an address.	datatype property	http://www.w3.org/2002/07/owl#DatatypeProperty	urn:gs1:std:gdsn:c819	urn:gs1:std:gdsn:dt_string_MinLength1_MaxLength80	Text specifying the postal code for an address.	True	False
exact	https://ref.gs1.org/voc/preparationConsumptionPrecautions	preparationConsumptionPrecautions	urn:gs1:std:gdsn:a746319557	preparationConsumptionPrecautions	1	datatype property	http://www.w3.org/1999/02/22-rdf-syntax-ns#Property | http://www.w3.org/2002/07/owl#DatatypeProperty	https://ref.gs1.org/voc/FoodAndBeveragePreparationInformation	http://www.w3.org/1999/02/22-rdf-syntax-ns#langString	Specifies additional precautions to be taken before preparation or consumption of the product.	object property	http://www.w3.org/2002/07/owl#ObjectProperty	urn:gs1:std:gdsn:c-970284611	urn:gs1:std:gdsn:c1446	Specifies additional precautions to be taken before preparation or consumption of the product.	False	True
exact	https://ref.gs1.org/voc/preparationInstructions	preparationInstructions	urn:gs1:std:gdsn:a-1030883678	preparationInstructions	2	datatype property	http://www.w3.org/1999/02/22-rdf-syntax-ns#Property | http://www.w3.org/2002/07/owl#DatatypeProperty	https://ref.gs1.org/voc/FoodAndBeveragePreparationInformation	http://www.w3.org/1999/02/22-rdf-syntax-ns#langString	Free text providing instructions on how to prepare the product before serving.	object property	http://www.w3.org/2002/07/owl#ObjectProperty	urn:gs1:std:gdsn:c-970284611	urn:gs1:std:gdsn:c1444	Textual instruction on how to prepare the product before serving.	False	True
normalized	https://ref.gs1.org/voc/preparationInstructions	preparationInstructions	urn:gs1:std:gdsn:cv178589	PREPARATION_INSTRUCTIONS	2	datatype property	http://www.w3.org/1999/02/22-rdf-syntax-ns#Property | http://www.w3.org/2002/07/owl#DatatypeProperty	https://ref.gs1.org/voc/FoodAndBeveragePreparationInformation	http://www.w3.org/1999/02/22-rdf-syntax-ns#langString	Free text providing instructions on how to prepare the product before serving.	individual/other	urn:gs1:std:gdsn:c58572829			Link to a file containing a visual representation of the product label containing the preparation instructions.	False	False
exact	https://ref.gs1.org/voc/productRange	productRange	urn:gs1:std:gdsn:a6523	productRange	1	datatype property	http://www.w3.org/1999/02/22-rdf-syntax-ns#Property | http://www.w3.org/2002/07/owl#DatatypeProperty	https://ref.gs1.org/voc/Product	http://www.w3.org/1999/02/22-rdf-syntax-ns#langString	A name, used by a Brand Owner, that span multiple consumer categories or uses. E.g. (Waist Watchers).	datatype property	http://www.w3.org/2002/07/owl#DatatypeProperty	urn:gs1:std:gdsn:c1204161147	urn:gs1:std:gdsn:dt_string_MinLength1_MaxLength35	A name, used by a BrandOwner, that span multiple consumer categories or uses. E.g. (Waist Watchers).	True	False
exact	https://ref.gs1.org/voc/productYield	productYield	urn:gs1:std:gdsn:a-1752169056	productYield	1	object property	http://www.w3.org/1999/02/22-rdf-syntax-ns#Property | http://www.w3.org/2002/07/owl#ObjectProperty	https://ref.gs1.org/voc/ProductYieldDetails	https://ref.gs1.org/voc/QuantitativeValue	Product quantity after preparation. This can differ based on productYieldType	object property	http://www.w3.org/2002/07/owl#ObjectProperty	urn:gs1:std:gdsn:c1344092778	urn:gs1:std:gdsn:c1490	Product quantity after preparation.	True	False
exact	https://ref.gs1.org/voc/productYieldVariationPercentage	productYieldVariationPercentage	urn:gs1:std:gdsn:a6695	productYieldVariationPercentage	1	datatype property	http://www.w3.org/1999/02/22-rdf-syntax-ns#Property | http://www.w3.org/2002/07/owl#DatatypeProperty	https://ref.gs1.org/voc/ProductYieldDetails	http://www.w3.org/2001/XMLSchema#float	Indication of range in percent of the given cooking / roasting loss. Percentage that the actual weight of the product differs upward or downward from the average or estimated product yield.	datatype property	http://www.w3.org/2002/07/owl#DatatypeProperty	urn:gs1:std:gdsn:c1344092778	http://www.w3.org/2001/XMLSchema#decimal	Indication of range in percent of the given cooking / roasting loss. Percentage that the actual weight of the trade item differs upward or downward from the average or estimated product yield.	True	False
normalized	https://ref.gs1.org/voc/productionDate	productionDate	urn:gs1:std:gdsn:cv180082	PRODUCTION_DATE	2	object property	http://www.w3.org/1999/02/22-rdf-syntax-ns#Property | http://www.w3.org/2002/07/owl#ObjectProperty	http://schema.org/Product | https://ref.gs1.org/voc/Product	http://www.w3.org/2001/XMLSchema#date	The production date is the production or assembly date determined by the manufacturer. The date may refer to the trade item itself or to items contained.	individual/other	urn:gs1:std:gdsn:c572370265			The production date is the production or assembly date determined by the manufacturer. The date may refer to the trade item itself or to items contained.	False	False
normalized	https://ref.gs1.org/voc/productionDate	productionDate	urn:gs1:std:gdsn:extcv2559_extendedTradeItemDateOnPackagingTypeCode	PRODUCTION_DATE	2	object property	http://www.w3.org/1999/02/22-rdf-syntax-ns#Property | http://www.w3.org/2002/07/owl#ObjectProperty	http://schema.org/Product | https://ref.gs1.org/voc/Product	http://www.w3.org/2001/XMLSchema#date	The production date is the production or assembly date determined by the manufacturer. The date may refer to the trade item itself or to items contained.	individual/other	urn:gs1:std:gdsn:extCode_extendedTradeItemDateOnPackagingTypeCode				False	False
exact	https://ref.gs1.org/voc/provenanceStatement	provenanceStatement	urn:gs1:std:gdsn:a122414996	provenanceStatement	1	datatype property	http://www.w3.org/1999/02/22-rdf-syntax-ns#Property | http://www.w3.org/2002/07/owl#DatatypeProperty	https://ref.gs1.org/voc/Product	http://www.w3.org/1999/02/22-rdf-syntax-ns#langString	Free text description of the region or place the product originates from. This is to be specifically used to specify areas such as cities, mountain ranges, regions. Examples: Made in the Thuringen Mountains, Made in Paris, From the Napa Valley.	object property	http://www.w3.org/2002/07/owl#ObjectProperty	urn:gs1:std:gdsn:c-1960343027	urn:gs1:std:gdsn:c-1284986072	The place a trade item originates from. This is to be specifically used to enable things such as cities, mountain ranges, regions that do not comply with ISO standards. It may also include country(ies). Examples: Made in Thüringen Mountains, Made in Paris, From the Napa Valley, Made in Greece.	False	True
exact	https://ref.gs1.org/voc/regulatedProductName	regulatedProductName	urn:gs1:std:gdsn:a-1087356154	regulatedProductName	1	datatype property	http://www.w3.org/1999/02/22-rdf-syntax-ns#Property | http://www.w3.org/2002/07/owl#DatatypeProperty	https://ref.gs1.org/voc/Product	http://www.w3.org/1999/02/22-rdf-syntax-ns#langString	The prescribed, regulated or generic product name or denomination that describes the true nature of the product. For example for a food product in order to distinguish it from other foods according to country specific regulations.	object property	http://www.w3.org/2002/07/owl#ObjectProperty	urn:gs1:std:gdsn:c1204161147	urn:gs1:std:gdsn:c603569752	The prescribed, regulated or generic product name or denomination that describes the true nature of the item and is sufficiently precise to distinguish it from other products according to country specific regulation.	False	True
exact	https://ref.gs1.org/voc/regulatoryAct	regulatoryAct	urn:gs1:std:gdsn:a-399903536	regulatoryAct	1	datatype property	http://www.w3.org/1999/02/22-rdf-syntax-ns#Property | http://www.w3.org/2002/07/owl#DatatypeProperty	https://ref.gs1.org/voc/RegulatoryInformation	http://www.w3.org/2001/XMLSchema#string	The name given to the requirement assigned by the regulatory agency.	datatype property	http://www.w3.org/2002/07/owl#DatatypeProperty	urn:gs1:std:gdsn:c-1049209724	urn:gs1:std:gdsn:dt_string_MinLength1_MaxLength80	The name given to the requirement assigned by the regulatory agency.	True	False
exact	https://ref.gs1.org/voc/regulatoryIdentifier	regulatoryIdentifier	urn:gs1:std:gdsn:assoc_-1049209724_2147348370_2	regulatoryIdentifier	2	object property	http://www.w3.org/1999/02/22-rdf-syntax-ns#Property | http://www.w3.org/2002/07/owl#ObjectProperty	https://ref.gs1.org/voc/RegulatoryInformation	https://ref.gs1.org/voc/RegulatoryIdentifier	Links to one or more groupings of identifiers that reference documents or datasets within a regulatory information system, repository or registry.	object property	http://www.w3.org/2002/07/owl#ObjectProperty	urn:gs1:std:gdsn:c-1049209724	urn:gs1:std:gdsn:c2147348370		True	False
case-insensitive	https://ref.gs1.org/voc/regulatoryIdentifier	regulatoryIdentifier	urn:gs1:std:gdsn:c2147348370	RegulatoryIdentifier	2	object property	http://www.w3.org/1999/02/22-rdf-syntax-ns#Property | http://www.w3.org/2002/07/owl#ObjectProperty	https://ref.gs1.org/voc/RegulatoryInformation	https://ref.gs1.org/voc/RegulatoryIdentifier	Links to one or more groupings of identifiers that reference documents or datasets within a regulatory information system, repository or registry.	class	http://www.w3.org/2002/07/owl#Class				False	False
exact	https://ref.gs1.org/voc/regulatoryInformation	regulatoryInformation	urn:gs1:std:gdsn:assoc_355217030_-1049209724_1	regulatoryInformation	2	object property	http://www.w3.org/1999/02/22-rdf-syntax-ns#Property | http://www.w3.org/2002/07/owl#ObjectProperty	n5bfa46bf8f704497802cd9aad9a0ec91b6	https://ref.gs1.org/voc/RegulatoryInformation	Links to one or more groupings of information on applicable government regulations applicable to a trade item.	object property	http://www.w3.org/2002/07/owl#ObjectProperty	urn:gs1:std:gdsn:c355217030	urn:gs1:std:gdsn:c-1049209724	Information on applicable government regulations a trade item is in compliance with.	True	False
case-insensitive	https://ref.gs1.org/voc/regulatoryInformation	regulatoryInformation	urn:gs1:std:gdsn:c-1049209724	RegulatoryInformation	2	object property	http://www.w3.org/1999/02/22-rdf-syntax-ns#Property | http://www.w3.org/2002/07/owl#ObjectProperty	n5bfa46bf8f704497802cd9aad9a0ec91b6	https://ref.gs1.org/voc/RegulatoryInformation	Links to one or more groupings of information on applicable government regulations applicable to a trade item.	class	http://www.w3.org/2002/07/owl#Class			Information on applicable government regulations a trade item is in compliance with.	False	False
exact	https://ref.gs1.org/voc/regulatoryInformationProvider	regulatoryInformationProvider	urn:gs1:std:gdsn:assoc_2147348370_845_1	regulatoryInformationProvider	1	object property	http://www.w3.org/1999/02/22-rdf-syntax-ns#Property | http://www.w3.org/2002/07/owl#ObjectProperty	https://ref.gs1.org/voc/RegulatoryIdentifier	https://ref.gs1.org/voc/Organization	The organisation that provided a document or dataset to a regulatory information system, repository or registry.	object property	http://www.w3.org/2002/07/owl#ObjectProperty	urn:gs1:std:gdsn:c2147348370	urn:gs1:std:gdsn:c845		True	False
exact	https://ref.gs1.org/voc/regulatoryReferenceApplicabilityEndDate	regulatoryReferenceApplicabilityEndDate	urn:gs1:std:gdsn:a2145516385	regulatoryReferenceApplicabilityEndDate	1	datatype property	http://www.w3.org/1999/02/22-rdf-syntax-ns#Property | http://www.w3.org/2002/07/owl#DatatypeProperty	https://ref.gs1.org/voc/RegulatoryIdentifier	http://www.w3.org/2001/XMLSchema#date	The final date for which the referenced information remains applicable.	datatype property	http://www.w3.org/2002/07/owl#DatatypeProperty	urn:gs1:std:gdsn:c2147348370	http://www.w3.org/2001/XMLSchema#date	The final date for which the referenced information remains applicable.	True	False
exact	https://ref.gs1.org/voc/regulatoryReferenceApplicabilityStartDate	regulatoryReferenceApplicabilityStartDate	urn:gs1:std:gdsn:a2145516386	regulatoryReferenceApplicabilityStartDate	1	datatype property	http://www.w3.org/1999/02/22-rdf-syntax-ns#Property | http://www.w3.org/2002/07/owl#DatatypeProperty	https://ref.gs1.org/voc/RegulatoryIdentifier	http://www.w3.org/2001/XMLSchema#date	The earliest date from which the referenced information becomes applicable.	datatype property	http://www.w3.org/2002/07/owl#DatatypeProperty	urn:gs1:std:gdsn:c2147348370	http://www.w3.org/2001/XMLSchema#date	The earliest date from which the referenced information becomes applicable.	True	False
exact	https://ref.gs1.org/voc/regulatoryReferenceNumber	regulatoryReferenceNumber	urn:gs1:std:gdsn:a2145516383	regulatoryReferenceNumber	1	datatype property	http://www.w3.org/1999/02/22-rdf-syntax-ns#Property | http://www.w3.org/2002/07/owl#DatatypeProperty	https://ref.gs1.org/voc/RegulatoryIdentifier	http://www.w3.org/2001/XMLSchema#string	A reference number for a record, document or dataset stored within a regulatory information system, repository or registry.	datatype property	http://www.w3.org/2002/07/owl#DatatypeProperty	urn:gs1:std:gdsn:c2147348370	http://www.w3.org/2001/XMLSchema#string	A reference number for a record, document or dataset stored within a regulatory information system, repository or registry.	True	False
exact	https://ref.gs1.org/voc/regulatoryVerificationNumber	regulatoryVerificationNumber	urn:gs1:std:gdsn:a2145516384	regulatoryVerificationNumber	1	datatype property	http://www.w3.org/1999/02/22-rdf-syntax-ns#Property | http://www.w3.org/2002/07/owl#DatatypeProperty	https://ref.gs1.org/voc/RegulatoryIdentifier	http://www.w3.org/2001/XMLSchema#string	A verification number for a record, document or dataset stored within a regulatory information system, repository or registry, typically used in combination with the reference number when requesting access to the refrenced document or dataset.	datatype property	http://www.w3.org/2002/07/owl#DatatypeProperty	urn:gs1:std:gdsn:c2147348370	http://www.w3.org/2001/XMLSchema#string	A verification number for a record, document or dataset stored within a regulatory information system, repository or registry, typically used in combination with the reference number when requesting access to the referenced document or dataset.	True	False
exact	https://ref.gs1.org/voc/responsibility	responsibility	urn:gs1:std:gdsn:a-1089055356	responsibility	1	datatype property	http://www.w3.org/1999/02/22-rdf-syntax-ns#Property | http://www.w3.org/2002/07/owl#DatatypeProperty	https://ref.gs1.org/voc/ContactPoint	http://www.w3.org/1999/02/22-rdf-syntax-ns#langString	Text further specifying the area of responsibility of the trade contact.	object property	http://www.w3.org/2002/07/owl#ObjectProperty	urn:gs1:std:gdsn:c818	urn:gs1:std:gdsn:c1442	Text further specifying the area of responsibility of the trade contact.	False	True
case-insensitive	https://ref.gs1.org/voc/restricted	restricted	urn:gs1:std:gdsn:cv179897	RESTRICTED	2	annotation property	http://www.w3.org/2002/07/owl#AnnotationProperty		xsd:string		individual/other	urn:gs1:std:gdsn:c2147348186			No one under the age of 18 may view under any circumstances. Content not suitable for minors. May contain scenes of explicit sex and/or violence. However, the film classification office considers these films to have some artistic, historical, political, educational or scientific merit.	False	False
case-insensitive	https://ref.gs1.org/voc/restricted	restricted	urn:gs1:std:gdsn:cv179924	RESTRICTED	2	annotation property	http://www.w3.org/2002/07/owl#AnnotationProperty		xsd:string		individual/other	urn:gs1:std:gdsn:c2147348191			Film restricted to persons 18 years of age or older	False	False
exact	https://ref.gs1.org/voc/returnablePackageDepositAmount	returnablePackageDepositAmount	urn:gs1:std:gdsn:a6803	returnablePackageDepositAmount	1	object property	http://www.w3.org/1999/02/22-rdf-syntax-ns#Property | http://www.w3.org/2002/07/owl#ObjectProperty	https://ref.gs1.org/voc/ReturnablePackageDepositDetails	https://ref.gs1.org/voc/PriceSpecification	The monetary amount for the individual returnable package.	object property	http://www.w3.org/2002/07/owl#ObjectProperty	urn:gs1:std:gdsn:c-1163936943	urn:gs1:std:gdsn:c1447	The monetary amount for the individual returnable package.	True	False
exact	https://ref.gs1.org/voc/returnablePackageDepositRegion	returnablePackageDepositRegion	urn:gs1:std:gdsn:assoc_-1163936943_919_1	returnablePackageDepositRegion	1	object property	http://www.w3.org/1999/02/22-rdf-syntax-ns#Property | http://www.w3.org/2002/07/owl#ObjectProperty	https://ref.gs1.org/voc/ReturnablePackageDepositDetails	https://ref.gs1.org/voc/Country	The geographic region associated with the returnable package deposit amount.	object property	http://www.w3.org/2002/07/owl#ObjectProperty	urn:gs1:std:gdsn:c-1163936943	urn:gs1:std:gdsn:c919	The geographic region associated with the returnable package deposit amount.	True	False
case-insensitive	https://ref.gs1.org/voc/review	review	urn:gs1:std:gdsn:cv179655	REVIEW	1	object property	http://www.w3.org/1999/02/22-rdf-syntax-ns#Property | http://www.w3.org/2002/07/owl#ObjectProperty	http://www.w3.org/2002/07/owl#Thing	http://www.w3.org/2001/XMLSchema#anyURI	A link to reviews.	individual/other	urn:gs1:std:gdsn:c741060172			A request to the data source to “review” their data because the data recipient has received discrepant data which they cannot synchronise.	False	False
exact	https://ref.gs1.org/voc/seasonCalendarYear	seasonCalendarYear	urn:gs1:std:gdsn:a6887	seasonCalendarYear	1	datatype property	http://www.w3.org/1999/02/22-rdf-syntax-ns#Property | http://www.w3.org/2002/07/owl#DatatypeProperty	https://ref.gs1.org/voc/WearableProduct	http://www.w3.org/2001/XMLSchema#gYear	The calendar year in which the product is seasonally available.	datatype property	http://www.w3.org/2002/07/owl#DatatypeProperty	urn:gs1:std:gdsn:c1297443462	http://www.w3.org/2001/XMLSchema#gYear	This element indicates the calendar year in which the trade item is seasonally available.	True	False
exact	https://ref.gs1.org/voc/seasonName	seasonName	urn:gs1:std:gdsn:a6888	seasonName	1	datatype property	http://www.w3.org/1999/02/22-rdf-syntax-ns#Property | http://www.w3.org/2002/07/owl#DatatypeProperty	https://ref.gs1.org/voc/WearableProduct	http://www.w3.org/1999/02/22-rdf-syntax-ns#langString	Element defines the season applicable to the item for example Winter.	object property	http://www.w3.org/2002/07/owl#ObjectProperty	urn:gs1:std:gdsn:c1297443462	urn:gs1:std:gdsn:c1442	Element defines the season applicable to the item.	False	True
case-insensitive	https://ref.gs1.org/voc/seller	seller	urn:gs1:std:gdsn:cv177392	SELLER	1	object property	http://www.w3.org/1999/02/22-rdf-syntax-ns#Property | http://www.w3.org/2002/07/owl#ObjectProperty	https://ref.gs1.org/voc/Offer	https://ref.gs1.org/voc/Organization	The organization seeking to sell a product or service.	individual/other	urn:gs1:std:gdsn:c-805537831			Party which sells products or services to a buyer.	False	False
exact	https://ref.gs1.org/voc/servingSize	servingSize	urn:gs1:std:gdsn:a1337173632	servingSize	1	object property	http://www.w3.org/1999/02/22-rdf-syntax-ns#Property | http://www.w3.org/2002/07/owl#ObjectProperty	https://ref.gs1.org/voc/FoodBeverageTobaccoProduct	https://ref.gs1.org/voc/QuantitativeValue	Measurement value specifying the serving size in which the information per nutrient has been stated. Example: Per 100 GRM.	object property	http://www.w3.org/2002/07/owl#ObjectProperty	urn:gs1:std:gdsn:c1336934671	urn:gs1:std:gdsn:c1490	Measurement value specifying the serving size or portion. In some markets, due to regulation, this information is used as the basis amount that a nutrient is measured against. Example: Per 30 grams. 1/2 cup, etc. Please refer to the target markets implementation guideline on how to populate this attribute.	True	False
exact	https://ref.gs1.org/voc/servingSizeDescription	servingSizeDescription	urn:gs1:std:gdsn:a1118763658	servingSizeDescription	1	datatype property	http://www.w3.org/1999/02/22-rdf-syntax-ns#Property | http://www.w3.org/2002/07/owl#DatatypeProperty	https://ref.gs1.org/voc/FoodBeverageTobaccoProduct	http://www.w3.org/1999/02/22-rdf-syntax-ns#langString	A free text field specifying the serving size for which the nutrient information has been stated for example: per 1/3 cup (42 g).	object property	http://www.w3.org/2002/07/owl#ObjectProperty	urn:gs1:std:gdsn:c1336934671	urn:gs1:std:gdsn:c-1284986072	A free text field specifying the serving size for which the nutrient information has been stated for example: per 1/3 cup (42 g).	False	True
exact	https://ref.gs1.org/voc/servingSuggestion	servingSuggestion	urn:gs1:std:gdsn:a-87316448	servingSuggestion	1	datatype property	http://www.w3.org/1999/02/22-rdf-syntax-ns#Property | http://www.w3.org/2002/07/owl#DatatypeProperty	https://ref.gs1.org/voc/FoodBeverageTobaccoProduct	http://www.w3.org/1999/02/22-rdf-syntax-ns#langString	Free text field for serving suggestion.	object property	http://www.w3.org/2002/07/owl#ObjectProperty	urn:gs1:std:gdsn:c-970284611	urn:gs1:std:gdsn:c1446	Free text field for serving suggestion.	False	True
exact	https://ref.gs1.org/voc/size	size	urn:gs1:std:gdsn:assoc_-393608554_1379_2	size	4	object property	http://www.w3.org/1999/02/22-rdf-syntax-ns#Property | http://www.w3.org/2002/07/owl#ObjectProperty	https://ref.gs1.org/voc/WearableProduct	https://ref.gs1.org/voc/SizeDetails	Links a wearable product to one or more groupings of gs1:SizeDetails representing size systems, size groups, size type and size dimensions.	object property	http://www.w3.org/2002/07/owl#ObjectProperty	urn:gs1:std:gdsn:c-393608554	urn:gs1:std:gdsn:c1379	The size of an object and the size coding system being applied, for example L (buyer assigned).	True	False
case-insensitive	https://ref.gs1.org/voc/size	size	urn:gs1:std:gdsn:c1379	Size	4	object property	http://www.w3.org/1999/02/22-rdf-syntax-ns#Property | http://www.w3.org/2002/07/owl#ObjectProperty	https://ref.gs1.org/voc/WearableProduct	https://ref.gs1.org/voc/SizeDetails	Links a wearable product to one or more groupings of gs1:SizeDetails representing size systems, size groups, size type and size dimensions.	class	http://www.w3.org/2002/07/owl#Class			Code specifying the size of an object and the size coding system being applied, for example L (buyer assigned).	False	False
case-insensitive	https://ref.gs1.org/voc/size	size	urn:gs1:std:gdsn:cv170388	SIZE	4	object property	http://www.w3.org/1999/02/22-rdf-syntax-ns#Property | http://www.w3.org/2002/07/owl#ObjectProperty	https://ref.gs1.org/voc/WearableProduct	https://ref.gs1.org/voc/SizeDetails	Links a wearable product to one or more groupings of gs1:SizeDetails representing size systems, size groups, size type and size dimensions.	individual/other	urn:gs1:std:gdsn:c825956250			Size	False	False
case-insensitive	https://ref.gs1.org/voc/size	size	urn:gs1:std:gdsn:cv180130	SIZE	4	object property	http://www.w3.org/1999/02/22-rdf-syntax-ns#Property | http://www.w3.org/2002/07/owl#ObjectProperty	https://ref.gs1.org/voc/WearableProduct	https://ref.gs1.org/voc/SizeDetails	Links a wearable product to one or more groupings of gs1:SizeDetails representing size systems, size groups, size type and size dimensions.	individual/other	urn:gs1:std:gdsn:c-2007772231			The product variant is defined by size.	False	False
exact	https://ref.gs1.org/voc/sizeCode	sizeCode	urn:gs1:std:gdsn:a2145516218	sizeCode	3	object property	http://www.w3.org/1999/02/22-rdf-syntax-ns#Property | http://www.w3.org/2002/07/owl#ObjectProperty	https://ref.gs1.org/voc/Product	https://ref.gs1.org/voc/SizeCodeDetails	Links a product to one or more groupings of gs1:SizeCodeDetails representing the size value from a specified code list.	datatype property	http://www.w3.org/2002/07/owl#DatatypeProperty	urn:gs1:std:gdsn:c1355	urn:gs1:std:gdsn:dt_string_MinLength1_MaxLength80	A code depicting the size of an object according to a specified list of code	False	False
exact	https://ref.gs1.org/voc/sizeCode	sizeCode	urn:gs1:std:gdsn:a6903	sizeCode	3	object property	http://www.w3.org/1999/02/22-rdf-syntax-ns#Property | http://www.w3.org/2002/07/owl#ObjectProperty	https://ref.gs1.org/voc/Product	https://ref.gs1.org/voc/SizeCodeDetails	Links a product to one or more groupings of gs1:SizeCodeDetails representing the size value from a specified code list.	object property	http://www.w3.org/2002/07/owl#ObjectProperty	urn:gs1:std:gdsn:c1379	urn:gs1:std:gdsn:c-378005875	Code specifying the size of an object and the size coding system being applied, for example L (buyer assigned).	True	False
case-insensitive	https://ref.gs1.org/voc/sizeCode	sizeCode	urn:gs1:std:gdsn:c-378005875	SizeCode	3	object property	http://www.w3.org/1999/02/22-rdf-syntax-ns#Property | http://www.w3.org/2002/07/owl#ObjectProperty	https://ref.gs1.org/voc/Product	https://ref.gs1.org/voc/SizeCodeDetails	Links a product to one or more groupings of gs1:SizeCodeDetails representing the size value from a specified code list.	class	http://www.w3.org/2002/07/owl#Class			A code depicting the size of an object according to a specific code list. The applied code list is specified as additional information together with the size code.	False	False
exact	https://ref.gs1.org/voc/sizeCodeListCode	sizeCodeListCode	urn:gs1:std:gdsn:a957613430	sizeCodeListCode	2	datatype property	http://www.w3.org/1999/02/22-rdf-syntax-ns#Property | http://www.w3.org/2002/07/owl#DatatypeProperty	https://ref.gs1.org/voc/SizeCodeDetails	http://www.w3.org/2001/XMLSchema#string	Code specifying a size code list. Allowed code values are specified in GS1 Code List SizeCodeListCode .	datatype property	http://www.w3.org/2002/07/owl#DatatypeProperty	urn:gs1:std:gdsn:c-378005875	urn:gs1:std:gdsn:dt_string_MinLength1_MaxLength80	Code specifying a size code list. Allowed code values are specified in GS1 Code List SizeCodeListCode.	True	False
case-insensitive	https://ref.gs1.org/voc/sizeCodeListCode	sizeCodeListCode	urn:gs1:std:gdsn:c2147348209	SizeCodeListCode	2	datatype property	http://www.w3.org/1999/02/22-rdf-syntax-ns#Property | http://www.w3.org/2002/07/owl#DatatypeProperty	https://ref.gs1.org/voc/SizeCodeDetails	http://www.w3.org/2001/XMLSchema#string	Code specifying a size code list. Allowed code values are specified in GS1 Code List SizeCodeListCode .	class	http://www.w3.org/2002/07/owl#Class				False	False
exact	https://ref.gs1.org/voc/sizeDimension	sizeDimension	urn:gs1:std:gdsn:a6787	sizeDimension	1	object property	http://www.w3.org/1999/02/22-rdf-syntax-ns#Property | http://www.w3.org/2002/07/owl#ObjectProperty	https://ref.gs1.org/voc/SizeDetails	https://ref.gs1.org/voc/QuantitativeValue	The numerical size measurement relating to the size type.	object property	http://www.w3.org/2002/07/owl#ObjectProperty	urn:gs1:std:gdsn:c1355	urn:gs1:std:gdsn:c1490	The numerical size measure-ment of the size dimension specified by the size type.	True	False
normalized	https://ref.gs1.org/voc/socialMedia	socialMedia	urn:gs1:std:gdsn:cv170517	SOCIAL_MEDIA	2	object property	http://www.w3.org/1999/02/22-rdf-syntax-ns#Property | http://www.w3.org/2002/07/owl#ObjectProperty	http://www.w3.org/2002/07/owl#Thing	http://www.w3.org/2001/XMLSchema#anyURI	A link to a social media channel. The title will typically be replaced by the name of the channel.	individual/other	urn:gs1:std:gdsn:c1507			A social media address.	False	False
normalized	https://ref.gs1.org/voc/socialMedia	socialMedia	urn:gs1:std:gdsn:cv171201	SOCIAL_MEDIA	2	object property	http://www.w3.org/1999/02/22-rdf-syntax-ns#Property | http://www.w3.org/2002/07/owl#ObjectProperty	http://www.w3.org/2002/07/owl#Thing	http://www.w3.org/2001/XMLSchema#anyURI	A link to a social media channel. The title will typically be replaced by the name of the channel.	individual/other	urn:gs1:std:gdsn:c925883488			Information appears on the product packaging about social media channels that enable users to create and share content about the product.	False	False
exact	https://ref.gs1.org/voc/streetAddress	streetAddress	urn:gs1:std:gdsn:a-203424440	streetAddress	1	datatype property	http://www.w3.org/1999/02/22-rdf-syntax-ns#Property | http://www.w3.org/2002/07/owl#DatatypeProperty	https://ref.gs1.org/voc/PostalAddress	http://www.w3.org/1999/02/22-rdf-syntax-ns#langString	The street address expressed as free form text. The street address is printed on paper as the first lines below the name. For example, the name of the street and the number in the street or the name of a building. A total of four street address lines are available. gs1:streetAddress SHOULD be used before populating lines two through four. For a PO Box gs1:postOfficeBoxNumber SHOULD be used instead.	datatype property	http://www.w3.org/2002/07/owl#DatatypeProperty	urn:gs1:std:gdsn:c775460557	urn:gs1:std:gdsn:dt_string_MinLength1_MaxLength500	The street address expressed as free form text. The street address is printed on paper as the first lines below the name. Some trading partners require the street address to be the street name and number in this attribute. Others require this attribute to be just the street name. In this case, the street number should be provided separately in the street number attribute, if required.	True	False
exact	https://ref.gs1.org/voc/styleDescription	styleDescription	urn:gs1:std:gdsn:a147145144	styleDescription	1	datatype property	http://www.w3.org/1999/02/22-rdf-syntax-ns#Property | http://www.w3.org/2002/07/owl#DatatypeProperty	https://ref.gs1.org/voc/WearableProduct	http://www.w3.org/1999/02/22-rdf-syntax-ns#langString	An attribute that classifies products that share many of the same characteristics (attribute values) that does NOT vary by GTIN, and are presented by the supplier as a single merchandise selection for the buyer.	object property	http://www.w3.org/2002/07/owl#ObjectProperty	urn:gs1:std:gdsn:c611501245	urn:gs1:std:gdsn:c1442	A description of the style of GTINs that share many of the similar characteristics and are recognizable types of products by the consumer.	False	True
exact	https://ref.gs1.org/voc/supplierSpecifiedMinimumConsumerStorageDays	supplierSpecifiedMinimumConsumerStorageDays	urn:gs1:std:gdsn:a896398390	supplierSpecifiedMinimumConsumerStorageDays	1	datatype property	http://www.w3.org/1999/02/22-rdf-syntax-ns#Property | http://www.w3.org/2002/07/owl#DatatypeProperty	https://ref.gs1.org/voc/Product	http://www.w3.org/2001/XMLSchema#integer	Represents the number of days between a product's sell by date and its use by date.	datatype property	http://www.w3.org/2002/07/owl#DatatypeProperty	urn:gs1:std:gdsn:c1735679034	http://www.w3.org/2001/XMLSchema#nonNegativeInteger	"Represents the number of days between a product's ""sell by date"" and its ""use by date""."	True	False
exact	https://ref.gs1.org/voc/targetConsumerAge	targetConsumerAge	urn:gs1:std:gdsn:a-1881583216	targetConsumerAge	1	datatype property	http://www.w3.org/1999/02/22-rdf-syntax-ns#Property | http://www.w3.org/2002/07/owl#DatatypeProperty	https://ref.gs1.org/voc/WearableProduct	http://www.w3.org/2001/XMLSchema#string	Identifies the target consumer age range for which a product has been designed.	object property	http://www.w3.org/2002/07/owl#ObjectProperty	urn:gs1:std:gdsn:c-1514726126	urn:gs1:std:gdsn:c-1284986072	Identifies the target consumer age range for which a trade item has been designed.	False	False
exact	https://ref.gs1.org/voc/targetConsumerGender	targetConsumerGender	urn:gs1:std:gdsn:a10408510	targetConsumerGender	1	object property	http://www.w3.org/1999/02/22-rdf-syntax-ns#Property | http://www.w3.org/2002/07/owl#ObjectProperty	https://ref.gs1.org/voc/WearableProduct	https://ref.gs1.org/voc/TargetConsumerGenderCode	Identifies the target consumer gender for which a product has been designed for example MALE	object property	http://www.w3.org/2002/07/owl#ObjectProperty	urn:gs1:std:gdsn:c-1514726126	urn:gs1:std:gdsn:c1413823890	Identifies the target consumer gender for which a product has been designed.	True	False
exact	https://ref.gs1.org/voc/targetMarket	targetMarket	urn:gs1:std:gdsn:assoc_-2110977878_919_2	targetMarket	5	object property	http://www.w3.org/1999/02/22-rdf-syntax-ns#Property | http://www.w3.org/2002/07/owl#ObjectProperty	https://ref.gs1.org/voc/Product	https://ref.gs1.org/voc/TargetMarketDetails	Relates to a set of target market details (product release date and associated countries)	object property	http://www.w3.org/2002/07/owl#ObjectProperty	urn:gs1:std:gdsn:c-2110977878	urn:gs1:std:gdsn:c919	A target market associated with a communication channel for example Canada.	True	False
exact	https://ref.gs1.org/voc/targetMarket	targetMarket	urn:gs1:std:gdsn:assoc_1406_919_2	targetMarket	5	object property	http://www.w3.org/1999/02/22-rdf-syntax-ns#Property | http://www.w3.org/2002/07/owl#ObjectProperty	https://ref.gs1.org/voc/Product	https://ref.gs1.org/voc/TargetMarketDetails	Relates to a set of target market details (product release date and associated countries)	object property	http://www.w3.org/2002/07/owl#ObjectProperty	urn:gs1:std:gdsn:c1406	urn:gs1:std:gdsn:c919	The target market that the subscription is targeted to.	True	False
exact	https://ref.gs1.org/voc/targetMarket	targetMarket	urn:gs1:std:gdsn:assoc_863999331_919_6	targetMarket	5	object property	http://www.w3.org/1999/02/22-rdf-syntax-ns#Property | http://www.w3.org/2002/07/owl#ObjectProperty	https://ref.gs1.org/voc/Product	https://ref.gs1.org/voc/TargetMarketDetails	Relates to a set of target market details (product release date and associated countries)	object property	http://www.w3.org/2002/07/owl#ObjectProperty	urn:gs1:std:gdsn:c863999331	urn:gs1:std:gdsn:c919	Target Market associated with a Trade Item.	True	False
case-insensitive	https://ref.gs1.org/voc/targetMarket	targetMarket	urn:gs1:std:gdsn:c919	TargetMarket	5	object property	http://www.w3.org/1999/02/22-rdf-syntax-ns#Property | http://www.w3.org/2002/07/owl#ObjectProperty	https://ref.gs1.org/voc/Product	https://ref.gs1.org/voc/TargetMarketDetails	Relates to a set of target market details (product release date and associated countries)	class	http://www.w3.org/2002/07/owl#Class			Information specifying the geographical area where a trade item is intended to be sold.	False	False
normalized	https://ref.gs1.org/voc/targetMarket	targetMarket	urn:gs1:std:gdsn:targetMarket	Target market	5	object property	http://www.w3.org/1999/02/22-rdf-syntax-ns#Property | http://www.w3.org/2002/07/owl#ObjectProperty	https://ref.gs1.org/voc/Product	https://ref.gs1.org/voc/TargetMarketDetails	Relates to a set of target market details (product release date and associated countries)	annotation property	http://www.w3.org/2002/07/owl#AnnotationProperty			Source target-market marker.	False	False
case-insensitive	https://ref.gs1.org/voc/telephone	telephone	urn:gs1:std:gdsn:cv170519	TELEPHONE	1	datatype property	http://www.w3.org/1999/02/22-rdf-syntax-ns#Property | http://www.w3.org/2002/07/owl#DatatypeProperty	https://ref.gs1.org/voc/ContactPoint	http://www.w3.org/2001/XMLSchema#string	A telephone number for example +44 217 992 9999.	individual/other	urn:gs1:std:gdsn:c1507			Voice/data transmission by telephone.	False	False
case-insensitive	https://ref.gs1.org/voc/value	value	urn:gs1:std:gdsn:cv170313	VALUE	2	datatype property	http://www.w3.org/1999/02/22-rdf-syntax-ns#Property | http://www.w3.org/2002/07/owl#DatatypeProperty	https://ref.gs1.org/voc/QuantitativeValue	http://www.w3.org/2001/XMLSchema#float	A floating-point numeric value that is qualified by the corresponding measurement unit code - see gs1:unitCode	individual/other	urn:gs1:std:gdsn:c-755058062			Value	False	False
case-insensitive	https://ref.gs1.org/voc/value	value	urn:gs1:std:gdsn:cv170523	VALUE	2	datatype property	http://www.w3.org/1999/02/22-rdf-syntax-ns#Property | http://www.w3.org/2002/07/owl#DatatypeProperty	https://ref.gs1.org/voc/QuantitativeValue	http://www.w3.org/2001/XMLSchema#float	A floating-point numeric value that is qualified by the corresponding measurement unit code - see gs1:unitCode	individual/other	urn:gs1:std:gdsn:c-1163458638			A numerical quantity that is assigned or is determined by calculation or measurement.	False	False
exact	https://ref.gs1.org/voc/variantDescription	variantDescription	urn:gs1:std:gdsn:a122849532	variantDescription	1	datatype property	http://www.w3.org/1999/02/22-rdf-syntax-ns#Property | http://www.w3.org/2002/07/owl#DatatypeProperty	https://ref.gs1.org/voc/Product	http://www.w3.org/1999/02/22-rdf-syntax-ns#langString	Free text field used to identify the variant of the product. Variants are the distinguishing characteristics that differentiate products with the same brand and size including such things as the particular flavour, fragrance, taste.	object property	http://www.w3.org/2002/07/owl#ObjectProperty	urn:gs1:std:gdsn:c1204161147	urn:gs1:std:gdsn:c-1284986072	Free text field used to identify the variant of the product. Variants are the distinguishing characteristics that differentiate products with the same brand and size including such things as the particular flavor, fragrance, taste.	False	True
exact	https://ref.gs1.org/voc/vintner	vintner	urn:gs1:std:gdsn:a1443523616	vintner	1	datatype property	http://www.w3.org/1999/02/22-rdf-syntax-ns#Property | http://www.w3.org/2002/07/owl#DatatypeProperty	https://ref.gs1.org/voc/Beverage	http://www.w3.org/1999/02/22-rdf-syntax-ns#langString	The person hired by a winery or wine company who is responsible for many of the processes in the preparation, taste and quality of the wine produced. The science of wine making is referred to as oenology. The vintner is the oenologist.	datatype property	http://www.w3.org/2002/07/owl#DatatypeProperty	urn:gs1:std:gdsn:c305872456	urn:gs1:std:gdsn:dt_string_MinLength1_MaxLength200	The person hired by a winery or wine company who is responsible for many of the processes in the preparation, taste and quality of the wine produced. The science of wine making is referred to as oenology. The vintner is the oenologist.	True	False
exact	https://ref.gs1.org/voc/warningCopyDescription	warningCopyDescription	urn:gs1:std:gdsn:a407570699	warningCopyDescription	1	datatype property	http://www.w3.org/1999/02/22-rdf-syntax-ns#Property | http://www.w3.org/2002/07/owl#DatatypeProperty	https://ref.gs1.org/voc/Product	http://www.w3.org/1999/02/22-rdf-syntax-ns#langString	Warning information is additional information that outlines special requirements, warning and caution information printed on the package.	object property	http://www.w3.org/2002/07/owl#ObjectProperty	urn:gs1:std:gdsn:c1358	urn:gs1:std:gdsn:c1444	Warning information is additional information that outlines special requirements, warning and caution information printed on the package.	False	True
