webvoc_iri	local_name	kind
https://ref.gs1.org/voc/ALARM_CONDITION	ALARM_CONDITION	individual/other
https://ref.gs1.org/voc/AbsoluteHumidity	AbsoluteHumidity	individual/other
https://ref.gs1.org/voc/AbsorbedDose	AbsorbedDose	individual/other
https://ref.gs1.org/voc/AbsorbedDoseRate	AbsorbedDoseRate	individual/other
https://ref.gs1.org/voc/AdditionalProductClassificationDetails	AdditionalProductClassificationDetails	class
https://ref.gs1.org/voc/AdditiveDetails	AdditiveDetails	class
https://ref.gs1.org/voc/AllergenDetails	AllergenDetails	class
https://ref.gs1.org/voc/AllergenTypeCode-1%2C3-BIS-%282%2C4-DIAMINOPHENOXY%29PROPANE	AllergenTypeCode-1%2C3-BIS-%282%2C4-DIAMINOPHENOXY%29PROPANE	individual/other
https://ref.gs1.org/voc/AllergenTypeCode-1-NAPHTHOL	AllergenTypeCode-1-NAPHTHOL	individual/other
https://ref.gs1.org/voc/AllergenTypeCode-2%2C6-DIMETHOXY-3%2C5-PYRIDINEDIAMINE_HCL	AllergenTypeCode-2%2C6-DIMETHOXY-3%2C5-PYRIDINEDIAMINE_HCL	individual/other
https://ref.gs1.org/voc/AllergenTypeCode-2-HYDROXYETHYL-PICRAMIC_ACID	AllergenTypeCode-2-HYDROXYETHYL-PICRAMIC_ACID	individual/other
https://ref.gs1.org/voc/AllergenTypeCode-2-METHYL-5-HYDROXYETHYLAMINOPHENOL	AllergenTypeCode-2-METHYL-5-HYDROXYETHYLAMINOPHENOL	individual/other
https://ref.gs1.org/voc/AllergenTypeCode-3-AMINO-2%2C4-DICHLOROPHENOL	AllergenTypeCode-3-AMINO-2%2C4-DICHLOROPHENOL	individual/other
https://ref.gs1.org/voc/AllergenTypeCode-3-AMINOPHENOL	AllergenTypeCode-3-AMINOPHENOL	individual/other
https://ref.gs1.org/voc/AllergenTypeCode-4-AMINO-3-NITROPHENOL	AllergenTypeCode-4-AMINO-3-NITROPHENOL	individual/other
https://ref.gs1.org/voc/AllergenTypeCode-4-HYDROXY-PROPYLAMINO-3-NITROPHENOL	AllergenTypeCode-4-HYDROXY-PROPYLAMINO-3-NITROPHENOL	individual/other
https://ref.gs1.org/voc/AllergenTypeCode-AA	AllergenTypeCode-AA	individual/other
https://ref.gs1.org/voc/AllergenTypeCode-ABALONE	AllergenTypeCode-ABALONE	individual/other
https://ref.gs1.org/voc/AllergenTypeCode-ABD	AllergenTypeCode-ABD	individual/other
https://ref.gs1.org/voc/AllergenTypeCode-ABE	AllergenTypeCode-ABE	individual/other
https://ref.gs1.org/voc/AllergenTypeCode-ABF	AllergenTypeCode-ABF	individual/other
https://ref.gs1.org/voc/AllergenTypeCode-ABG	AllergenTypeCode-ABG	individual/other
https://ref.gs1.org/voc/AllergenTypeCode-ABH	AllergenTypeCode-ABH	individual/other
https://ref.gs1.org/voc/AllergenTypeCode-ABI	AllergenTypeCode-ABI	individual/other
https://ref.gs1.org/voc/AllergenTypeCode-ABJ	AllergenTypeCode-ABJ	individual/other
https://ref.gs1.org/voc/AllergenTypeCode-ABK	AllergenTypeCode-ABK	individual/other
https://ref.gs1.org/voc/AllergenTypeCode-ABL	AllergenTypeCode-ABL	individual/other
https://ref.gs1.org/voc/AllergenTypeCode-ABN	AllergenTypeCode-ABN	individual/other
https://ref.gs1.org/voc/AllergenTypeCode-AC	AllergenTypeCode-AC	individual/other
https://ref.gs1.org/voc/AllergenTypeCode-ACP	AllergenTypeCode-ACP	individual/other
https://ref.gs1.org/voc/AllergenTypeCode-AD	AllergenTypeCode-AD	individual/other
https://ref.gs1.org/voc/AllergenTypeCode-ADB	AllergenTypeCode-ADB	individual/other
https://ref.gs1.org/voc/AllergenTypeCode-ADC	AllergenTypeCode-ADC	individual/other
https://ref.gs1.org/voc/AllergenTypeCode-ADE	AllergenTypeCode-ADE	individual/other
https://ref.gs1.org/voc/AllergenTypeCode-ADF	AllergenTypeCode-ADF	individual/other
https://ref.gs1.org/voc/AllergenTypeCode-ADG	AllergenTypeCode-ADG	individual/other
https://ref.gs1.org/voc/AllergenTypeCode-ADH	AllergenTypeCode-ADH	individual/other
https://ref.gs1.org/voc/AllergenTypeCode-ADI	AllergenTypeCode-ADI	individual/other
https://ref.gs1.org/voc/AllergenTypeCode-ADJ	AllergenTypeCode-ADJ	individual/other
https://ref.gs1.org/voc/AllergenTypeCode-ADK	AllergenTypeCode-ADK	individual/other
https://ref.gs1.org/voc/AllergenTypeCode-ADL	AllergenTypeCode-ADL	individual/other
https://ref.gs1.org/voc/AllergenTypeCode-ADM	AllergenTypeCode-ADM	individual/other
https://ref.gs1.org/voc/AllergenTypeCode-ADP	AllergenTypeCode-ADP	individual/other
https://ref.gs1.org/voc/AllergenTypeCode-ADQ	AllergenTypeCode-ADQ	individual/other
https://ref.gs1.org/voc/AllergenTypeCode-ADR	AllergenTypeCode-ADR	individual/other
https://ref.gs1.org/voc/AllergenTypeCode-ADS	AllergenTypeCode-ADS	individual/other
https://ref.gs1.org/voc/AllergenTypeCode-ADT	AllergenTypeCode-ADT	individual/other
https://ref.gs1.org/voc/AllergenTypeCode-ADU	AllergenTypeCode-ADU	individual/other
https://ref.gs1.org/voc/AllergenTypeCode-ADV	AllergenTypeCode-ADV	individual/other
https://ref.gs1.org/voc/AllergenTypeCode-ADW	AllergenTypeCode-ADW	individual/other
https://ref.gs1.org/voc/AllergenTypeCode-AE	AllergenTypeCode-AE	individual/other
https://ref.gs1.org/voc/AllergenTypeCode-AF	AllergenTypeCode-AF	individual/other
https://ref.gs1.org/voc/AllergenTypeCode-AH	AllergenTypeCode-AH	individual/other
https://ref.gs1.org/voc/AllergenTypeCode-AI	AllergenTypeCode-AI	individual/other
https://ref.gs1.org/voc/AllergenTypeCode-AJF	AllergenTypeCode-AJF	individual/other
https://ref.gs1.org/voc/AllergenTypeCode-AL	AllergenTypeCode-AL	individual/other
https://ref.gs1.org/voc/AllergenTypeCode-ALMONDS	AllergenTypeCode-ALMONDS	individual/other
https://ref.gs1.org/voc/AllergenTypeCode-ALPHA_ISOMETHYL_IONONE	AllergenTypeCode-ALPHA_ISOMETHYL_IONONE	individual/other
https://ref.gs1.org/voc/AllergenTypeCode-AM	AllergenTypeCode-AM	individual/other
https://ref.gs1.org/voc/AllergenTypeCode-AMYLCINNAMYL_ALCOHOL	AllergenTypeCode-AMYLCINNAMYL_ALCOHOL	individual/other
https://ref.gs1.org/voc/AllergenTypeCode-AMYL_CINNAMAL	AllergenTypeCode-AMYL_CINNAMAL	individual/other
https://ref.gs1.org/voc/AllergenTypeCode-AN	AllergenTypeCode-AN	individual/other
https://ref.gs1.org/voc/AllergenTypeCode-ANCHOVY	AllergenTypeCode-ANCHOVY	individual/other
https://ref.gs1.org/voc/AllergenTypeCode-ANISE_ALCOHOL	AllergenTypeCode-ANISE_ALCOHOL	individual/other
https://ref.gs1.org/voc/AllergenTypeCode-ANO	AllergenTypeCode-ANO	individual/other
https://ref.gs1.org/voc/AllergenTypeCode-AP	AllergenTypeCode-AP	individual/other
https://ref.gs1.org/voc/AllergenTypeCode-APL	AllergenTypeCode-APL	individual/other
https://ref.gs1.org/voc/AllergenTypeCode-AS	AllergenTypeCode-AS	individual/other
https://ref.gs1.org/voc/AllergenTypeCode-ASD	AllergenTypeCode-ASD	individual/other
https://ref.gs1.org/voc/AllergenTypeCode-AU	AllergenTypeCode-AU	individual/other
https://ref.gs1.org/voc/AllergenTypeCode-AW	AllergenTypeCode-AW	individual/other
https://ref.gs1.org/voc/AllergenTypeCode-AWF	AllergenTypeCode-AWF	individual/other
https://ref.gs1.org/voc/AllergenTypeCode-AY	AllergenTypeCode-AY	individual/other
https://ref.gs1.org/voc/AllergenTypeCode-BA	AllergenTypeCode-BA	individual/other
https://ref.gs1.org/voc/AllergenTypeCode-BARLEY	AllergenTypeCode-BARLEY	individual/other
https://ref.gs1.org/voc/AllergenTypeCode-BARNACLE	AllergenTypeCode-BARNACLE	individual/other
https://ref.gs1.org/voc/AllergenTypeCode-BAS	AllergenTypeCode-BAS	individual/other
https://ref.gs1.org/voc/AllergenTypeCode-BASA	AllergenTypeCode-BASA	individual/other
https://ref.gs1.org/voc/AllergenTypeCode-BASS	AllergenTypeCode-BASS	individual/other
https://ref.gs1.org/voc/AllergenTypeCode-BB	AllergenTypeCode-BB	individual/other
https://ref.gs1.org/voc/AllergenTypeCode-BC	AllergenTypeCode-BC	individual/other
https://ref.gs1.org/voc/AllergenTypeCode-BE	AllergenTypeCode-BE	individual/other
https://ref.gs1.org/voc/AllergenTypeCode-BEECH_NUTS	AllergenTypeCode-BEECH_NUTS	individual/other
https://ref.gs1.org/voc/AllergenTypeCode-BEEF	AllergenTypeCode-BEEF	individual/other
https://ref.gs1.org/voc/AllergenTypeCode-BENZYL_ALCOHOL	AllergenTypeCode-BENZYL_ALCOHOL	individual/other
https://ref.gs1.org/voc/AllergenTypeCode-BENZYL_BENZOATE	AllergenTypeCode-BENZYL_BENZOATE	individual/other
https://ref.gs1.org/voc/AllergenTypeCode-BENZYL_CINNAMATE	AllergenTypeCode-BENZYL_CINNAMATE	individual/other
https://ref.gs1.org/voc/AllergenTypeCode-BENZYL_SALICYLATE	AllergenTypeCode-BENZYL_SALICYLATE	individual/other
https://ref.gs1.org/voc/AllergenTypeCode-BF	AllergenTypeCode-BF	individual/other
https://ref.gs1.org/voc/AllergenTypeCode-BFD	AllergenTypeCode-BFD	individual/other
https://ref.gs1.org/voc/AllergenTypeCode-BFH	AllergenTypeCode-BFH	individual/other
https://ref.gs1.org/voc/AllergenTypeCode-BI	AllergenTypeCode-BI	individual/other
https://ref.gs1.org/voc/AllergenTypeCode-BLF	AllergenTypeCode-BLF	individual/other
https://ref.gs1.org/voc/AllergenTypeCode-BLUEFISH	AllergenTypeCode-BLUEFISH	individual/other
https://ref.gs1.org/voc/AllergenTypeCode-BM	AllergenTypeCode-BM	individual/other
https://ref.gs1.org/voc/AllergenTypeCode-BN	AllergenTypeCode-BN	individual/other
https://ref.gs1.org/voc/AllergenTypeCode-BND	AllergenTypeCode-BND	individual/other
https://ref.gs1.org/voc/AllergenTypeCode-BO	AllergenTypeCode-BO	individual/other
https://ref.gs1.org/voc/AllergenTypeCode-BP	AllergenTypeCode-BP	individual/other
https://ref.gs1.org/voc/AllergenTypeCode-BQ	AllergenTypeCode-BQ	individual/other
https://ref.gs1.org/voc/AllergenTypeCode-BR	AllergenTypeCode-BR	individual/other
https://ref.gs1.org/voc/AllergenTypeCode-BRAZIL_NUTS	AllergenTypeCode-BRAZIL_NUTS	individual/other
https://ref.gs1.org/voc/AllergenTypeCode-BRC	AllergenTypeCode-BRC	individual/other
https://ref.gs1.org/voc/AllergenTypeCode-BREAM	AllergenTypeCode-BREAM	individual/other
https://ref.gs1.org/voc/AllergenTypeCode-BRM	AllergenTypeCode-BRM	individual/other
https://ref.gs1.org/voc/AllergenTypeCode-BS	AllergenTypeCode-BS	individual/other
https://ref.gs1.org/voc/AllergenTypeCode-BUTTERNUTS	AllergenTypeCode-BUTTERNUTS	individual/other
https://ref.gs1.org/voc/AllergenTypeCode-BUTYLPHENYL_METHYLPROPIONATE	AllergenTypeCode-BUTYLPHENYL_METHYLPROPIONATE	individual/other
https://ref.gs1.org/voc/AllergenTypeCode-BWD	AllergenTypeCode-BWD	individual/other
https://ref.gs1.org/voc/AllergenTypeCode-CA	AllergenTypeCode-CA	individual/other
https://ref.gs1.org/voc/AllergenTypeCode-CARP	AllergenTypeCode-CARP	individual/other
https://ref.gs1.org/voc/AllergenTypeCode-CARROTS	AllergenTypeCode-CARROTS	individual/other
https://ref.gs1.org/voc/AllergenTypeCode-CASHEW_NUTS	AllergenTypeCode-CASHEW_NUTS	individual/other
https://ref.gs1.org/voc/AllergenTypeCode-CATFISH	AllergenTypeCode-CATFISH	individual/other
https://ref.gs1.org/voc/AllergenTypeCode-CELERY	AllergenTypeCode-CELERY	individual/other
https://ref.gs1.org/voc/AllergenTypeCode-CEREALS_CONTAINING_GLUTEN	AllergenTypeCode-CEREALS_CONTAINING_GLUTEN	individual/other
https://ref.gs1.org/voc/AllergenTypeCode-CFD	AllergenTypeCode-CFD	individual/other
https://ref.gs1.org/voc/AllergenTypeCode-CFH	AllergenTypeCode-CFH	individual/other
https://ref.gs1.org/voc/AllergenTypeCode-CHAR	AllergenTypeCode-CHAR	individual/other
https://ref.gs1.org/voc/AllergenTypeCode-CHB	AllergenTypeCode-CHB	individual/other
https://ref.gs1.org/voc/AllergenTypeCode-CHESTNUTS	AllergenTypeCode-CHESTNUTS	individual/other
https://ref.gs1.org/voc/AllergenTypeCode-CHICKEN_MEAT	AllergenTypeCode-CHICKEN_MEAT	individual/other
https://ref.gs1.org/voc/AllergenTypeCode-CHINQUAPINS	AllergenTypeCode-CHINQUAPINS	individual/other
https://ref.gs1.org/voc/AllergenTypeCode-CHR	AllergenTypeCode-CHR	individual/other
https://ref.gs1.org/voc/AllergenTypeCode-CHUB	AllergenTypeCode-CHUB	individual/other
https://ref.gs1.org/voc/AllergenTypeCode-CINNAMAL	AllergenTypeCode-CINNAMAL	individual/other
https://ref.gs1.org/voc/AllergenTypeCode-CINNAMYL_ALCOHOL	AllergenTypeCode-CINNAMYL_ALCOHOL	individual/other
https://ref.gs1.org/voc/AllergenTypeCode-CISCO	AllergenTypeCode-CISCO	individual/other
https://ref.gs1.org/voc/AllergenTypeCode-CITRAL	AllergenTypeCode-CITRAL	individual/other
https://ref.gs1.org/voc/AllergenTypeCode-CITRONELLOL	AllergenTypeCode-CITRONELLOL	individual/other
https://ref.gs1.org/voc/AllergenTypeCode-CKF	AllergenTypeCode-CKF	individual/other
https://ref.gs1.org/voc/AllergenTypeCode-CL	AllergenTypeCode-CL	individual/other
https://ref.gs1.org/voc/AllergenTypeCode-CLAM	AllergenTypeCode-CLAM	individual/other
https://ref.gs1.org/voc/AllergenTypeCode-CLM	AllergenTypeCode-CLM	individual/other
https://ref.gs1.org/voc/AllergenTypeCode-CM	AllergenTypeCode-CM	individual/other
https://ref.gs1.org/voc/AllergenTypeCode-CN	AllergenTypeCode-CN	individual/other
https://ref.gs1.org/voc/AllergenTypeCode-CO	AllergenTypeCode-CO	individual/other
https://ref.gs1.org/voc/AllergenTypeCode-COCKLE	AllergenTypeCode-COCKLE	individual/other
https://ref.gs1.org/voc/AllergenTypeCode-COCOA	AllergenTypeCode-COCOA	individual/other
https://ref.gs1.org/voc/AllergenTypeCode-COCONUTS	AllergenTypeCode-COCONUTS	individual/other
https://ref.gs1.org/voc/AllergenTypeCode-COD	AllergenTypeCode-COD	individual/other
https://ref.gs1.org/voc/AllergenTypeCode-COK	AllergenTypeCode-COK	individual/other
https://ref.gs1.org/voc/AllergenTypeCode-CON	AllergenTypeCode-CON	individual/other
https://ref.gs1.org/voc/AllergenTypeCode-CONCH	AllergenTypeCode-CONCH	individual/other
https://ref.gs1.org/voc/AllergenTypeCode-CORIANDER	AllergenTypeCode-CORIANDER	individual/other
https://ref.gs1.org/voc/AllergenTypeCode-CORN	AllergenTypeCode-CORN	individual/other
https://ref.gs1.org/voc/AllergenTypeCode-COTTON_SEEDS	AllergenTypeCode-COTTON_SEEDS	individual/other
https://ref.gs1.org/voc/AllergenTypeCode-COUMARIN	AllergenTypeCode-COUMARIN	individual/other
https://ref.gs1.org/voc/AllergenTypeCode-CRAB	AllergenTypeCode-CRAB	individual/other
https://ref.gs1.org/voc/AllergenTypeCode-CRAWFISH	AllergenTypeCode-CRAWFISH	individual/other
https://ref.gs1.org/voc/AllergenTypeCode-CRUSTACEANS	AllergenTypeCode-CRUSTACEANS	individual/other
https://ref.gs1.org/voc/AllergenTypeCode-CS	AllergenTypeCode-CS	individual/other
https://ref.gs1.org/voc/AllergenTypeCode-CSC	AllergenTypeCode-CSC	individual/other
https://ref.gs1.org/voc/AllergenTypeCode-CT	AllergenTypeCode-CT	individual/other
https://ref.gs1.org/voc/AllergenTypeCode-D-LIMONENE	AllergenTypeCode-D-LIMONENE	individual/other
https://ref.gs1.org/voc/AllergenTypeCode-DA	AllergenTypeCode-DA	individual/other
https://ref.gs1.org/voc/AllergenTypeCode-DIAMINOPHENOLS	AllergenTypeCode-DIAMINOPHENOLS	individual/other
https://ref.gs1.org/voc/AllergenTypeCode-DMF	AllergenTypeCode-DMF	individual/other
https://ref.gs1.org/voc/AllergenTypeCode-DP	AllergenTypeCode-DP	individual/other
https://ref.gs1.org/voc/AllergenTypeCode-DYF	AllergenTypeCode-DYF	individual/other
https://ref.gs1.org/voc/AllergenTypeCode-EEL	AllergenTypeCode-EEL	individual/other
https://ref.gs1.org/voc/AllergenTypeCode-EG	AllergenTypeCode-EG	individual/other
https://ref.gs1.org/voc/AllergenTypeCode-EGGS	AllergenTypeCode-EGGS	individual/other
https://ref.gs1.org/voc/AllergenTypeCode-EOD	AllergenTypeCode-EOD	individual/other
https://ref.gs1.org/voc/AllergenTypeCode-EP	AllergenTypeCode-EP	individual/other
https://ref.gs1.org/voc/AllergenTypeCode-EUGENOL	AllergenTypeCode-EUGENOL	individual/other
https://ref.gs1.org/voc/AllergenTypeCode-EV	AllergenTypeCode-EV	individual/other
https://ref.gs1.org/voc/AllergenTypeCode-EVERNIA_FURFURACEA	AllergenTypeCode-EVERNIA_FURFURACEA	individual/other
https://ref.gs1.org/voc/AllergenTypeCode-EVERNIA_PRUNASTRI	AllergenTypeCode-EVERNIA_PRUNASTRI	individual/other
https://ref.gs1.org/voc/AllergenTypeCode-FA	AllergenTypeCode-FA	individual/other
https://ref.gs1.org/voc/AllergenTypeCode-FARNESOL	AllergenTypeCode-FARNESOL	individual/other
https://ref.gs1.org/voc/AllergenTypeCode-FH	AllergenTypeCode-FH	individual/other
https://ref.gs1.org/voc/AllergenTypeCode-FISH	AllergenTypeCode-FISH	individual/other
https://ref.gs1.org/voc/AllergenTypeCode-FLOUNDER	AllergenTypeCode-FLOUNDER	individual/other
https://ref.gs1.org/voc/AllergenTypeCode-FT	AllergenTypeCode-FT	individual/other
https://ref.gs1.org/voc/AllergenTypeCode-GB	AllergenTypeCode-GB	individual/other
https://ref.gs1.org/voc/AllergenTypeCode-GE	AllergenTypeCode-GE	individual/other
https://ref.gs1.org/voc/AllergenTypeCode-GERANIOL	AllergenTypeCode-GERANIOL	individual/other
https://ref.gs1.org/voc/AllergenTypeCode-GINKGO_NUTS	AllergenTypeCode-GINKGO_NUTS	individual/other
https://ref.gs1.org/voc/AllergenTypeCode-GK	AllergenTypeCode-GK	individual/other
https://ref.gs1.org/voc/AllergenTypeCode-GL	AllergenTypeCode-GL	individual/other
https://ref.gs1.org/voc/AllergenTypeCode-GLUTAMATE	AllergenTypeCode-GLUTAMATE	individual/other
https://ref.gs1.org/voc/AllergenTypeCode-GLUTEN	AllergenTypeCode-GLUTEN	individual/other
https://ref.gs1.org/voc/AllergenTypeCode-GO	AllergenTypeCode-GO	individual/other
https://ref.gs1.org/voc/AllergenTypeCode-GOM	AllergenTypeCode-GOM	individual/other
https://ref.gs1.org/voc/AllergenTypeCode-GROUPER	AllergenTypeCode-GROUPER	individual/other
https://ref.gs1.org/voc/AllergenTypeCode-GS	AllergenTypeCode-GS	individual/other
https://ref.gs1.org/voc/AllergenTypeCode-GTD	AllergenTypeCode-GTD	individual/other
https://ref.gs1.org/voc/AllergenTypeCode-HADDOCK	AllergenTypeCode-HADDOCK	individual/other
https://ref.gs1.org/voc/AllergenTypeCode-HAKE	AllergenTypeCode-HAKE	individual/other
https://ref.gs1.org/voc/AllergenTypeCode-HALIBUT	AllergenTypeCode-HALIBUT	individual/other
https://ref.gs1.org/voc/AllergenTypeCode-HAZELNUTS	AllergenTypeCode-HAZELNUTS	individual/other
https://ref.gs1.org/voc/AllergenTypeCode-HB	AllergenTypeCode-HB	individual/other
https://ref.gs1.org/voc/AllergenTypeCode-HC	AllergenTypeCode-HC	individual/other
https://ref.gs1.org/voc/AllergenTypeCode-HC_BLUE_NO_11	AllergenTypeCode-HC_BLUE_NO_11	individual/other
https://ref.gs1.org/voc/AllergenTypeCode-HC_BLUE_NO_12	AllergenTypeCode-HC_BLUE_NO_12	individual/other
https://ref.gs1.org/voc/AllergenTypeCode-HD	AllergenTypeCode-HD	individual/other
https://ref.gs1.org/voc/AllergenTypeCode-HE	AllergenTypeCode-HE	individual/other
https://ref.gs1.org/voc/AllergenTypeCode-HERRING	AllergenTypeCode-HERRING	individual/other
https://ref.gs1.org/voc/AllergenTypeCode-HEXYL_CINNAMAL	AllergenTypeCode-HEXYL_CINNAMAL	individual/other
https://ref.gs1.org/voc/AllergenTypeCode-HH	AllergenTypeCode-HH	individual/other
https://ref.gs1.org/voc/AllergenTypeCode-HICKORY_NUTS	AllergenTypeCode-HICKORY_NUTS	individual/other
https://ref.gs1.org/voc/AllergenTypeCode-HN	AllergenTypeCode-HN	individual/other
https://ref.gs1.org/voc/AllergenTypeCode-HP	AllergenTypeCode-HP	individual/other
https://ref.gs1.org/voc/AllergenTypeCode-HX	AllergenTypeCode-HX	individual/other
https://ref.gs1.org/voc/AllergenTypeCode-HY	AllergenTypeCode-HY	individual/other
https://ref.gs1.org/voc/AllergenTypeCode-HYDROXYBENZOMORPHOLINE	AllergenTypeCode-HYDROXYBENZOMORPHOLINE	individual/other
https://ref.gs1.org/voc/AllergenTypeCode-HYDROXYCITRONELLAL	AllergenTypeCode-HYDROXYCITRONELLAL	individual/other
https://ref.gs1.org/voc/AllergenTypeCode-HYDROXYETHYL-2-NITRO-P-TOLUIDINE	AllergenTypeCode-HYDROXYETHYL-2-NITRO-P-TOLUIDINE	individual/other
https://ref.gs1.org/voc/AllergenTypeCode-HYDROXYISOHEXYL_3-CYCLOHEXENE_CARBOXALDEHYDE_ISOEUGENOL_LIMONENE_LINAL	AllergenTypeCode-HYDROXYISOHEXYL_3-CYCLOHEXENE_CARBOXALDEHYDE_ISOEUGENOL_LIMONENE_LINAL	individual/other
https://ref.gs1.org/voc/AllergenTypeCode-HYDROXYPROPYL_BIS%28N-HYDROXYETHYL-P-PHENYLDIAMINE%29_HCL	AllergenTypeCode-HYDROXYPROPYL_BIS%28N-HYDROXYETHYL-P-PHENYLDIAMINE%29_HCL	individual/other
https://ref.gs1.org/voc/AllergenTypeCode-ISOEUGENOL	AllergenTypeCode-ISOEUGENOL	individual/other
https://ref.gs1.org/voc/AllergenTypeCode-JCH	AllergenTypeCode-JCH	individual/other
https://ref.gs1.org/voc/AllergenTypeCode-JFD	AllergenTypeCode-JFD	individual/other
https://ref.gs1.org/voc/AllergenTypeCode-KAMUT	AllergenTypeCode-KAMUT	individual/other
https://ref.gs1.org/voc/AllergenTypeCode-KRILL	AllergenTypeCode-KRILL	individual/other
https://ref.gs1.org/voc/AllergenTypeCode-KWD	AllergenTypeCode-KWD	individual/other
https://ref.gs1.org/voc/AllergenTypeCode-LACTOSE	AllergenTypeCode-LACTOSE	individual/other
https://ref.gs1.org/voc/AllergenTypeCode-LAND	AllergenTypeCode-LAND	individual/other
https://ref.gs1.org/voc/AllergenTypeCode-LGD	AllergenTypeCode-LGD	individual/other
https://ref.gs1.org/voc/AllergenTypeCode-LICHEE_NUTS	AllergenTypeCode-LICHEE_NUTS	individual/other
https://ref.gs1.org/voc/AllergenTypeCode-LIMPETS	AllergenTypeCode-LIMPETS	individual/other
https://ref.gs1.org/voc/AllergenTypeCode-LINALOOL	AllergenTypeCode-LINALOOL	individual/other
https://ref.gs1.org/voc/AllergenTypeCode-LMT	AllergenTypeCode-LMT	individual/other
https://ref.gs1.org/voc/AllergenTypeCode-LOBSTER	AllergenTypeCode-LOBSTER	individual/other
https://ref.gs1.org/voc/AllergenTypeCode-LSN	AllergenTypeCode-LSN	individual/other
https://ref.gs1.org/voc/AllergenTypeCode-LUPINE	AllergenTypeCode-LUPINE	individual/other
https://ref.gs1.org/voc/AllergenTypeCode-LX	AllergenTypeCode-LX	individual/other
https://ref.gs1.org/voc/AllergenTypeCode-MAC	AllergenTypeCode-MAC	individual/other
https://ref.gs1.org/voc/AllergenTypeCode-MACADAMIA_NUTS	AllergenTypeCode-MACADAMIA_NUTS	individual/other
https://ref.gs1.org/voc/AllergenTypeCode-MACKEREL	AllergenTypeCode-MACKEREL	individual/other
https://ref.gs1.org/voc/AllergenTypeCode-MAHI_MAHI	AllergenTypeCode-MAHI_MAHI	individual/other
https://ref.gs1.org/voc/AllergenTypeCode-MAL	AllergenTypeCode-MAL	individual/other
https://ref.gs1.org/voc/AllergenTypeCode-MARLIN	AllergenTypeCode-MARLIN	individual/other
https://ref.gs1.org/voc/AllergenTypeCode-MELATONIN	AllergenTypeCode-MELATONIN	individual/other
https://ref.gs1.org/voc/AllergenTypeCode-METHYL_2_OCTYNOATE	AllergenTypeCode-METHYL_2_OCTYNOATE	individual/other
https://ref.gs1.org/voc/AllergenTypeCode-METHYL_HEPTIN_CARBONATE	AllergenTypeCode-METHYL_HEPTIN_CARBONATE	individual/other
https://ref.gs1.org/voc/AllergenTypeCode-MFD	AllergenTypeCode-MFD	individual/other
https://ref.gs1.org/voc/AllergenTypeCode-MH	AllergenTypeCode-MH	individual/other
https://ref.gs1.org/voc/AllergenTypeCode-MILK	AllergenTypeCode-MILK	individual/other
https://ref.gs1.org/voc/AllergenTypeCode-MKF	AllergenTypeCode-MKF	individual/other
https://ref.gs1.org/voc/AllergenTypeCode-ML	AllergenTypeCode-ML	individual/other
https://ref.gs1.org/voc/AllergenTypeCode-MM	AllergenTypeCode-MM	individual/other
https://ref.gs1.org/voc/AllergenTypeCode-MMD	AllergenTypeCode-MMD	individual/other
https://ref.gs1.org/voc/AllergenTypeCode-MOD	AllergenTypeCode-MOD	individual/other
https://ref.gs1.org/voc/AllergenTypeCode-MOLLUSCS	AllergenTypeCode-MOLLUSCS	individual/other
https://ref.gs1.org/voc/AllergenTypeCode-MONKFISH_%28ANGLERFISH%2C_LOTTE%29	AllergenTypeCode-MONKFISH_%28ANGLERFISH%2C_LOTTE%29	individual/other
https://ref.gs1.org/voc/AllergenTypeCode-MSS	AllergenTypeCode-MSS	individual/other
https://ref.gs1.org/voc/AllergenTypeCode-MUSSELS	AllergenTypeCode-MUSSELS	individual/other
https://ref.gs1.org/voc/AllergenTypeCode-MUSTARD	AllergenTypeCode-MUSTARD	individual/other
https://ref.gs1.org/voc/AllergenTypeCode-NC	AllergenTypeCode-NC	individual/other
https://ref.gs1.org/voc/AllergenTypeCode-NE	AllergenTypeCode-NE	individual/other
https://ref.gs1.org/voc/AllergenTypeCode-NK	AllergenTypeCode-NK	individual/other
https://ref.gs1.org/voc/AllergenTypeCode-NL	AllergenTypeCode-NL	individual/other
https://ref.gs1.org/voc/AllergenTypeCode-NM	AllergenTypeCode-NM	individual/other
https://ref.gs1.org/voc/AllergenTypeCode-NO_DECLARED_ALLERGENS	AllergenTypeCode-NO_DECLARED_ALLERGENS	individual/other
https://ref.gs1.org/voc/AllergenTypeCode-NP	AllergenTypeCode-NP	individual/other
https://ref.gs1.org/voc/AllergenTypeCode-NR	AllergenTypeCode-NR	individual/other
https://ref.gs1.org/voc/AllergenTypeCode-NW	AllergenTypeCode-NW	individual/other
https://ref.gs1.org/voc/AllergenTypeCode-OAT	AllergenTypeCode-OAT	individual/other
https://ref.gs1.org/voc/AllergenTypeCode-OCT	AllergenTypeCode-OCT	individual/other
https://ref.gs1.org/voc/AllergenTypeCode-OCTOPUS	AllergenTypeCode-OCTOPUS	individual/other
https://ref.gs1.org/voc/AllergenTypeCode-OFD	AllergenTypeCode-OFD	individual/other
https://ref.gs1.org/voc/AllergenTypeCode-OGD	AllergenTypeCode-OGD	individual/other
https://ref.gs1.org/voc/AllergenTypeCode-ON	AllergenTypeCode-ON	individual/other
https://ref.gs1.org/voc/AllergenTypeCode-ORANGE_ROUGHY	AllergenTypeCode-ORANGE_ROUGHY	individual/other
https://ref.gs1.org/voc/AllergenTypeCode-ORR	AllergenTypeCode-ORR	individual/other
https://ref.gs1.org/voc/AllergenTypeCode-OYS	AllergenTypeCode-OYS	individual/other
https://ref.gs1.org/voc/AllergenTypeCode-OYSTERS	AllergenTypeCode-OYSTERS	individual/other
https://ref.gs1.org/voc/AllergenTypeCode-P-METHYLAMINOPHENOL	AllergenTypeCode-P-METHYLAMINOPHENOL	individual/other
https://ref.gs1.org/voc/AllergenTypeCode-P-PHENYLENEDIAMINE	AllergenTypeCode-P-PHENYLENEDIAMINE	individual/other
https://ref.gs1.org/voc/AllergenTypeCode-PEANUTS	AllergenTypeCode-PEANUTS	individual/other
https://ref.gs1.org/voc/AllergenTypeCode-PEAS	AllergenTypeCode-PEAS	individual/other
https://ref.gs1.org/voc/AllergenTypeCode-PECAN_NUTS	AllergenTypeCode-PECAN_NUTS	individual/other
https://ref.gs1.org/voc/AllergenTypeCode-PER	AllergenTypeCode-PER	individual/other
https://ref.gs1.org/voc/AllergenTypeCode-PERCH	AllergenTypeCode-PERCH	individual/other
https://ref.gs1.org/voc/AllergenTypeCode-PERIWINKLE	AllergenTypeCode-PERIWINKLE	individual/other
https://ref.gs1.org/voc/AllergenTypeCode-PFD	AllergenTypeCode-PFD	individual/other
https://ref.gs1.org/voc/AllergenTypeCode-PGT	AllergenTypeCode-PGT	individual/other
https://ref.gs1.org/voc/AllergenTypeCode-PHD	AllergenTypeCode-PHD	individual/other
https://ref.gs1.org/voc/AllergenTypeCode-PIKE	AllergenTypeCode-PIKE	individual/other
https://ref.gs1.org/voc/AllergenTypeCode-PILI_NUTS	AllergenTypeCode-PILI_NUTS	individual/other
https://ref.gs1.org/voc/AllergenTypeCode-PINE_NUTS	AllergenTypeCode-PINE_NUTS	individual/other
https://ref.gs1.org/voc/AllergenTypeCode-PISTACHIOS	AllergenTypeCode-PISTACHIOS	individual/other
https://ref.gs1.org/voc/AllergenTypeCode-PLAICE	AllergenTypeCode-PLAICE	individual/other
https://ref.gs1.org/voc/AllergenTypeCode-PLC	AllergenTypeCode-PLC	individual/other
https://ref.gs1.org/voc/AllergenTypeCode-PM	AllergenTypeCode-PM	individual/other
https://ref.gs1.org/voc/AllergenTypeCode-PN	AllergenTypeCode-PN	individual/other
https://ref.gs1.org/voc/AllergenTypeCode-PO	AllergenTypeCode-PO	individual/other
https://ref.gs1.org/voc/AllergenTypeCode-POD_FRUITS	AllergenTypeCode-POD_FRUITS	individual/other
https://ref.gs1.org/voc/AllergenTypeCode-POLLOCK	AllergenTypeCode-POLLOCK	individual/other
https://ref.gs1.org/voc/AllergenTypeCode-POM	AllergenTypeCode-POM	individual/other
https://ref.gs1.org/voc/AllergenTypeCode-POMPANO	AllergenTypeCode-POMPANO	individual/other
https://ref.gs1.org/voc/AllergenTypeCode-POPPY_SEEDS	AllergenTypeCode-POPPY_SEEDS	individual/other
https://ref.gs1.org/voc/AllergenTypeCode-PORGY	AllergenTypeCode-PORGY	individual/other
https://ref.gs1.org/voc/AllergenTypeCode-PORK	AllergenTypeCode-PORK	individual/other
https://ref.gs1.org/voc/AllergenTypeCode-PP	AllergenTypeCode-PP	individual/other
https://ref.gs1.org/voc/AllergenTypeCode-PRAWNS	AllergenTypeCode-PRAWNS	individual/other
https://ref.gs1.org/voc/AllergenTypeCode-PRG	AllergenTypeCode-PRG	individual/other
https://ref.gs1.org/voc/AllergenTypeCode-PS	AllergenTypeCode-PS	individual/other
https://ref.gs1.org/voc/AllergenTypeCode-PULSES	AllergenTypeCode-PULSES	individual/other
https://ref.gs1.org/voc/AllergenTypeCode-QUA	AllergenTypeCode-QUA	individual/other
https://ref.gs1.org/voc/AllergenTypeCode-QUAHAUGS	AllergenTypeCode-QUAHAUGS	individual/other
https://ref.gs1.org/voc/AllergenTypeCode-QUEENSLAND_NUTS	AllergenTypeCode-QUEENSLAND_NUTS	individual/other
https://ref.gs1.org/voc/AllergenTypeCode-ROCKFISH	AllergenTypeCode-ROCKFISH	individual/other
https://ref.gs1.org/voc/AllergenTypeCode-ROF	AllergenTypeCode-ROF	individual/other
https://ref.gs1.org/voc/AllergenTypeCode-RYE	AllergenTypeCode-RYE	individual/other
https://ref.gs1.org/voc/AllergenTypeCode-SA	AllergenTypeCode-SA	individual/other
https://ref.gs1.org/voc/AllergenTypeCode-SAD	AllergenTypeCode-SAD	individual/other
https://ref.gs1.org/voc/AllergenTypeCode-SALICYLATE	AllergenTypeCode-SALICYLATE	individual/other
https://ref.gs1.org/voc/AllergenTypeCode-SALMON	AllergenTypeCode-SALMON	individual/other
https://ref.gs1.org/voc/AllergenTypeCode-SAR	AllergenTypeCode-SAR	individual/other
https://ref.gs1.org/voc/AllergenTypeCode-SARDINE	AllergenTypeCode-SARDINE	individual/other
https://ref.gs1.org/voc/AllergenTypeCode-SB	AllergenTypeCode-SB	individual/other
https://ref.gs1.org/voc/AllergenTypeCode-SC	AllergenTypeCode-SC	individual/other
https://ref.gs1.org/voc/AllergenTypeCode-SCA	AllergenTypeCode-SCA	individual/other
https://ref.gs1.org/voc/AllergenTypeCode-SCALLOPS	AllergenTypeCode-SCALLOPS	individual/other
https://ref.gs1.org/voc/AllergenTypeCode-SD	AllergenTypeCode-SD	individual/other
https://ref.gs1.org/voc/AllergenTypeCode-SDF	AllergenTypeCode-SDF	individual/other
https://ref.gs1.org/voc/AllergenTypeCode-SE	AllergenTypeCode-SE	individual/other
https://ref.gs1.org/voc/AllergenTypeCode-SEED_PRODUCTS	AllergenTypeCode-SEED_PRODUCTS	individual/other
https://ref.gs1.org/voc/AllergenTypeCode-SESAME_SEEDS	AllergenTypeCode-SESAME_SEEDS	individual/other
https://ref.gs1.org/voc/AllergenTypeCode-SF	AllergenTypeCode-SF	individual/other
https://ref.gs1.org/voc/AllergenTypeCode-SFD	AllergenTypeCode-SFD	individual/other
https://ref.gs1.org/voc/AllergenTypeCode-SFT	AllergenTypeCode-SFT	individual/other
https://ref.gs1.org/voc/AllergenTypeCode-SG	AllergenTypeCode-SG	individual/other
https://ref.gs1.org/voc/AllergenTypeCode-SH	AllergenTypeCode-SH	individual/other
https://ref.gs1.org/voc/AllergenTypeCode-SHARK	AllergenTypeCode-SHARK	individual/other
https://ref.gs1.org/voc/AllergenTypeCode-SHD	AllergenTypeCode-SHD	individual/other
https://ref.gs1.org/voc/AllergenTypeCode-SHEA_NUTS	AllergenTypeCode-SHEA_NUTS	individual/other
https://ref.gs1.org/voc/AllergenTypeCode-SHELLFISH	AllergenTypeCode-SHELLFISH	individual/other
https://ref.gs1.org/voc/AllergenTypeCode-SHK	AllergenTypeCode-SHK	individual/other
https://ref.gs1.org/voc/AllergenTypeCode-SHRIMP	AllergenTypeCode-SHRIMP	individual/other
https://ref.gs1.org/voc/AllergenTypeCode-SI	AllergenTypeCode-SI	individual/other
https://ref.gs1.org/voc/AllergenTypeCode-SJ	AllergenTypeCode-SJ	individual/other
https://ref.gs1.org/voc/AllergenTypeCode-SK	AllergenTypeCode-SK	individual/other
https://ref.gs1.org/voc/AllergenTypeCode-SL	AllergenTypeCode-SL	individual/other
https://ref.gs1.org/voc/AllergenTypeCode-SM	AllergenTypeCode-SM	individual/other
https://ref.gs1.org/voc/AllergenTypeCode-SMELT	AllergenTypeCode-SMELT	individual/other
https://ref.gs1.org/voc/AllergenTypeCode-SMF	AllergenTypeCode-SMF	individual/other
https://ref.gs1.org/voc/AllergenTypeCode-SMR	AllergenTypeCode-SMR	individual/other
https://ref.gs1.org/voc/AllergenTypeCode-SMT	AllergenTypeCode-SMT	individual/other
https://ref.gs1.org/voc/AllergenTypeCode-SN	AllergenTypeCode-SN	individual/other
https://ref.gs1.org/voc/AllergenTypeCode-SNAPPER	AllergenTypeCode-SNAPPER	individual/other
https://ref.gs1.org/voc/AllergenTypeCode-SO	AllergenTypeCode-SO	individual/other
https://ref.gs1.org/voc/AllergenTypeCode-SOLE	AllergenTypeCode-SOLE	individual/other
https://ref.gs1.org/voc/AllergenTypeCode-SOYBEANS	AllergenTypeCode-SOYBEANS	individual/other
https://ref.gs1.org/voc/AllergenTypeCode-SP	AllergenTypeCode-SP	individual/other
https://ref.gs1.org/voc/AllergenTypeCode-SPELT	AllergenTypeCode-SPELT	individual/other
https://ref.gs1.org/voc/AllergenTypeCode-SPF	AllergenTypeCode-SPF	individual/other
https://ref.gs1.org/voc/AllergenTypeCode-SQU	AllergenTypeCode-SQU	individual/other
https://ref.gs1.org/voc/AllergenTypeCode-SQUID_%28CALAMARI%29	AllergenTypeCode-SQUID_%28CALAMARI%29	individual/other
https://ref.gs1.org/voc/AllergenTypeCode-SR	AllergenTypeCode-SR	individual/other
https://ref.gs1.org/voc/AllergenTypeCode-SS	AllergenTypeCode-SS	individual/other
https://ref.gs1.org/voc/AllergenTypeCode-ST	AllergenTypeCode-ST	individual/other
https://ref.gs1.org/voc/AllergenTypeCode-STG	AllergenTypeCode-STG	individual/other
https://ref.gs1.org/voc/AllergenTypeCode-STURGEON	AllergenTypeCode-STURGEON	individual/other
https://ref.gs1.org/voc/AllergenTypeCode-SU	AllergenTypeCode-SU	individual/other
https://ref.gs1.org/voc/AllergenTypeCode-SULPHUR_DIOXIDE	AllergenTypeCode-SULPHUR_DIOXIDE	individual/other
https://ref.gs1.org/voc/AllergenTypeCode-SUNFLOWER_SEEDS	AllergenTypeCode-SUNFLOWER_SEEDS	individual/other
https://ref.gs1.org/voc/AllergenTypeCode-SW	AllergenTypeCode-SW	individual/other
https://ref.gs1.org/voc/AllergenTypeCode-SWORDFISH	AllergenTypeCode-SWORDFISH	individual/other
https://ref.gs1.org/voc/AllergenTypeCode-SX	AllergenTypeCode-SX	individual/other
https://ref.gs1.org/voc/AllergenTypeCode-TA	AllergenTypeCode-TA	individual/other
https://ref.gs1.org/voc/AllergenTypeCode-TD	AllergenTypeCode-TD	individual/other
https://ref.gs1.org/voc/AllergenTypeCode-TFD	AllergenTypeCode-TFD	individual/other
https://ref.gs1.org/voc/AllergenTypeCode-TILAPIA	AllergenTypeCode-TILAPIA	individual/other
https://ref.gs1.org/voc/AllergenTypeCode-TOLUENE-2%2C5-DIAMINE	AllergenTypeCode-TOLUENE-2%2C5-DIAMINE	individual/other
https://ref.gs1.org/voc/AllergenTypeCode-TR	AllergenTypeCode-TR	individual/other
https://ref.gs1.org/voc/AllergenTypeCode-TREE_NUTS	AllergenTypeCode-TREE_NUTS	individual/other
https://ref.gs1.org/voc/AllergenTypeCode-TREE_NUT_TRACES	AllergenTypeCode-TREE_NUT_TRACES	individual/other
https://ref.gs1.org/voc/AllergenTypeCode-TRITICALE	AllergenTypeCode-TRITICALE	individual/other
https://ref.gs1.org/voc/AllergenTypeCode-TROUT	AllergenTypeCode-TROUT	individual/other
https://ref.gs1.org/voc/AllergenTypeCode-TTD	AllergenTypeCode-TTD	individual/other
https://ref.gs1.org/voc/AllergenTypeCode-TUNA	AllergenTypeCode-TUNA	individual/other
https://ref.gs1.org/voc/AllergenTypeCode-TUR	AllergenTypeCode-TUR	individual/other
https://ref.gs1.org/voc/AllergenTypeCode-TURBOT	AllergenTypeCode-TURBOT	individual/other
https://ref.gs1.org/voc/AllergenTypeCode-UM	AllergenTypeCode-UM	individual/other
https://ref.gs1.org/voc/AllergenTypeCode-UN	AllergenTypeCode-UN	individual/other
https://ref.gs1.org/voc/AllergenTypeCode-UW	AllergenTypeCode-UW	individual/other
https://ref.gs1.org/voc/AllergenTypeCode-WALLEYE	AllergenTypeCode-WALLEYE	individual/other
https://ref.gs1.org/voc/AllergenTypeCode-WALNUTS	AllergenTypeCode-WALNUTS	individual/other
https://ref.gs1.org/voc/AllergenTypeCode-WFD	AllergenTypeCode-WFD	individual/other
https://ref.gs1.org/voc/AllergenTypeCode-WHEAT	AllergenTypeCode-WHEAT	individual/other
https://ref.gs1.org/voc/AllergenTypeCode-WHELKS	AllergenTypeCode-WHELKS	individual/other
https://ref.gs1.org/voc/AllergenTypeCode-WHITEFISH	AllergenTypeCode-WHITEFISH	individual/other
https://ref.gs1.org/voc/AllergenTypeCode-WHITING	AllergenTypeCode-WHITING	individual/other
https://ref.gs1.org/voc/AllergenTypeCode-WHK	AllergenTypeCode-WHK	individual/other
https://ref.gs1.org/voc/AllergenTypeCode-WHT	AllergenTypeCode-WHT	individual/other
https://ref.gs1.org/voc/AllergenTypeCode-X99	AllergenTypeCode-X99	individual/other
https://ref.gs1.org/voc/AllergenTypeCode-YMD	AllergenTypeCode-YMD	individual/other
https://ref.gs1.org/voc/Altitude	Altitude	individual/other
https://ref.gs1.org/voc/AmountOfSubstance	AmountOfSubstance	individual/other
https://ref.gs1.org/voc/AmountOfSubstancePerUnitVolume	AmountOfSubstancePerUnitVolume	individual/other
https://ref.gs1.org/voc/AnatomicalFormCode	AnatomicalFormCode	individual/other
https://ref.gs1.org/voc/AnatomicalFormCode-BELLY	AnatomicalFormCode-BELLY	individual/other
https://ref.gs1.org/voc/AnatomicalFormCode-BLOOD	AnatomicalFormCode-BLOOD	individual/other
https://ref.gs1.org/voc/AnatomicalFormCode-BONE	AnatomicalFormCode-BONE	individual/other
https://ref.gs1.org/voc/AnatomicalFormCode-BRAIN	AnatomicalFormCode-BRAIN	individual/other
https://ref.gs1.org/voc/AnatomicalFormCode-CARCASS_NONPOULTRY	AnatomicalFormCode-CARCASS_NONPOULTRY	individual/other
https://ref.gs1.org/voc/AnatomicalFormCode-DIAPHRAM	AnatomicalFormCode-DIAPHRAM	individual/other
https://ref.gs1.org/voc/AnatomicalFormCode-ESOPHAGUS	AnatomicalFormCode-ESOPHAGUS	individual/other
https://ref.gs1.org/voc/AnatomicalFormCode-FAT	AnatomicalFormCode-FAT	individual/other
https://ref.gs1.org/voc/AnatomicalFormCode-FEET	AnatomicalFormCode-FEET	individual/other
https://ref.gs1.org/voc/AnatomicalFormCode-FOREQUARTER	AnatomicalFormCode-FOREQUARTER	individual/other
https://ref.gs1.org/voc/AnatomicalFormCode-GIZZARD	AnatomicalFormCode-GIZZARD	individual/other
https://ref.gs1.org/voc/AnatomicalFormCode-HEAD	AnatomicalFormCode-HEAD	individual/other
https://ref.gs1.org/voc/AnatomicalFormCode-HEADMEAT_CHEEKMEAT	AnatomicalFormCode-HEADMEAT_CHEEKMEAT	individual/other
https://ref.gs1.org/voc/AnatomicalFormCode-HEART	AnatomicalFormCode-HEART	individual/other
https://ref.gs1.org/voc/AnatomicalFormCode-HINDQUARTER	AnatomicalFormCode-HINDQUARTER	individual/other
https://ref.gs1.org/voc/AnatomicalFormCode-HORN	AnatomicalFormCode-HORN	individual/other
https://ref.gs1.org/voc/AnatomicalFormCode-INTESTINE_LARGE	AnatomicalFormCode-INTESTINE_LARGE	individual/other
https://ref.gs1.org/voc/AnatomicalFormCode-INTESTINE_SMALL	AnatomicalFormCode-INTESTINE_SMALL	individual/other
https://ref.gs1.org/voc/AnatomicalFormCode-KIDNEY	AnatomicalFormCode-KIDNEY	individual/other
https://ref.gs1.org/voc/AnatomicalFormCode-LIPS	AnatomicalFormCode-LIPS	individual/other
https://ref.gs1.org/voc/AnatomicalFormCode-LIVER	AnatomicalFormCode-LIVER	individual/other
https://ref.gs1.org/voc/AnatomicalFormCode-LUNGS	AnatomicalFormCode-LUNGS	individual/other
https://ref.gs1.org/voc/AnatomicalFormCode-MIXED_OFFAL	AnatomicalFormCode-MIXED_OFFAL	individual/other
https://ref.gs1.org/voc/AnatomicalFormCode-MIXED_PARTS_FOR_GROUNDING_MINCING	AnatomicalFormCode-MIXED_PARTS_FOR_GROUNDING_MINCING	individual/other
https://ref.gs1.org/voc/AnatomicalFormCode-NECK	AnatomicalFormCode-NECK	individual/other
https://ref.gs1.org/voc/AnatomicalFormCode-PANCREAS	AnatomicalFormCode-PANCREAS	individual/other
https://ref.gs1.org/voc/AnatomicalFormCode-SKIN	AnatomicalFormCode-SKIN	individual/other
https://ref.gs1.org/voc/AnatomicalFormCode-STOMACH	AnatomicalFormCode-STOMACH	individual/other
https://ref.gs1.org/voc/AnatomicalFormCode-TAIL	AnatomicalFormCode-TAIL	individual/other
https://ref.gs1.org/voc/AnatomicalFormCode-TENDONS	AnatomicalFormCode-TENDONS	individual/other
https://ref.gs1.org/voc/AnatomicalFormCode-TESTICLES	AnatomicalFormCode-TESTICLES	individual/other
https://ref.gs1.org/voc/AnatomicalFormCode-THYMUS	AnatomicalFormCode-THYMUS	individual/other
https://ref.gs1.org/voc/AnatomicalFormCode-TONGUE	AnatomicalFormCode-TONGUE	individual/other
https://ref.gs1.org/voc/AnatomicalFormCode-TRIPE	AnatomicalFormCode-TRIPE	individual/other
https://ref.gs1.org/voc/AnatomicalFormCode-UNCLASSIFIED	AnatomicalFormCode-UNCLASSIFIED	individual/other
https://ref.gs1.org/voc/AnatomicalFormCode-UNIDENTIFIED	AnatomicalFormCode-UNIDENTIFIED	individual/other
https://ref.gs1.org/voc/AnatomicalFormCode-WHOLE_BIRD	AnatomicalFormCode-WHOLE_BIRD	individual/other
https://ref.gs1.org/voc/AnatomicalFormCode-WHOLE_MUSCLE_NONPOULTRY_MEATPART_PIECE	AnatomicalFormCode-WHOLE_MUSCLE_NONPOULTRY_MEATPART_PIECE	individual/other
https://ref.gs1.org/voc/AnatomicalFormCode-WHOLE_MUSCLE_POULTRY_PART	AnatomicalFormCode-WHOLE_MUSCLE_POULTRY_PART	individual/other
https://ref.gs1.org/voc/AnatomicalFormCode-WHOLE_MUSCLE_PRIMAL	AnatomicalFormCode-WHOLE_MUSCLE_PRIMAL	individual/other
https://ref.gs1.org/voc/AnatomicalFormCode-WHOLE_MUSCLE_RIBCUT	AnatomicalFormCode-WHOLE_MUSCLE_RIBCUT	individual/other
https://ref.gs1.org/voc/AnatomicalFormCode-WHOLE_MUSCLE_ROASTCUT	AnatomicalFormCode-WHOLE_MUSCLE_ROASTCUT	individual/other
https://ref.gs1.org/voc/AnatomicalFormCode-WHOLE_MUSCLE_SLICE_CHOPCUT	AnatomicalFormCode-WHOLE_MUSCLE_SLICE_CHOPCUT	individual/other
https://ref.gs1.org/voc/AnatomicalFormCode-WHOLE_MUSCLE_SLICE_CUTLET	AnatomicalFormCode-WHOLE_MUSCLE_SLICE_CUTLET	individual/other
https://ref.gs1.org/voc/AnatomicalFormCode-WHOLE_MUSCLE_STEAK_CHOPCUT	AnatomicalFormCode-WHOLE_MUSCLE_STEAK_CHOPCUT	individual/other
https://ref.gs1.org/voc/AnatomicalFormCode-WHOLE_MUSCLE_SUBPRIMAL	AnatomicalFormCode-WHOLE_MUSCLE_SUBPRIMAL	individual/other
https://ref.gs1.org/voc/AngularAcceleration	AngularAcceleration	individual/other
https://ref.gs1.org/voc/AngularMomentum	AngularMomentum	individual/other
https://ref.gs1.org/voc/AngularVelocity	AngularVelocity	individual/other
https://ref.gs1.org/voc/AuthenticityDetails	AuthenticityDetails	class
https://ref.gs1.org/voc/AwardPrizeDetails	AwardPrizeDetails	class
https://ref.gs1.org/voc/Beverage	Beverage	class
https://ref.gs1.org/voc/BusinessEntityType	BusinessEntityType	individual/other
https://ref.gs1.org/voc/BusinessEntityType-CORPORATION	BusinessEntityType-CORPORATION	individual/other
https://ref.gs1.org/voc/BusinessEntityType-FOR_PROFIT	BusinessEntityType-FOR_PROFIT	individual/other
https://ref.gs1.org/voc/BusinessEntityType-GOVERNMENT_AGENCY	BusinessEntityType-GOVERNMENT_AGENCY	individual/other
https://ref.gs1.org/voc/BusinessEntityType-HOLDING_COMPANY	BusinessEntityType-HOLDING_COMPANY	individual/other
https://ref.gs1.org/voc/BusinessEntityType-INDIVIDUALLY_OWNED_ENTERPRISE	BusinessEntityType-INDIVIDUALLY_OWNED_ENTERPRISE	individual/other
https://ref.gs1.org/voc/BusinessEntityType-JOINT_VENTURE	BusinessEntityType-JOINT_VENTURE	individual/other
https://ref.gs1.org/voc/BusinessEntityType-LLC	BusinessEntityType-LLC	individual/other
https://ref.gs1.org/voc/BusinessEntityType-NOT_FOR_PROFIT	BusinessEntityType-NOT_FOR_PROFIT	individual/other
https://ref.gs1.org/voc/BusinessEntityType-PRIVATE_ENTERPRISE	BusinessEntityType-PRIVATE_ENTERPRISE	individual/other
https://ref.gs1.org/voc/BusinessEntityType-SOE	BusinessEntityType-SOE	individual/other
https://ref.gs1.org/voc/Capacitance	Capacitance	individual/other
https://ref.gs1.org/voc/CertificationDetails	CertificationDetails	class
https://ref.gs1.org/voc/CertificationStatus	CertificationStatus	individual/other
https://ref.gs1.org/voc/CertificationStatus-ACTIVE	CertificationStatus-ACTIVE	individual/other
https://ref.gs1.org/voc/CertificationStatus-INACTIVE	CertificationStatus-INACTIVE	individual/other
https://ref.gs1.org/voc/CheeseFirmnessCode	CheeseFirmnessCode	individual/other
https://ref.gs1.org/voc/CheeseFirmnessCode-EXTRA_HARD	CheeseFirmnessCode-EXTRA_HARD	individual/other
https://ref.gs1.org/voc/CheeseFirmnessCode-FIRM_SEMIHARD	CheeseFirmnessCode-FIRM_SEMIHARD	individual/other
https://ref.gs1.org/voc/CheeseFirmnessCode-HARD	CheeseFirmnessCode-HARD	individual/other
https://ref.gs1.org/voc/CheeseFirmnessCode-SOFT	CheeseFirmnessCode-SOFT	individual/other
https://ref.gs1.org/voc/CheeseFirmnessCode-UNIDENTIFIED	CheeseFirmnessCode-UNIDENTIFIED	individual/other
https://ref.gs1.org/voc/Clothing	Clothing	class
https://ref.gs1.org/voc/ColourCodeDetails	ColourCodeDetails	class
https://ref.gs1.org/voc/ColourCodeList-BUYER	ColourCodeList-BUYER	individual/other
https://ref.gs1.org/voc/ColourCodeList-IFPS	ColourCodeList-IFPS	individual/other
https://ref.gs1.org/voc/ColourCodeList-NCS	ColourCodeList-NCS	individual/other
https://ref.gs1.org/voc/ColourCodeList-NRF	ColourCodeList-NRF	individual/other
https://ref.gs1.org/voc/ColourCodeList-PANTONE_HEXACHROME	ColourCodeList-PANTONE_HEXACHROME	individual/other
https://ref.gs1.org/voc/ColourCodeList-PANTONE_MATCHING	ColourCodeList-PANTONE_MATCHING	individual/other
https://ref.gs1.org/voc/ColourCodeList-PANTONE_PROCESS_COLOUR	ColourCodeList-PANTONE_PROCESS_COLOUR	individual/other
https://ref.gs1.org/voc/ColourCodeList-PANTONE_TEXTILE	ColourCodeList-PANTONE_TEXTILE	individual/other
https://ref.gs1.org/voc/ColourCodeList-RAL	ColourCodeList-RAL	individual/other
https://ref.gs1.org/voc/ColourCodeList-SELLER	ColourCodeList-SELLER	individual/other
https://ref.gs1.org/voc/ColourCodeList-WWS	ColourCodeList-WWS	individual/other
https://ref.gs1.org/voc/CompulsoryAdditionalLabelInformationTypeCode-CAFFEINE	CompulsoryAdditionalLabelInformationTypeCode-CAFFEINE	individual/other
https://ref.gs1.org/voc/CompulsoryAdditionalLabelInformationTypeCode-MEAT_POULTRY_WATER_RETENTION	CompulsoryAdditionalLabelInformationTypeCode-MEAT_POULTRY_WATER_RETENTION	individual/other
https://ref.gs1.org/voc/CompulsoryAdditionalLabelInformationTypeCode-PREBIOTIC	CompulsoryAdditionalLabelInformationTypeCode-PREBIOTIC	individual/other
https://ref.gs1.org/voc/CompulsoryAdditionalLabelInformationTypeCode-PROBIOTICS	CompulsoryAdditionalLabelInformationTypeCode-PROBIOTICS	individual/other
https://ref.gs1.org/voc/CompulsoryAdditionalLabelInformationTypeCode-SUPPLEMENTED_FOODS_CAUTION	CompulsoryAdditionalLabelInformationTypeCode-SUPPLEMENTED_FOODS_CAUTION	individual/other
https://ref.gs1.org/voc/CompulsoryAdditionalLabelInformationTypeCode-SWEETENERS	CompulsoryAdditionalLabelInformationTypeCode-SWEETENERS	individual/other
https://ref.gs1.org/voc/Conductance	Conductance	individual/other
https://ref.gs1.org/voc/Conductivity	Conductivity	individual/other
https://ref.gs1.org/voc/ConsumerLifestageCode	ConsumerLifestageCode	individual/other
https://ref.gs1.org/voc/ConsumerLifestageCode-ADULT	ConsumerLifestageCode-ADULT	individual/other
https://ref.gs1.org/voc/ConsumerLifestageCode-ALL_AGES	ConsumerLifestageCode-ALL_AGES	individual/other
https://ref.gs1.org/voc/ConsumerLifestageCode-BABY_INFANT	ConsumerLifestageCode-BABY_INFANT	individual/other
https://ref.gs1.org/voc/ConsumerLifestageCode-CHILD_1_To_2_YEARS	ConsumerLifestageCode-CHILD_1_To_2_YEARS	individual/other
https://ref.gs1.org/voc/ConsumerLifestageCode-CHILD_2_YEARS_ONWARDS	ConsumerLifestageCode-CHILD_2_YEARS_ONWARDS	individual/other
https://ref.gs1.org/voc/ConsumerLifestageCode-UNCLASSIFIED	ConsumerLifestageCode-UNCLASSIFIED	individual/other
https://ref.gs1.org/voc/ConsumerLifestageCode-UNIDENTIFIED	ConsumerLifestageCode-UNIDENTIFIED	individual/other
https://ref.gs1.org/voc/ConsumerSalesConditionsCode	ConsumerSalesConditionsCode	individual/other
https://ref.gs1.org/voc/ConsumerSalesConditionsCode-BTC	ConsumerSalesConditionsCode-BTC	individual/other
https://ref.gs1.org/voc/ConsumerSalesConditionsCode-OTC	ConsumerSalesConditionsCode-OTC	individual/other
https://ref.gs1.org/voc/ConsumerSalesConditionsCode-PRESCRIPTION_REQUIRED	ConsumerSalesConditionsCode-PRESCRIPTION_REQUIRED	individual/other
https://ref.gs1.org/voc/ConsumerSalesConditionsCode-RESTRICTED_TO_SELL_16	ConsumerSalesConditionsCode-RESTRICTED_TO_SELL_16	individual/other
https://ref.gs1.org/voc/ConsumerSalesConditionsCode-RESTRICTED_TO_SELL_18	ConsumerSalesConditionsCode-RESTRICTED_TO_SELL_18	individual/other
https://ref.gs1.org/voc/ConsumerSalesConditionsCode-RESTRICTED_TO_SELL_21	ConsumerSalesConditionsCode-RESTRICTED_TO_SELL_21	individual/other
https://ref.gs1.org/voc/ContactPoint	ContactPoint	class
https://ref.gs1.org/voc/ContactRoleType	ContactRoleType	individual/other
https://ref.gs1.org/voc/ContactRoleType-ACCOUNTING_CONTACT	ContactRoleType-ACCOUNTING_CONTACT	individual/other
https://ref.gs1.org/voc/ContactRoleType-ACCOUNTS_PAYABLE_CONTACT	ContactRoleType-ACCOUNTS_PAYABLE_CONTACT	individual/other
https://ref.gs1.org/voc/ContactRoleType-ACCOUNTS_RECEIVABLE_CONTACT	ContactRoleType-ACCOUNTS_RECEIVABLE_CONTACT	individual/other
https://ref.gs1.org/voc/ContactRoleType-ADMINISTRATIVE_CONTACT	ContactRoleType-ADMINISTRATIVE_CONTACT	individual/other
https://ref.gs1.org/voc/ContactRoleType-AFTER_BUSINESS_HOURS_CONTACT	ContactRoleType-AFTER_BUSINESS_HOURS_CONTACT	individual/other
https://ref.gs1.org/voc/ContactRoleType-AGENT_CONTACT	ContactRoleType-AGENT_CONTACT	individual/other
https://ref.gs1.org/voc/ContactRoleType-BANKING_CONTACT	ContactRoleType-BANKING_CONTACT	individual/other
https://ref.gs1.org/voc/ContactRoleType-CLAIMS_CONTACT	ContactRoleType-CLAIMS_CONTACT	individual/other
https://ref.gs1.org/voc/ContactRoleType-CONSUMER_SUPPORT_CONTACT	ContactRoleType-CONSUMER_SUPPORT_CONTACT	individual/other
https://ref.gs1.org/voc/ContactRoleType-CONTRACT_CONTACT	ContactRoleType-CONTRACT_CONTACT	individual/other
https://ref.gs1.org/voc/ContactRoleType-COOK	ContactRoleType-COOK	individual/other
https://ref.gs1.org/voc/ContactRoleType-CUSTOMER_RELATIONS	ContactRoleType-CUSTOMER_RELATIONS	individual/other
https://ref.gs1.org/voc/ContactRoleType-CUSTOMER_SUPPORT_CONTACT	ContactRoleType-CUSTOMER_SUPPORT_CONTACT	individual/other
https://ref.gs1.org/voc/ContactRoleType-DANGEROUS_GOODS_CONTACT	ContactRoleType-DANGEROUS_GOODS_CONTACT	individual/other
https://ref.gs1.org/voc/ContactRoleType-DELIVERY_CONTACT	ContactRoleType-DELIVERY_CONTACT	individual/other
https://ref.gs1.org/voc/ContactRoleType-DEPARTMENT_OR_EMPLOYEE_TO_EXECUTE_EXPORT_PROCEDURES	ContactRoleType-DEPARTMENT_OR_EMPLOYEE_TO_EXECUTE_EXPORT_PROCEDURES	individual/other
https://ref.gs1.org/voc/ContactRoleType-DEPARTMENT_OR_EMPLOYEE_TO_EXECUTE_IMPORT_PROCEDURES	ContactRoleType-DEPARTMENT_OR_EMPLOYEE_TO_EXECUTE_IMPORT_PROCEDURES	individual/other
https://ref.gs1.org/voc/ContactRoleType-DEPARTMENT_OR_PERSON_RESPONSIBLE_FOR_PROCESSING_PURCHASE_ORDER	ContactRoleType-DEPARTMENT_OR_PERSON_RESPONSIBLE_FOR_PROCESSING_PURCHASE_ORDER	individual/other
https://ref.gs1.org/voc/ContactRoleType-DISTRIBUTOR	ContactRoleType-DISTRIBUTOR	individual/other
https://ref.gs1.org/voc/ContactRoleType-EMERGENCY_DANGEROUS_GOODS_CONTACT	ContactRoleType-EMERGENCY_DANGEROUS_GOODS_CONTACT	individual/other
https://ref.gs1.org/voc/ContactRoleType-ENGINEERING_CONTACT	ContactRoleType-ENGINEERING_CONTACT	individual/other
https://ref.gs1.org/voc/ContactRoleType-FINANCIAL_CONTACT	ContactRoleType-FINANCIAL_CONTACT	individual/other
https://ref.gs1.org/voc/ContactRoleType-GDS_CONTACT	ContactRoleType-GDS_CONTACT	individual/other
https://ref.gs1.org/voc/ContactRoleType-GOODS_RECEIVING_CONTACT	ContactRoleType-GOODS_RECEIVING_CONTACT	individual/other
https://ref.gs1.org/voc/ContactRoleType-INFORMATION_CONTACT	ContactRoleType-INFORMATION_CONTACT	individual/other
https://ref.gs1.org/voc/ContactRoleType-INSURANCE_CONTACT	ContactRoleType-INSURANCE_CONTACT	individual/other
https://ref.gs1.org/voc/ContactRoleType-LICENSEE_REGISTRAR	ContactRoleType-LICENSEE_REGISTRAR	individual/other
https://ref.gs1.org/voc/ContactRoleType-LOGISTICS_CONTACT	ContactRoleType-LOGISTICS_CONTACT	individual/other
https://ref.gs1.org/voc/ContactRoleType-MANAGER_CONTACT	ContactRoleType-MANAGER_CONTACT	individual/other
https://ref.gs1.org/voc/ContactRoleType-NOTIFICATION_CONTACT	ContactRoleType-NOTIFICATION_CONTACT	individual/other
https://ref.gs1.org/voc/ContactRoleType-OPERATIONS_CONTACT	ContactRoleType-OPERATIONS_CONTACT	individual/other
https://ref.gs1.org/voc/ContactRoleType-ORDER_CONTACT	ContactRoleType-ORDER_CONTACT	individual/other
https://ref.gs1.org/voc/ContactRoleType-PACKAGING_ENGINEER_CONTACT	ContactRoleType-PACKAGING_ENGINEER_CONTACT	individual/other
https://ref.gs1.org/voc/ContactRoleType-PLACE_OF_COLLECTION_CONTACT	ContactRoleType-PLACE_OF_COLLECTION_CONTACT	individual/other
https://ref.gs1.org/voc/ContactRoleType-PRODUCT_MANAGEMENT_CONTACT	ContactRoleType-PRODUCT_MANAGEMENT_CONTACT	individual/other
https://ref.gs1.org/voc/ContactRoleType-PRODUCT_RECALL_CONSUMER_CONTACT	ContactRoleType-PRODUCT_RECALL_CONSUMER_CONTACT	individual/other
https://ref.gs1.org/voc/ContactRoleType-PRODUCT_RECALL_MEDIA_CONTACT	ContactRoleType-PRODUCT_RECALL_MEDIA_CONTACT	individual/other
https://ref.gs1.org/voc/ContactRoleType-PRODUCT_RECALL_NOTIFICATION_CONTACT	ContactRoleType-PRODUCT_RECALL_NOTIFICATION_CONTACT	individual/other
https://ref.gs1.org/voc/ContactRoleType-PRODUCT_RECALL_REMOVAL_CONTACT	ContactRoleType-PRODUCT_RECALL_REMOVAL_CONTACT	individual/other
https://ref.gs1.org/voc/ContactRoleType-PURCHASING_CONTACT	ContactRoleType-PURCHASING_CONTACT	individual/other
https://ref.gs1.org/voc/ContactRoleType-QUALITY_COORDINATOR_CONTACT	ContactRoleType-QUALITY_COORDINATOR_CONTACT	individual/other
https://ref.gs1.org/voc/ContactRoleType-RECALL_SUPPORT_CONTACT	ContactRoleType-RECALL_SUPPORT_CONTACT	individual/other
https://ref.gs1.org/voc/ContactRoleType-RESPONSIBLE_PERSON_FOR_COMPUTER_DATA_PROCESSING	ContactRoleType-RESPONSIBLE_PERSON_FOR_COMPUTER_DATA_PROCESSING	individual/other
https://ref.gs1.org/voc/ContactRoleType-RETURN_AUTHORITY_CONTACT	ContactRoleType-RETURN_AUTHORITY_CONTACT	individual/other
https://ref.gs1.org/voc/ContactRoleType-SALES_ADMINISTRATION	ContactRoleType-SALES_ADMINISTRATION	individual/other
https://ref.gs1.org/voc/ContactRoleType-SALES_REPRESENTATIVE_OR_DEPARTMENT_CONTACT	ContactRoleType-SALES_REPRESENTATIVE_OR_DEPARTMENT_CONTACT	individual/other
https://ref.gs1.org/voc/ContactRoleType-SHIPPING_CONTACT	ContactRoleType-SHIPPING_CONTACT	individual/other
https://ref.gs1.org/voc/ContactRoleType-TARGET_MARKET_INFORMATION_PROVIDER	ContactRoleType-TARGET_MARKET_INFORMATION_PROVIDER	individual/other
https://ref.gs1.org/voc/ContactRoleType-TECHNICAL_SUPPORT	ContactRoleType-TECHNICAL_SUPPORT	individual/other
https://ref.gs1.org/voc/ContactRoleType-TEST_CONTACT	ContactRoleType-TEST_CONTACT	individual/other
https://ref.gs1.org/voc/ContactRoleType-TRAFFIC_ADMINISTRATOR	ContactRoleType-TRAFFIC_ADMINISTRATOR	individual/other
https://ref.gs1.org/voc/ContactRoleType-TRANSPORT_CONTACT	ContactRoleType-TRANSPORT_CONTACT	individual/other
https://ref.gs1.org/voc/ContactRoleType-WARRANTY_CONTACT	ContactRoleType-WARRANTY_CONTACT	individual/other
https://ref.gs1.org/voc/Density	Density	individual/other
https://ref.gs1.org/voc/DietTypeCode-COELIAC	DietTypeCode-COELIAC	individual/other
https://ref.gs1.org/voc/DietTypeCode-DIETETIC	DietTypeCode-DIETETIC	individual/other
https://ref.gs1.org/voc/DietTypeCode-FREE_FROM_GLUTEN	DietTypeCode-FREE_FROM_GLUTEN	individual/other
https://ref.gs1.org/voc/DietTypeCode-HALAL	DietTypeCode-HALAL	individual/other
https://ref.gs1.org/voc/DietTypeCode-KOSHER	DietTypeCode-KOSHER	individual/other
https://ref.gs1.org/voc/DietTypeCode-ORGANIC	DietTypeCode-ORGANIC	individual/other
https://ref.gs1.org/voc/DietTypeCode-VEGAN	DietTypeCode-VEGAN	individual/other
https://ref.gs1.org/voc/DietTypeCode-VEGETARIAN	DietTypeCode-VEGETARIAN	individual/other
https://ref.gs1.org/voc/DietTypeCode-WITHOUT_BEEF	DietTypeCode-WITHOUT_BEEF	individual/other
https://ref.gs1.org/voc/DietTypeCode-WITHOUT_PORK	DietTypeCode-WITHOUT_PORK	individual/other
https://ref.gs1.org/voc/DietTypeCodeDetails	DietTypeCodeDetails	class
https://ref.gs1.org/voc/Dimensionless	Dimensionless	individual/other
https://ref.gs1.org/voc/DiscountTypeCode	DiscountTypeCode	individual/other
https://ref.gs1.org/voc/DiscountTypeCode-BOGO	DiscountTypeCode-BOGO	individual/other
https://ref.gs1.org/voc/DiscountTypeCode-DISCOUNTED_ITEM	DiscountTypeCode-DISCOUNTED_ITEM	individual/other
https://ref.gs1.org/voc/DiscountTypeCode-FREE_GIFT	DiscountTypeCode-FREE_GIFT	individual/other
https://ref.gs1.org/voc/DiscountTypeCode-FREE_SHIPPING	DiscountTypeCode-FREE_SHIPPING	individual/other
https://ref.gs1.org/voc/DiscountTypeCode-OTHER	DiscountTypeCode-OTHER	individual/other
https://ref.gs1.org/voc/DiscountTypeCode-PERCENTAGE_OFF	DiscountTypeCode-PERCENTAGE_OFF	individual/other
https://ref.gs1.org/voc/DoseEquivalent	DoseEquivalent	individual/other
https://ref.gs1.org/voc/DoseEquivalentRate	DoseEquivalentRate	individual/other
https://ref.gs1.org/voc/DynamicViscosity	DynamicViscosity	individual/other
https://ref.gs1.org/voc/ERROR_CONDITION	ERROR_CONDITION	individual/other
https://ref.gs1.org/voc/ElectricCharge	ElectricCharge	individual/other
https://ref.gs1.org/voc/ElectricCurrent	ElectricCurrent	individual/other
https://ref.gs1.org/voc/ElectricCurrentDensity	ElectricCurrentDensity	individual/other
https://ref.gs1.org/voc/ElectricFieldStrength	ElectricFieldStrength	individual/other
https://ref.gs1.org/voc/Exposure	Exposure	individual/other
https://ref.gs1.org/voc/FoodAndBeveragePreparationInformation	FoodAndBeveragePreparationInformation	class
https://ref.gs1.org/voc/FoodBeverageRefrigerationClaimCode	FoodBeverageRefrigerationClaimCode	individual/other
https://ref.gs1.org/voc/FoodBeverageRefrigerationClaimCode-CAN_BE_REFRIGERATED	FoodBeverageRefrigerationClaimCode-CAN_BE_REFRIGERATED	individual/other
https://ref.gs1.org/voc/FoodBeverageRefrigerationClaimCode-MUST_BE_REFRIGERATED	FoodBeverageRefrigerationClaimCode-MUST_BE_REFRIGERATED	individual/other
https://ref.gs1.org/voc/FoodBeverageRefrigerationClaimCode-SHELF_STABLE	FoodBeverageRefrigerationClaimCode-SHELF_STABLE	individual/other
https://ref.gs1.org/voc/FoodBeverageRefrigerationClaimCode-UNIDENTIFIED	FoodBeverageRefrigerationClaimCode-UNIDENTIFIED	individual/other
https://ref.gs1.org/voc/FoodBeverageTargetUseCode	FoodBeverageTargetUseCode	individual/other
https://ref.gs1.org/voc/FoodBeverageTargetUseCode-ANY_MEAL	FoodBeverageTargetUseCode-ANY_MEAL	individual/other
https://ref.gs1.org/voc/FoodBeverageTargetUseCode-BREAKFAST	FoodBeverageTargetUseCode-BREAKFAST	individual/other
https://ref.gs1.org/voc/FoodBeverageTargetUseCode-MAIN_MEAL	FoodBeverageTargetUseCode-MAIN_MEAL	individual/other
https://ref.gs1.org/voc/FoodBeverageTargetUseCode-PORTABLE_MEAL	FoodBeverageTargetUseCode-PORTABLE_MEAL	individual/other
https://ref.gs1.org/voc/FoodBeverageTargetUseCode-SNACK	FoodBeverageTargetUseCode-SNACK	individual/other
https://ref.gs1.org/voc/FoodBeverageTargetUseCode-UNCLASSIFIED	FoodBeverageTargetUseCode-UNCLASSIFIED	individual/other
https://ref.gs1.org/voc/FoodBeverageTobaccoIngredientDetails	FoodBeverageTobaccoIngredientDetails	class
https://ref.gs1.org/voc/FoodBeverageTobaccoProduct	FoodBeverageTobaccoProduct	class
https://ref.gs1.org/voc/Footwear	Footwear	class
https://ref.gs1.org/voc/FootwearFasteningTypeCode	FootwearFasteningTypeCode	individual/other
https://ref.gs1.org/voc/FootwearFasteningTypeCode-MULTIPLE_FASTENING	FootwearFasteningTypeCode-MULTIPLE_FASTENING	individual/other
https://ref.gs1.org/voc/FootwearFasteningTypeCode-SHOE_LACE	FootwearFasteningTypeCode-SHOE_LACE	individual/other
https://ref.gs1.org/voc/FootwearFasteningTypeCode-SLIP_ON_WITHOUT_ELASTIC	FootwearFasteningTypeCode-SLIP_ON_WITHOUT_ELASTIC	individual/other
https://ref.gs1.org/voc/FootwearFasteningTypeCode-SLIP_ON_WITH_ELASTIC	FootwearFasteningTypeCode-SLIP_ON_WITH_ELASTIC	individual/other
https://ref.gs1.org/voc/FootwearFasteningTypeCode-STRAP	FootwearFasteningTypeCode-STRAP	individual/other
https://ref.gs1.org/voc/FootwearFasteningTypeCode-UNCLASSIFIED	FootwearFasteningTypeCode-UNCLASSIFIED	individual/other
https://ref.gs1.org/voc/FootwearFasteningTypeCode-UNIDENTIFIED	FootwearFasteningTypeCode-UNIDENTIFIED	individual/other
https://ref.gs1.org/voc/FootwearFasteningTypeCode-VELCRO	FootwearFasteningTypeCode-VELCRO	individual/other
https://ref.gs1.org/voc/Force	Force	individual/other
https://ref.gs1.org/voc/FreshOrSeawaterFarmedCode	FreshOrSeawaterFarmedCode	individual/other
https://ref.gs1.org/voc/FreshOrSeawaterFarmedCode-FRESHWATER_FARMED	FreshOrSeawaterFarmedCode-FRESHWATER_FARMED	individual/other
https://ref.gs1.org/voc/FreshOrSeawaterFarmedCode-SEAWATER_FARMED	FreshOrSeawaterFarmedCode-SEAWATER_FARMED	individual/other
https://ref.gs1.org/voc/FreshOrSeawaterFarmedCode-UNCLASSIFIED	FreshOrSeawaterFarmedCode-UNCLASSIFIED	individual/other
https://ref.gs1.org/voc/FreshOrSeawaterFarmedCode-UNIDENTIFIED	FreshOrSeawaterFarmedCode-UNIDENTIFIED	individual/other
https://ref.gs1.org/voc/FruitsVegetables	FruitsVegetables	class
https://ref.gs1.org/voc/GLN_TypeCode	GLN_TypeCode	individual/other
https://ref.gs1.org/voc/GLN_TypeCode-DIGITAL_LOCATION	GLN_TypeCode-DIGITAL_LOCATION	individual/other
https://ref.gs1.org/voc/GLN_TypeCode-FIXED_PHYSICAL_LOCATION	GLN_TypeCode-FIXED_PHYSICAL_LOCATION	individual/other
https://ref.gs1.org/voc/GLN_TypeCode-FUNCTION	GLN_TypeCode-FUNCTION	individual/other
https://ref.gs1.org/voc/GLN_TypeCode-LEGAL_ENTITY	GLN_TypeCode-LEGAL_ENTITY	individual/other
https://ref.gs1.org/voc/GLN_TypeCode-MOBILE_PHYSICAL_LOCATION	GLN_TypeCode-MOBILE_PHYSICAL_LOCATION	individual/other
https://ref.gs1.org/voc/GeoCoordinates	GeoCoordinates	class
https://ref.gs1.org/voc/GeoShape	GeoShape	class
https://ref.gs1.org/voc/GrowingMethodCode-CAGE_FREE	GrowingMethodCode-CAGE_FREE	individual/other
https://ref.gs1.org/voc/GrowingMethodCode-CLONED_FOODS	GrowingMethodCode-CLONED_FOODS	individual/other
https://ref.gs1.org/voc/GrowingMethodCode-CONVENTIONAL	GrowingMethodCode-CONVENTIONAL	individual/other
https://ref.gs1.org/voc/GrowingMethodCode-FARM_RAISED	GrowingMethodCode-FARM_RAISED	individual/other
https://ref.gs1.org/voc/GrowingMethodCode-FIELD_GROWN	GrowingMethodCode-FIELD_GROWN	individual/other
https://ref.gs1.org/voc/GrowingMethodCode-FLY_FREE	GrowingMethodCode-FLY_FREE	individual/other
https://ref.gs1.org/voc/GrowingMethodCode-FREE_RANGE	GrowingMethodCode-FREE_RANGE	individual/other
https://ref.gs1.org/voc/GrowingMethodCode-GRASS_FED	GrowingMethodCode-GRASS_FED	individual/other
https://ref.gs1.org/voc/GrowingMethodCode-GREENHOUSE	GrowingMethodCode-GREENHOUSE	individual/other
https://ref.gs1.org/voc/GrowingMethodCode-HUMANELY_RAISED	GrowingMethodCode-HUMANELY_RAISED	individual/other
https://ref.gs1.org/voc/GrowingMethodCode-HYDROPONIC	GrowingMethodCode-HYDROPONIC	individual/other
https://ref.gs1.org/voc/GrowingMethodCode-INTEGRATED_PEST_MANAGEMENT	GrowingMethodCode-INTEGRATED_PEST_MANAGEMENT	individual/other
https://ref.gs1.org/voc/GrowingMethodCode-ORGANIC	GrowingMethodCode-ORGANIC	individual/other
https://ref.gs1.org/voc/GrowingMethodCode-SHADE_GROWN	GrowingMethodCode-SHADE_GROWN	individual/other
https://ref.gs1.org/voc/GrowingMethodCode-SUSTAINABLE	GrowingMethodCode-SUSTAINABLE	individual/other
https://ref.gs1.org/voc/GrowingMethodCode-WILD	GrowingMethodCode-WILD	individual/other
https://ref.gs1.org/voc/Illuminance	Illuminance	individual/other
https://ref.gs1.org/voc/Inductance	Inductance	individual/other
https://ref.gs1.org/voc/Irradiance	Irradiance	individual/other
https://ref.gs1.org/voc/KinematicViscosity	KinematicViscosity	individual/other
https://ref.gs1.org/voc/LevelOfContainmentCode-CONTAINS	LevelOfContainmentCode-CONTAINS	individual/other
https://ref.gs1.org/voc/LevelOfContainmentCode-FREE_FROM	LevelOfContainmentCode-FREE_FROM	individual/other
https://ref.gs1.org/voc/LevelOfContainmentCode-MAY_CONTAIN	LevelOfContainmentCode-MAY_CONTAIN	individual/other
https://ref.gs1.org/voc/LinearMomentum	LinearMomentum	individual/other
https://ref.gs1.org/voc/LocationID_Details	LocationID_Details	class
https://ref.gs1.org/voc/LocationID_Type	LocationID_Type	individual/other
https://ref.gs1.org/voc/LocationID_Type-BE_KBO_NUMBER	LocationID_Type-BE_KBO_NUMBER	individual/other
https://ref.gs1.org/voc/LocationID_Type-BIC_FACILITY	LocationID_Type-BIC_FACILITY	individual/other
https://ref.gs1.org/voc/LocationID_Type-CRD_LOCATION_CODE	LocationID_Type-CRD_LOCATION_CODE	individual/other
https://ref.gs1.org/voc/LocationID_Type-ENI_NUMBER	LocationID_Type-ENI_NUMBER	individual/other
https://ref.gs1.org/voc/LocationID_Type-FR_SIRET	LocationID_Type-FR_SIRET	individual/other
https://ref.gs1.org/voc/LocationID_Type-IATA_CODE	LocationID_Type-IATA_CODE	individual/other
https://ref.gs1.org/voc/LocationID_Type-IMO_NUMBER	LocationID_Type-IMO_NUMBER	individual/other
https://ref.gs1.org/voc/LocationID_Type-ISPS_CODE	LocationID_Type-ISPS_CODE	individual/other
https://ref.gs1.org/voc/LocationID_Type-ISRS_LOCATION_CODE	LocationID_Type-ISRS_LOCATION_CODE	individual/other
https://ref.gs1.org/voc/LocationID_Type-LOCATION_FOR_INTERNAL_USE_1	LocationID_Type-LOCATION_FOR_INTERNAL_USE_1	individual/other
https://ref.gs1.org/voc/LocationID_Type-LOCATION_FOR_INTERNAL_USE_10	LocationID_Type-LOCATION_FOR_INTERNAL_USE_10	individual/other
https://ref.gs1.org/voc/LocationID_Type-LOCATION_FOR_INTERNAL_USE_2	LocationID_Type-LOCATION_FOR_INTERNAL_USE_2	individual/other
https://ref.gs1.org/voc/LocationID_Type-LOCATION_FOR_INTERNAL_USE_3	LocationID_Type-LOCATION_FOR_INTERNAL_USE_3	individual/other
https://ref.gs1.org/voc/LocationID_Type-LOCATION_FOR_INTERNAL_USE_4	LocationID_Type-LOCATION_FOR_INTERNAL_USE_4	individual/other
https://ref.gs1.org/voc/LocationID_Type-LOCATION_FOR_INTERNAL_USE_5	LocationID_Type-LOCATION_FOR_INTERNAL_USE_5	individual/other
https://ref.gs1.org/voc/LocationID_Type-LOCATION_FOR_INTERNAL_USE_6	LocationID_Type-LOCATION_FOR_INTERNAL_USE_6	individual/other
https://ref.gs1.org/voc/LocationID_Type-LOCATION_FOR_INTERNAL_USE_7	LocationID_Type-LOCATION_FOR_INTERNAL_USE_7	individual/other
https://ref.gs1.org/voc/LocationID_Type-LOCATION_FOR_INTERNAL_USE_8	LocationID_Type-LOCATION_FOR_INTERNAL_USE_8	individual/other
https://ref.gs1.org/voc/LocationID_Type-LOCATION_FOR_INTERNAL_USE_9	LocationID_Type-LOCATION_FOR_INTERNAL_USE_9	individual/other
https://ref.gs1.org/voc/LocationID_Type-MMSI_NUMBER	LocationID_Type-MMSI_NUMBER	individual/other
https://ref.gs1.org/voc/LocationID_Type-NL_KVK_ESTABLISHMENT_UNIT_NUMBER	LocationID_Type-NL_KVK_ESTABLISHMENT_UNIT_NUMBER	individual/other
https://ref.gs1.org/voc/LocationID_Type-OAR_ID	LocationID_Type-OAR_ID	individual/other
https://ref.gs1.org/voc/LocationID_Type-OPEN_LOCATION_CODE	LocationID_Type-OPEN_LOCATION_CODE	individual/other
https://ref.gs1.org/voc/LocationID_Type-OS_ID	LocationID_Type-OS_ID	individual/other
https://ref.gs1.org/voc/LocationID_Type-SE_CFAR_NUMBER	LocationID_Type-SE_CFAR_NUMBER	individual/other
https://ref.gs1.org/voc/LocationID_Type-SMDG_CODE	LocationID_Type-SMDG_CODE	individual/other
https://ref.gs1.org/voc/LocationID_Type-UN_LOCODE	LocationID_Type-UN_LOCODE	individual/other
https://ref.gs1.org/voc/LocationID_Type-US_CIF_CODE	LocationID_Type-US_CIF_CODE	individual/other
https://ref.gs1.org/voc/LocationID_Type-US_EST_NUMBER	LocationID_Type-US_EST_NUMBER	individual/other
https://ref.gs1.org/voc/LocationID_Type-US_FEI	LocationID_Type-US_FEI	individual/other
https://ref.gs1.org/voc/LocationID_Type-US_HIN_IDENTIFICATION	LocationID_Type-US_HIN_IDENTIFICATION	individual/other
https://ref.gs1.org/voc/LocationID_Type-US_MINE_ID	LocationID_Type-US_MINE_ID	individual/other
https://ref.gs1.org/voc/LocationID_Type-US_TCN_CODE	LocationID_Type-US_TCN_CODE	individual/other
https://ref.gs1.org/voc/LocationRoleType	LocationRoleType	individual/other
https://ref.gs1.org/voc/LocationRoleType-AGED_CARE_SERVICE	LocationRoleType-AGED_CARE_SERVICE	individual/other
https://ref.gs1.org/voc/LocationRoleType-AIRCRAFT	LocationRoleType-AIRCRAFT	individual/other
https://ref.gs1.org/voc/LocationRoleType-AIRPORT	LocationRoleType-AIRPORT	individual/other
https://ref.gs1.org/voc/LocationRoleType-AIRPORT_GATE	LocationRoleType-AIRPORT_GATE	individual/other
https://ref.gs1.org/voc/LocationRoleType-AMBIENT_STORAGE	LocationRoleType-AMBIENT_STORAGE	individual/other
https://ref.gs1.org/voc/LocationRoleType-AMBULANCE_SERVICE	LocationRoleType-AMBULANCE_SERVICE	individual/other
https://ref.gs1.org/voc/LocationRoleType-AMUSEMENT_ENTERTAINMENT_GAMING	LocationRoleType-AMUSEMENT_ENTERTAINMENT_GAMING	individual/other
https://ref.gs1.org/voc/LocationRoleType-ASSEMBLY	LocationRoleType-ASSEMBLY	individual/other
https://ref.gs1.org/voc/LocationRoleType-ATM	LocationRoleType-ATM	individual/other
https://ref.gs1.org/voc/LocationRoleType-BACKROOM	LocationRoleType-BACKROOM	individual/other
https://ref.gs1.org/voc/LocationRoleType-BANK	LocationRoleType-BANK	individual/other
https://ref.gs1.org/voc/LocationRoleType-BERTH	LocationRoleType-BERTH	individual/other
https://ref.gs1.org/voc/LocationRoleType-BIRTH_AREA	LocationRoleType-BIRTH_AREA	individual/other
https://ref.gs1.org/voc/LocationRoleType-BOAT	LocationRoleType-BOAT	individual/other
https://ref.gs1.org/voc/LocationRoleType-BOTTLING_SITE	LocationRoleType-BOTTLING_SITE	individual/other
https://ref.gs1.org/voc/LocationRoleType-BOX_CRUSHER	LocationRoleType-BOX_CRUSHER	individual/other
https://ref.gs1.org/voc/LocationRoleType-BRANCH_LOCATION	LocationRoleType-BRANCH_LOCATION	individual/other
https://ref.gs1.org/voc/LocationRoleType-CASH_CARRY_STORE	LocationRoleType-CASH_CARRY_STORE	individual/other
https://ref.gs1.org/voc/LocationRoleType-CITY_CENTER_SHOP	LocationRoleType-CITY_CENTER_SHOP	individual/other
https://ref.gs1.org/voc/LocationRoleType-CLINIC	LocationRoleType-CLINIC	individual/other
https://ref.gs1.org/voc/LocationRoleType-CLINICAL_TRIAL_SITE	LocationRoleType-CLINICAL_TRIAL_SITE	individual/other
https://ref.gs1.org/voc/LocationRoleType-COLLECTION_CENTER	LocationRoleType-COLLECTION_CENTER	individual/other
https://ref.gs1.org/voc/LocationRoleType-CONSOLIDATING_CENTER	LocationRoleType-CONSOLIDATING_CENTER	individual/other
https://ref.gs1.org/voc/LocationRoleType-CONSTRUCTION_SITE	LocationRoleType-CONSTRUCTION_SITE	individual/other
https://ref.gs1.org/voc/LocationRoleType-CONTAINER_DECK	LocationRoleType-CONTAINER_DECK	individual/other
https://ref.gs1.org/voc/LocationRoleType-CONTROLLED_SUBSTANCE_AREA	LocationRoleType-CONTROLLED_SUBSTANCE_AREA	individual/other
https://ref.gs1.org/voc/LocationRoleType-CONVENIENCE_STORE	LocationRoleType-CONVENIENCE_STORE	individual/other
https://ref.gs1.org/voc/LocationRoleType-CONVEYOR_BELT	LocationRoleType-CONVEYOR_BELT	individual/other
https://ref.gs1.org/voc/LocationRoleType-CORRECTION_FACILITY	LocationRoleType-CORRECTION_FACILITY	individual/other
https://ref.gs1.org/voc/LocationRoleType-CUSTOMER_PICK-UP_AREA	LocationRoleType-CUSTOMER_PICK-UP_AREA	individual/other
https://ref.gs1.org/voc/LocationRoleType-CUSTOMS_BORDER_CONTROL	LocationRoleType-CUSTOMS_BORDER_CONTROL	individual/other
https://ref.gs1.org/voc/LocationRoleType-DENTAL_HEALTH_SERVICE	LocationRoleType-DENTAL_HEALTH_SERVICE	individual/other
https://ref.gs1.org/voc/LocationRoleType-DEPOT	LocationRoleType-DEPOT	individual/other
https://ref.gs1.org/voc/LocationRoleType-DISPENSER	LocationRoleType-DISPENSER	individual/other
https://ref.gs1.org/voc/LocationRoleType-DISTRIBUTION_CENTER	LocationRoleType-DISTRIBUTION_CENTER	individual/other
https://ref.gs1.org/voc/LocationRoleType-DOCK	LocationRoleType-DOCK	individual/other
https://ref.gs1.org/voc/LocationRoleType-DOCTOR_OFFICE	LocationRoleType-DOCTOR_OFFICE	individual/other
https://ref.gs1.org/voc/LocationRoleType-DRUG_STORE	LocationRoleType-DRUG_STORE	individual/other
https://ref.gs1.org/voc/LocationRoleType-DUTY_FREE_STORE	LocationRoleType-DUTY_FREE_STORE	individual/other
https://ref.gs1.org/voc/LocationRoleType-EARLY_CHILDHOOD_EDUCATING_AND_CENTER	LocationRoleType-EARLY_CHILDHOOD_EDUCATING_AND_CENTER	individual/other
https://ref.gs1.org/voc/LocationRoleType-EDI_STATION	LocationRoleType-EDI_STATION	individual/other
https://ref.gs1.org/voc/LocationRoleType-EDUCATION_FACILITY	LocationRoleType-EDUCATION_FACILITY	individual/other
https://ref.gs1.org/voc/LocationRoleType-ELECTRONICS_AREA	LocationRoleType-ELECTRONICS_AREA	individual/other
https://ref.gs1.org/voc/LocationRoleType-EMERGENCY_DEPARTMENT_AREA	LocationRoleType-EMERGENCY_DEPARTMENT_AREA	individual/other
https://ref.gs1.org/voc/LocationRoleType-END_CAP_AREA	LocationRoleType-END_CAP_AREA	individual/other
https://ref.gs1.org/voc/LocationRoleType-ENTRANCE_GATE	LocationRoleType-ENTRANCE_GATE	individual/other
https://ref.gs1.org/voc/LocationRoleType-EXIT_GATE	LocationRoleType-EXIT_GATE	individual/other
https://ref.gs1.org/voc/LocationRoleType-FARM	LocationRoleType-FARM	individual/other
https://ref.gs1.org/voc/LocationRoleType-FEEDLOT_SITE	LocationRoleType-FEEDLOT_SITE	individual/other
https://ref.gs1.org/voc/LocationRoleType-FIELD	LocationRoleType-FIELD	individual/other
https://ref.gs1.org/voc/LocationRoleType-FIXED_READER	LocationRoleType-FIXED_READER	individual/other
https://ref.gs1.org/voc/LocationRoleType-FIXED_TRANSPORT_FACILITIES	LocationRoleType-FIXED_TRANSPORT_FACILITIES	individual/other
https://ref.gs1.org/voc/LocationRoleType-FOOD_BUSINESS	LocationRoleType-FOOD_BUSINESS	individual/other
https://ref.gs1.org/voc/LocationRoleType-FREIGHT_HUB	LocationRoleType-FREIGHT_HUB	individual/other
https://ref.gs1.org/voc/LocationRoleType-FREIGHT_TERMINAL	LocationRoleType-FREIGHT_TERMINAL	individual/other
https://ref.gs1.org/voc/LocationRoleType-GARDEN_CENTER	LocationRoleType-GARDEN_CENTER	individual/other
https://ref.gs1.org/voc/LocationRoleType-GATE	LocationRoleType-GATE	individual/other
https://ref.gs1.org/voc/LocationRoleType-GENERAL_MDSE_AREA	LocationRoleType-GENERAL_MDSE_AREA	individual/other
https://ref.gs1.org/voc/LocationRoleType-GOVERNMENT_DEPARTMENT_AGENCY	LocationRoleType-GOVERNMENT_DEPARTMENT_AGENCY	individual/other
https://ref.gs1.org/voc/LocationRoleType-GREENHOUSE	LocationRoleType-GREENHOUSE	individual/other
https://ref.gs1.org/voc/LocationRoleType-GROCERY	LocationRoleType-GROCERY	individual/other
https://ref.gs1.org/voc/LocationRoleType-HANDLING_AREA	LocationRoleType-HANDLING_AREA	individual/other
https://ref.gs1.org/voc/LocationRoleType-HEAD_OFFICE	LocationRoleType-HEAD_OFFICE	individual/other
https://ref.gs1.org/voc/LocationRoleType-HOSPITAL	LocationRoleType-HOSPITAL	individual/other
https://ref.gs1.org/voc/LocationRoleType-HOSPITAL_CAFETERIA	LocationRoleType-HOSPITAL_CAFETERIA	individual/other
https://ref.gs1.org/voc/LocationRoleType-HOSPITAL_DEPARTMENT	LocationRoleType-HOSPITAL_DEPARTMENT	individual/other
https://ref.gs1.org/voc/LocationRoleType-HOSPITAL_PHARMACY	LocationRoleType-HOSPITAL_PHARMACY	individual/other
https://ref.gs1.org/voc/LocationRoleType-IMAGING_DIAGNOSTICS_AREA	LocationRoleType-IMAGING_DIAGNOSTICS_AREA	individual/other
https://ref.gs1.org/voc/LocationRoleType-IMPREST_LOCATION	LocationRoleType-IMPREST_LOCATION	individual/other
https://ref.gs1.org/voc/LocationRoleType-INLAND_FISHERY	LocationRoleType-INLAND_FISHERY	individual/other
https://ref.gs1.org/voc/LocationRoleType-INLAND_PORT	LocationRoleType-INLAND_PORT	individual/other
https://ref.gs1.org/voc/LocationRoleType-INTERMODAL_TERMINAL	LocationRoleType-INTERMODAL_TERMINAL	individual/other
https://ref.gs1.org/voc/LocationRoleType-INTERNATIONAL_MAIL_PROCESSING_CENTER	LocationRoleType-INTERNATIONAL_MAIL_PROCESSING_CENTER	individual/other
https://ref.gs1.org/voc/LocationRoleType-LANE_OR_ROUTE	LocationRoleType-LANE_OR_ROUTE	individual/other
https://ref.gs1.org/voc/LocationRoleType-LAY-AWAY	LocationRoleType-LAY-AWAY	individual/other
https://ref.gs1.org/voc/LocationRoleType-LIBRARY	LocationRoleType-LIBRARY	individual/other
https://ref.gs1.org/voc/LocationRoleType-MAIN_RECEPTION	LocationRoleType-MAIN_RECEPTION	individual/other
https://ref.gs1.org/voc/LocationRoleType-MANUFACTURING_PLANT	LocationRoleType-MANUFACTURING_PLANT	individual/other
https://ref.gs1.org/voc/LocationRoleType-MARINE_FISHERY	LocationRoleType-MARINE_FISHERY	individual/other
https://ref.gs1.org/voc/LocationRoleType-MARKET	LocationRoleType-MARKET	individual/other
https://ref.gs1.org/voc/LocationRoleType-MENTAL_HEALTH_SERVICE	LocationRoleType-MENTAL_HEALTH_SERVICE	individual/other
https://ref.gs1.org/voc/LocationRoleType-MILKING_SITE	LocationRoleType-MILKING_SITE	individual/other
https://ref.gs1.org/voc/LocationRoleType-MOBILE_READER	LocationRoleType-MOBILE_READER	individual/other
https://ref.gs1.org/voc/LocationRoleType-NURSE_STATION	LocationRoleType-NURSE_STATION	individual/other
https://ref.gs1.org/voc/LocationRoleType-OFFICE	LocationRoleType-OFFICE	individual/other
https://ref.gs1.org/voc/LocationRoleType-ONLINE_PLATFORM	LocationRoleType-ONLINE_PLATFORM	individual/other
https://ref.gs1.org/voc/LocationRoleType-ONLINE_SHOP	LocationRoleType-ONLINE_SHOP	individual/other
https://ref.gs1.org/voc/LocationRoleType-OPERATING_THEATER	LocationRoleType-OPERATING_THEATER	individual/other
https://ref.gs1.org/voc/LocationRoleType-PACKAGING_AREA	LocationRoleType-PACKAGING_AREA	individual/other
https://ref.gs1.org/voc/LocationRoleType-PACKHOUSE	LocationRoleType-PACKHOUSE	individual/other
https://ref.gs1.org/voc/LocationRoleType-PALLET_WRAPPER	LocationRoleType-PALLET_WRAPPER	individual/other
https://ref.gs1.org/voc/LocationRoleType-PATHOLOGY	LocationRoleType-PATHOLOGY	individual/other
https://ref.gs1.org/voc/LocationRoleType-PERSONAL_SERVICES	LocationRoleType-PERSONAL_SERVICES	individual/other
https://ref.gs1.org/voc/LocationRoleType-PETROL_STATION	LocationRoleType-PETROL_STATION	individual/other
https://ref.gs1.org/voc/LocationRoleType-PICK-UP_LOCATION	LocationRoleType-PICK-UP_LOCATION	individual/other
https://ref.gs1.org/voc/LocationRoleType-PICKING_AREA	LocationRoleType-PICKING_AREA	individual/other
https://ref.gs1.org/voc/LocationRoleType-POINT_OF_SALE	LocationRoleType-POINT_OF_SALE	individual/other
https://ref.gs1.org/voc/LocationRoleType-PRIMARY_HEALTH_SERVICE	LocationRoleType-PRIMARY_HEALTH_SERVICE	individual/other
https://ref.gs1.org/voc/LocationRoleType-PRINTING_ROOM	LocationRoleType-PRINTING_ROOM	individual/other
https://ref.gs1.org/voc/LocationRoleType-PRODUCTION_AREA	LocationRoleType-PRODUCTION_AREA	individual/other
https://ref.gs1.org/voc/LocationRoleType-PRODUCTION_LINE	LocationRoleType-PRODUCTION_LINE	individual/other
https://ref.gs1.org/voc/LocationRoleType-PROMOTION_AREA	LocationRoleType-PROMOTION_AREA	individual/other
https://ref.gs1.org/voc/LocationRoleType-PUBLIC_WAREHOUSE	LocationRoleType-PUBLIC_WAREHOUSE	individual/other
https://ref.gs1.org/voc/LocationRoleType-QUALITY_CONTROL	LocationRoleType-QUALITY_CONTROL	individual/other
https://ref.gs1.org/voc/LocationRoleType-QUARANTINE	LocationRoleType-QUARANTINE	individual/other
https://ref.gs1.org/voc/LocationRoleType-RAIL_STATION	LocationRoleType-RAIL_STATION	individual/other
https://ref.gs1.org/voc/LocationRoleType-RAIL_TERMINAL	LocationRoleType-RAIL_TERMINAL	individual/other
https://ref.gs1.org/voc/LocationRoleType-READ_POINT_VERIFICATION_SPOT	LocationRoleType-READ_POINT_VERIFICATION_SPOT	individual/other
https://ref.gs1.org/voc/LocationRoleType-REARING_AREA	LocationRoleType-REARING_AREA	individual/other
https://ref.gs1.org/voc/LocationRoleType-RECALLED_PRODUCT_AREA	LocationRoleType-RECALLED_PRODUCT_AREA	individual/other
https://ref.gs1.org/voc/LocationRoleType-RECEIVING_AREA	LocationRoleType-RECEIVING_AREA	individual/other
https://ref.gs1.org/voc/LocationRoleType-RECEIVING_LOCATION	LocationRoleType-RECEIVING_LOCATION	individual/other
https://ref.gs1.org/voc/LocationRoleType-REPACKING_FACILITY	LocationRoleType-REPACKING_FACILITY	individual/other
https://ref.gs1.org/voc/LocationRoleType-RESEARCH_FACILITY	LocationRoleType-RESEARCH_FACILITY	individual/other
https://ref.gs1.org/voc/LocationRoleType-RESIDENCE	LocationRoleType-RESIDENCE	individual/other
https://ref.gs1.org/voc/LocationRoleType-RETAIL_PHARMACY	LocationRoleType-RETAIL_PHARMACY	individual/other
https://ref.gs1.org/voc/LocationRoleType-RETURNABLE_ASSET_SERVICE_CENTER	LocationRoleType-RETURNABLE_ASSET_SERVICE_CENTER	individual/other
https://ref.gs1.org/voc/LocationRoleType-RETURNS_AREA	LocationRoleType-RETURNS_AREA	individual/other
https://ref.gs1.org/voc/LocationRoleType-ROAD_TERMINAL	LocationRoleType-ROAD_TERMINAL	individual/other
https://ref.gs1.org/voc/LocationRoleType-SALES_FLOOR	LocationRoleType-SALES_FLOOR	individual/other
https://ref.gs1.org/voc/LocationRoleType-SALES_FLOOR_TRANSITION_AREA	LocationRoleType-SALES_FLOOR_TRANSITION_AREA	individual/other
https://ref.gs1.org/voc/LocationRoleType-SALES_YARD	LocationRoleType-SALES_YARD	individual/other
https://ref.gs1.org/voc/LocationRoleType-SEAPORT	LocationRoleType-SEAPORT	individual/other
https://ref.gs1.org/voc/LocationRoleType-SECURITY_AREA	LocationRoleType-SECURITY_AREA	individual/other
https://ref.gs1.org/voc/LocationRoleType-SELF_SERVICE	LocationRoleType-SELF_SERVICE	individual/other
https://ref.gs1.org/voc/LocationRoleType-SERVICE_COUNTER	LocationRoleType-SERVICE_COUNTER	individual/other
https://ref.gs1.org/voc/LocationRoleType-SHELF	LocationRoleType-SHELF	individual/other
https://ref.gs1.org/voc/LocationRoleType-SHIPPING_AREA	LocationRoleType-SHIPPING_AREA	individual/other
https://ref.gs1.org/voc/LocationRoleType-SHIP_FROM_LOCATION	LocationRoleType-SHIP_FROM_LOCATION	individual/other
https://ref.gs1.org/voc/LocationRoleType-SHIP_TO_LOCATION	LocationRoleType-SHIP_TO_LOCATION	individual/other
https://ref.gs1.org/voc/LocationRoleType-SILO	LocationRoleType-SILO	individual/other
https://ref.gs1.org/voc/LocationRoleType-SLAUGHTER_HOUSE	LocationRoleType-SLAUGHTER_HOUSE	individual/other
https://ref.gs1.org/voc/LocationRoleType-SPORTS_AND_RECERATIONAL	LocationRoleType-SPORTS_AND_RECERATIONAL	individual/other
https://ref.gs1.org/voc/LocationRoleType-STAGING_AREA	LocationRoleType-STAGING_AREA	individual/other
https://ref.gs1.org/voc/LocationRoleType-STATION	LocationRoleType-STATION	individual/other
https://ref.gs1.org/voc/LocationRoleType-STORAGE_AREA	LocationRoleType-STORAGE_AREA	individual/other
https://ref.gs1.org/voc/LocationRoleType-STORE	LocationRoleType-STORE	individual/other
https://ref.gs1.org/voc/LocationRoleType-TERMINAL	LocationRoleType-TERMINAL	individual/other
https://ref.gs1.org/voc/LocationRoleType-TRADE_ITEM_RETURN_LOCATION	LocationRoleType-TRADE_ITEM_RETURN_LOCATION	individual/other
https://ref.gs1.org/voc/LocationRoleType-TRAIN	LocationRoleType-TRAIN	individual/other
https://ref.gs1.org/voc/LocationRoleType-VENDING	LocationRoleType-VENDING	individual/other
https://ref.gs1.org/voc/LocationRoleType-VENDOR_LEASED_SPACE	LocationRoleType-VENDOR_LEASED_SPACE	individual/other
https://ref.gs1.org/voc/LocationRoleType-VINEYARD	LocationRoleType-VINEYARD	individual/other
https://ref.gs1.org/voc/LocationRoleType-VISITING_ADDRESS	LocationRoleType-VISITING_ADDRESS	individual/other
https://ref.gs1.org/voc/LocationRoleType-WARD	LocationRoleType-WARD	individual/other
https://ref.gs1.org/voc/LocationRoleType-WAREHOUSE	LocationRoleType-WAREHOUSE	individual/other
https://ref.gs1.org/voc/LocationRoleType-WASTE_CENTER	LocationRoleType-WASTE_CENTER	individual/other
https://ref.gs1.org/voc/LocationRoleType-WHARF	LocationRoleType-WHARF	individual/other
https://ref.gs1.org/voc/LocationRoleType-YARD	LocationRoleType-YARD	individual/other
https://ref.gs1.org/voc/LocationStatusHistory	LocationStatusHistory	class
https://ref.gs1.org/voc/Luminance	Luminance	individual/other
https://ref.gs1.org/voc/LuminousIntensity	LuminousIntensity	individual/other
https://ref.gs1.org/voc/MagneticFlux	MagneticFlux	individual/other
https://ref.gs1.org/voc/MagneticFluxDensity	MagneticFluxDensity	individual/other
https://ref.gs1.org/voc/MagneticVectorPotential	MagneticVectorPotential	individual/other
https://ref.gs1.org/voc/Mass	Mass	individual/other
https://ref.gs1.org/voc/MassConcentration	MassConcentration	individual/other
https://ref.gs1.org/voc/MassFlowRate	MassFlowRate	individual/other
https://ref.gs1.org/voc/MassPerAreaTime	MassPerAreaTime	individual/other
https://ref.gs1.org/voc/MaturationMethodCode-JET_FRESH	MaturationMethodCode-JET_FRESH	individual/other
https://ref.gs1.org/voc/MaturationMethodCode-PRECONDITIONED	MaturationMethodCode-PRECONDITIONED	individual/other
https://ref.gs1.org/voc/MaturationMethodCode-TREE_VINE_RIPE	MaturationMethodCode-TREE_VINE_RIPE	individual/other
https://ref.gs1.org/voc/MeasurementPrecisionCode-APPROXIMATELY	MeasurementPrecisionCode-APPROXIMATELY	individual/other
https://ref.gs1.org/voc/MeasurementPrecisionCode-EXACT	MeasurementPrecisionCode-EXACT	individual/other
https://ref.gs1.org/voc/MeasurementPrecisionCode-LESS_THAN	MeasurementPrecisionCode-LESS_THAN	individual/other
https://ref.gs1.org/voc/MeasurementType	MeasurementType	individual/other
https://ref.gs1.org/voc/MeatPoultry	MeatPoultry	class
https://ref.gs1.org/voc/Message	Message	class
https://ref.gs1.org/voc/MilkButterCreamYogurtCheeseEggsSubstitutes	MilkButterCreamYogurtCheeseEggsSubstitutes	class
https://ref.gs1.org/voc/MolalityOfSolute	MolalityOfSolute	individual/other
https://ref.gs1.org/voc/MolarEnergy	MolarEnergy	individual/other
https://ref.gs1.org/voc/MolarMass	MolarMass	individual/other
https://ref.gs1.org/voc/MolarVolume	MolarVolume	individual/other
https://ref.gs1.org/voc/NonbinaryLogicCode	NonbinaryLogicCode	individual/other
https://ref.gs1.org/voc/NonbinaryLogicCode-FALSE	NonbinaryLogicCode-FALSE	individual/other
https://ref.gs1.org/voc/NonbinaryLogicCode-NOT_APPLICABLE	NonbinaryLogicCode-NOT_APPLICABLE	individual/other
https://ref.gs1.org/voc/NonbinaryLogicCode-TRUE	NonbinaryLogicCode-TRUE	individual/other
https://ref.gs1.org/voc/NonbinaryLogicCode-UNSPECIFIED	NonbinaryLogicCode-UNSPECIFIED	individual/other
https://ref.gs1.org/voc/NutrientBasisQuantityCode	NutrientBasisQuantityCode	individual/other
https://ref.gs1.org/voc/NutrientBasisQuantityCode-BY_MEASURE	NutrientBasisQuantityCode-BY_MEASURE	individual/other
https://ref.gs1.org/voc/NutrientBasisQuantityCode-BY_SERVING	NutrientBasisQuantityCode-BY_SERVING	individual/other
https://ref.gs1.org/voc/NutritionMeasurementType	NutritionMeasurementType	class
https://ref.gs1.org/voc/NutritionalClaimTypeCode-ADDITIVE_FREE	NutritionalClaimTypeCode-ADDITIVE_FREE	individual/other
https://ref.gs1.org/voc/NutritionalClaimTypeCode-ARTIFICIALLY_SWEETENED	NutritionalClaimTypeCode-ARTIFICIALLY_SWEETENED	individual/other
https://ref.gs1.org/voc/NutritionalClaimTypeCode-CHOLESTEROL_FREE	NutritionalClaimTypeCode-CHOLESTEROL_FREE	individual/other
https://ref.gs1.org/voc/NutritionalClaimTypeCode-COLOURING_AGENT_FREE	NutritionalClaimTypeCode-COLOURING_AGENT_FREE	individual/other
https://ref.gs1.org/voc/NutritionalClaimTypeCode-CONTAINS_GLYZYRRHIZIN	NutritionalClaimTypeCode-CONTAINS_GLYZYRRHIZIN	individual/other
https://ref.gs1.org/voc/NutritionalClaimTypeCode-CONTAINS_LIQUORICE	NutritionalClaimTypeCode-CONTAINS_LIQUORICE	individual/other
https://ref.gs1.org/voc/NutritionalClaimTypeCode-CONTAINS_SOY	NutritionalClaimTypeCode-CONTAINS_SOY	individual/other
https://ref.gs1.org/voc/NutritionalClaimTypeCode-EGG_FREE	NutritionalClaimTypeCode-EGG_FREE	individual/other
https://ref.gs1.org/voc/NutritionalClaimTypeCode-ENERGY_FREE	NutritionalClaimTypeCode-ENERGY_FREE	individual/other
https://ref.gs1.org/voc/NutritionalClaimTypeCode-ENERGY_REDUCED	NutritionalClaimTypeCode-ENERGY_REDUCED	individual/other
https://ref.gs1.org/voc/NutritionalClaimTypeCode-ENRICHED_OR_FORTIFIED_IN_VITAMINS_AND_OR_MINERALS	NutritionalClaimTypeCode-ENRICHED_OR_FORTIFIED_IN_VITAMINS_AND_OR_MINERALS	individual/other
https://ref.gs1.org/voc/NutritionalClaimTypeCode-FAT_FREE	NutritionalClaimTypeCode-FAT_FREE	individual/other
https://ref.gs1.org/voc/NutritionalClaimTypeCode-FREE_FROM_GLUTEN	NutritionalClaimTypeCode-FREE_FROM_GLUTEN	individual/other
https://ref.gs1.org/voc/NutritionalClaimTypeCode-GUARANTEED_LACTOSE_FREE	NutritionalClaimTypeCode-GUARANTEED_LACTOSE_FREE	individual/other
https://ref.gs1.org/voc/NutritionalClaimTypeCode-HIGH_FIBRE	NutritionalClaimTypeCode-HIGH_FIBRE	individual/other
https://ref.gs1.org/voc/NutritionalClaimTypeCode-HIGH_PROTEIN	NutritionalClaimTypeCode-HIGH_PROTEIN	individual/other
https://ref.gs1.org/voc/NutritionalClaimTypeCode-HIGH_VITAMINS_AND_OR_MINERALS	NutritionalClaimTypeCode-HIGH_VITAMINS_AND_OR_MINERALS	individual/other
https://ref.gs1.org/voc/NutritionalClaimTypeCode-LACTOSE_FREE	NutritionalClaimTypeCode-LACTOSE_FREE	individual/other
https://ref.gs1.org/voc/NutritionalClaimTypeCode-LIGHT_LITE	NutritionalClaimTypeCode-LIGHT_LITE	individual/other
https://ref.gs1.org/voc/NutritionalClaimTypeCode-LOW_ENERGY	NutritionalClaimTypeCode-LOW_ENERGY	individual/other
https://ref.gs1.org/voc/NutritionalClaimTypeCode-LOW_FAT	NutritionalClaimTypeCode-LOW_FAT	individual/other
https://ref.gs1.org/voc/NutritionalClaimTypeCode-LOW_LACTOSE	NutritionalClaimTypeCode-LOW_LACTOSE	individual/other
https://ref.gs1.org/voc/NutritionalClaimTypeCode-LOW_PROTEIN	NutritionalClaimTypeCode-LOW_PROTEIN	individual/other
https://ref.gs1.org/voc/NutritionalClaimTypeCode-LOW_SATURATED_FAT	NutritionalClaimTypeCode-LOW_SATURATED_FAT	individual/other
https://ref.gs1.org/voc/NutritionalClaimTypeCode-LOW_SODIUM_SALT	NutritionalClaimTypeCode-LOW_SODIUM_SALT	individual/other
https://ref.gs1.org/voc/NutritionalClaimTypeCode-LOW_SUGARS	NutritionalClaimTypeCode-LOW_SUGARS	individual/other
https://ref.gs1.org/voc/NutritionalClaimTypeCode-MILK_FREE	NutritionalClaimTypeCode-MILK_FREE	individual/other
https://ref.gs1.org/voc/NutritionalClaimTypeCode-MILK_PROTEIN_FREE	NutritionalClaimTypeCode-MILK_PROTEIN_FREE	individual/other
https://ref.gs1.org/voc/NutritionalClaimTypeCode-NATURAL_SOURCE_OF_VITAMINS_AND_OR_MINERALS	NutritionalClaimTypeCode-NATURAL_SOURCE_OF_VITAMINS_AND_OR_MINERALS	individual/other
https://ref.gs1.org/voc/NutritionalClaimTypeCode-NON_ALCOHOLIC	NutritionalClaimTypeCode-NON_ALCOHOLIC	individual/other
https://ref.gs1.org/voc/NutritionalClaimTypeCode-NUT_FREE	NutritionalClaimTypeCode-NUT_FREE	individual/other
https://ref.gs1.org/voc/NutritionalClaimTypeCode-PEANUT_FREE	NutritionalClaimTypeCode-PEANUT_FREE	individual/other
https://ref.gs1.org/voc/NutritionalClaimTypeCode-PRESERVATIVE_FREE	NutritionalClaimTypeCode-PRESERVATIVE_FREE	individual/other
https://ref.gs1.org/voc/NutritionalClaimTypeCode-SATURATED_FAT_FREE	NutritionalClaimTypeCode-SATURATED_FAT_FREE	individual/other
https://ref.gs1.org/voc/NutritionalClaimTypeCode-SODIUM_FREE_OR_SALT_FREE	NutritionalClaimTypeCode-SODIUM_FREE_OR_SALT_FREE	individual/other
https://ref.gs1.org/voc/NutritionalClaimTypeCode-SOURCE_OF_FIBRE	NutritionalClaimTypeCode-SOURCE_OF_FIBRE	individual/other
https://ref.gs1.org/voc/NutritionalClaimTypeCode-SOURCE_OF_PROTEIN	NutritionalClaimTypeCode-SOURCE_OF_PROTEIN	individual/other
https://ref.gs1.org/voc/NutritionalClaimTypeCode-SOY_FREE	NutritionalClaimTypeCode-SOY_FREE	individual/other
https://ref.gs1.org/voc/NutritionalClaimTypeCode-STRONGLY_SALTED	NutritionalClaimTypeCode-STRONGLY_SALTED	individual/other
https://ref.gs1.org/voc/NutritionalClaimTypeCode-SUGARS_FREE	NutritionalClaimTypeCode-SUGARS_FREE	individual/other
https://ref.gs1.org/voc/NutritionalClaimTypeCode-SWEETENED_WITH_AGAVE_SYRUP	NutritionalClaimTypeCode-SWEETENED_WITH_AGAVE_SYRUP	individual/other
https://ref.gs1.org/voc/NutritionalClaimTypeCode-SWEETENED_WITH_CANE_SUGAR	NutritionalClaimTypeCode-SWEETENED_WITH_CANE_SUGAR	individual/other
https://ref.gs1.org/voc/NutritionalClaimTypeCode-SWEETENED_WITH_CORN_SYRUP	NutritionalClaimTypeCode-SWEETENED_WITH_CORN_SYRUP	individual/other
https://ref.gs1.org/voc/NutritionalClaimTypeCode-SWEETENED_WITH_FRUCTOSE	NutritionalClaimTypeCode-SWEETENED_WITH_FRUCTOSE	individual/other
https://ref.gs1.org/voc/NutritionalClaimTypeCode-SWEETENED_WITH_FRUIT_JUICE	NutritionalClaimTypeCode-SWEETENED_WITH_FRUIT_JUICE	individual/other
https://ref.gs1.org/voc/NutritionalClaimTypeCode-SWEETENED_WITH_FRUIT_SYRUP	NutritionalClaimTypeCode-SWEETENED_WITH_FRUIT_SYRUP	individual/other
https://ref.gs1.org/voc/NutritionalClaimTypeCode-SWEETENED_WITH_HONEY	NutritionalClaimTypeCode-SWEETENED_WITH_HONEY	individual/other
https://ref.gs1.org/voc/NutritionalClaimTypeCode-SWEETENED_WITH_MALT	NutritionalClaimTypeCode-SWEETENED_WITH_MALT	individual/other
https://ref.gs1.org/voc/NutritionalClaimTypeCode-SWEETENED_WITH_RAW_BEET_SUGAR	NutritionalClaimTypeCode-SWEETENED_WITH_RAW_BEET_SUGAR	individual/other
https://ref.gs1.org/voc/NutritionalClaimTypeCode-SWEETENED_WITH_WHITE_SUGAR	NutritionalClaimTypeCode-SWEETENED_WITH_WHITE_SUGAR	individual/other
https://ref.gs1.org/voc/NutritionalClaimTypeCode-VERY_LOW_GLUTEN	NutritionalClaimTypeCode-VERY_LOW_GLUTEN	individual/other
https://ref.gs1.org/voc/NutritionalClaimTypeCode-VERY_LOW_SODIUM_SALT	NutritionalClaimTypeCode-VERY_LOW_SODIUM_SALT	individual/other
https://ref.gs1.org/voc/NutritionalClaimTypeCode-WHEAT_FREE	NutritionalClaimTypeCode-WHEAT_FREE	individual/other
https://ref.gs1.org/voc/NutritionalClaimTypeCode-WITH_NO_ADDED_SUGARS	NutritionalClaimTypeCode-WITH_NO_ADDED_SUGARS	individual/other
https://ref.gs1.org/voc/Offer	Offer	class
https://ref.gs1.org/voc/OfferRedemptionTypeCode	OfferRedemptionTypeCode	individual/other
https://ref.gs1.org/voc/OfferRedemptionTypeCode-COUPON_CODE	OfferRedemptionTypeCode-COUPON_CODE	individual/other
https://ref.gs1.org/voc/OfferRedemptionTypeCode-GIFT_CARD	OfferRedemptionTypeCode-GIFT_CARD	individual/other
https://ref.gs1.org/voc/OfferRedemptionTypeCode-REBATE	OfferRedemptionTypeCode-REBATE	individual/other
https://ref.gs1.org/voc/OfferRedemptionTypeCode-SALE	OfferRedemptionTypeCode-SALE	individual/other
https://ref.gs1.org/voc/OfferRedemptionTypeCode-SINGLE_USE_CODE	OfferRedemptionTypeCode-SINGLE_USE_CODE	individual/other
https://ref.gs1.org/voc/OrganicClaimAgencyCode-1	OrganicClaimAgencyCode-1	individual/other
https://ref.gs1.org/voc/OrganicClaimAgencyCode-10	OrganicClaimAgencyCode-10	individual/other
https://ref.gs1.org/voc/OrganicClaimAgencyCode-11	OrganicClaimAgencyCode-11	individual/other
https://ref.gs1.org/voc/OrganicClaimAgencyCode-12	OrganicClaimAgencyCode-12	individual/other
https://ref.gs1.org/voc/OrganicClaimAgencyCode-13	OrganicClaimAgencyCode-13	individual/other
https://ref.gs1.org/voc/OrganicClaimAgencyCode-14	OrganicClaimAgencyCode-14	individual/other
https://ref.gs1.org/voc/OrganicClaimAgencyCode-15	OrganicClaimAgencyCode-15	individual/other
https://ref.gs1.org/voc/OrganicClaimAgencyCode-16	OrganicClaimAgencyCode-16	individual/other
https://ref.gs1.org/voc/OrganicClaimAgencyCode-17	OrganicClaimAgencyCode-17	individual/other
https://ref.gs1.org/voc/OrganicClaimAgencyCode-19	OrganicClaimAgencyCode-19	individual/other
https://ref.gs1.org/voc/OrganicClaimAgencyCode-2	OrganicClaimAgencyCode-2	individual/other
https://ref.gs1.org/voc/OrganicClaimAgencyCode-20	OrganicClaimAgencyCode-20	individual/other
https://ref.gs1.org/voc/OrganicClaimAgencyCode-21	OrganicClaimAgencyCode-21	individual/other
https://ref.gs1.org/voc/OrganicClaimAgencyCode-22	OrganicClaimAgencyCode-22	individual/other
https://ref.gs1.org/voc/OrganicClaimAgencyCode-23	OrganicClaimAgencyCode-23	individual/other
https://ref.gs1.org/voc/OrganicClaimAgencyCode-24	OrganicClaimAgencyCode-24	individual/other
https://ref.gs1.org/voc/OrganicClaimAgencyCode-25	OrganicClaimAgencyCode-25	individual/other
https://ref.gs1.org/voc/OrganicClaimAgencyCode-26	OrganicClaimAgencyCode-26	individual/other
https://ref.gs1.org/voc/OrganicClaimAgencyCode-27	OrganicClaimAgencyCode-27	individual/other
https://ref.gs1.org/voc/OrganicClaimAgencyCode-28	OrganicClaimAgencyCode-28	individual/other
https://ref.gs1.org/voc/OrganicClaimAgencyCode-29	OrganicClaimAgencyCode-29	individual/other
https://ref.gs1.org/voc/OrganicClaimAgencyCode-3	OrganicClaimAgencyCode-3	individual/other
https://ref.gs1.org/voc/OrganicClaimAgencyCode-30	OrganicClaimAgencyCode-30	individual/other
https://ref.gs1.org/voc/OrganicClaimAgencyCode-31	OrganicClaimAgencyCode-31	individual/other
https://ref.gs1.org/voc/OrganicClaimAgencyCode-32	OrganicClaimAgencyCode-32	individual/other
https://ref.gs1.org/voc/OrganicClaimAgencyCode-33	OrganicClaimAgencyCode-33	individual/other
https://ref.gs1.org/voc/OrganicClaimAgencyCode-34	OrganicClaimAgencyCode-34	individual/other
https://ref.gs1.org/voc/OrganicClaimAgencyCode-4	OrganicClaimAgencyCode-4	individual/other
https://ref.gs1.org/voc/OrganicClaimAgencyCode-5	OrganicClaimAgencyCode-5	individual/other
https://ref.gs1.org/voc/OrganicClaimAgencyCode-6	OrganicClaimAgencyCode-6	individual/other
https://ref.gs1.org/voc/OrganicClaimAgencyCode-7	OrganicClaimAgencyCode-7	individual/other
https://ref.gs1.org/voc/OrganicClaimAgencyCode-8	OrganicClaimAgencyCode-8	individual/other
https://ref.gs1.org/voc/OrganicClaimAgencyCode-9	OrganicClaimAgencyCode-9	individual/other
https://ref.gs1.org/voc/OrganicClaimAgencyCode-999	OrganicClaimAgencyCode-999	individual/other
https://ref.gs1.org/voc/OrganicClaimAgencyCode-BFA	OrganicClaimAgencyCode-BFA	individual/other
https://ref.gs1.org/voc/OrganicClaimAgencyCode-BIOLAND	OrganicClaimAgencyCode-BIOLAND	individual/other
https://ref.gs1.org/voc/OrganicClaimAgencyCode-DEMETER_BUND	OrganicClaimAgencyCode-DEMETER_BUND	individual/other
https://ref.gs1.org/voc/OrganicClaimAgencyCode-DEMETER_INTERNATIONAL	OrganicClaimAgencyCode-DEMETER_INTERNATIONAL	individual/other
https://ref.gs1.org/voc/OrganicClaimAgencyCode-ECOLAND	OrganicClaimAgencyCode-ECOLAND	individual/other
https://ref.gs1.org/voc/OrganicClaimAgencyCode-ECOVIN	OrganicClaimAgencyCode-ECOVIN	individual/other
https://ref.gs1.org/voc/OrganicClaimAgencyCode-EPA	OrganicClaimAgencyCode-EPA	individual/other
https://ref.gs1.org/voc/OrganicClaimAgencyCode-FDA	OrganicClaimAgencyCode-FDA	individual/other
https://ref.gs1.org/voc/OrganicClaimAgencyCode-FSA	OrganicClaimAgencyCode-FSA	individual/other
https://ref.gs1.org/voc/OrganicClaimAgencyCode-GAA	OrganicClaimAgencyCode-GAA	individual/other
https://ref.gs1.org/voc/OrganicClaimAgencyCode-IFOA	OrganicClaimAgencyCode-IFOA	individual/other
https://ref.gs1.org/voc/OrganicClaimAgencyCode-IFOAM	OrganicClaimAgencyCode-IFOAM	individual/other
https://ref.gs1.org/voc/OrganicClaimAgencyCode-NATURLAND	OrganicClaimAgencyCode-NATURLAND	individual/other
https://ref.gs1.org/voc/OrganicClaimAgencyCode-QAI	OrganicClaimAgencyCode-QAI	individual/other
https://ref.gs1.org/voc/OrganicClaimAgencyCode-SUDITIROL	OrganicClaimAgencyCode-SUDITIROL	individual/other
https://ref.gs1.org/voc/OrganicClaimAgencyCode-USDA	OrganicClaimAgencyCode-USDA	individual/other
https://ref.gs1.org/voc/OrganicClaimDetails	OrganicClaimDetails	class
https://ref.gs1.org/voc/Organization	Organization	class
https://ref.gs1.org/voc/OrganizationClassificationDetails	OrganizationClassificationDetails	class
https://ref.gs1.org/voc/OrganizationClassificationType	OrganizationClassificationType	individual/other
https://ref.gs1.org/voc/OrganizationClassificationType-GICS	OrganizationClassificationType-GICS	individual/other
https://ref.gs1.org/voc/OrganizationClassificationType-ICB	OrganizationClassificationType-ICB	individual/other
https://ref.gs1.org/voc/OrganizationClassificationType-ISIC	OrganizationClassificationType-ISIC	individual/other
https://ref.gs1.org/voc/OrganizationClassificationType-NACE	OrganizationClassificationType-NACE	individual/other
https://ref.gs1.org/voc/OrganizationClassificationType-NAICS	OrganizationClassificationType-NAICS	individual/other
https://ref.gs1.org/voc/OrganizationClassificationType-SIC	OrganizationClassificationType-SIC	individual/other
https://ref.gs1.org/voc/OrganizationID_Details	OrganizationID_Details	class
https://ref.gs1.org/voc/OrganizationID_Type	OrganizationID_Type	individual/other
https://ref.gs1.org/voc/OrganizationID_Type-AU_ABN	OrganizationID_Type-AU_ABN	individual/other
https://ref.gs1.org/voc/OrganizationID_Type-AU_ACN	OrganizationID_Type-AU_ACN	individual/other
https://ref.gs1.org/voc/OrganizationID_Type-CRD_PARTNER_CODE	OrganizationID_Type-CRD_PARTNER_CODE	individual/other
https://ref.gs1.org/voc/OrganizationID_Type-CRN	OrganizationID_Type-CRN	individual/other
https://ref.gs1.org/voc/OrganizationID_Type-DID	OrganizationID_Type-DID	individual/other
https://ref.gs1.org/voc/OrganizationID_Type-DUNS	OrganizationID_Type-DUNS	individual/other
https://ref.gs1.org/voc/OrganizationID_Type-DUNS_PLUS_FOUR	OrganizationID_Type-DUNS_PLUS_FOUR	individual/other
https://ref.gs1.org/voc/OrganizationID_Type-EORI	OrganizationID_Type-EORI	individual/other
https://ref.gs1.org/voc/OrganizationID_Type-EO_ID	OrganizationID_Type-EO_ID	individual/other
https://ref.gs1.org/voc/OrganizationID_Type-EU_VAT_IDENTIFICATION_NUMBER	OrganizationID_Type-EU_VAT_IDENTIFICATION_NUMBER	individual/other
https://ref.gs1.org/voc/OrganizationID_Type-FR_RCS	OrganizationID_Type-FR_RCS	individual/other
https://ref.gs1.org/voc/OrganizationID_Type-FR_SIREN	OrganizationID_Type-FR_SIREN	individual/other
https://ref.gs1.org/voc/OrganizationID_Type-IMO_COMPANY_NUMBER	OrganizationID_Type-IMO_COMPANY_NUMBER	individual/other
https://ref.gs1.org/voc/OrganizationID_Type-LEI	OrganizationID_Type-LEI	individual/other
https://ref.gs1.org/voc/OrganizationID_Type-NL_KVK_NUMBER	OrganizationID_Type-NL_KVK_NUMBER	individual/other
https://ref.gs1.org/voc/OrganizationID_Type-NL_OIN_NUMBER	OrganizationID_Type-NL_OIN_NUMBER	individual/other
https://ref.gs1.org/voc/OrganizationID_Type-NZ_GST_NUMBER	OrganizationID_Type-NZ_GST_NUMBER	individual/other
https://ref.gs1.org/voc/OrganizationID_Type-NZ_IRD_NUMBER	OrganizationID_Type-NZ_IRD_NUMBER	individual/other
https://ref.gs1.org/voc/OrganizationID_Type-ORG_FOR_INTERNAL_USE_1	OrganizationID_Type-ORG_FOR_INTERNAL_USE_1	individual/other
https://ref.gs1.org/voc/OrganizationID_Type-ORG_FOR_INTERNAL_USE_10	OrganizationID_Type-ORG_FOR_INTERNAL_USE_10	individual/other
https://ref.gs1.org/voc/OrganizationID_Type-ORG_FOR_INTERNAL_USE_2	OrganizationID_Type-ORG_FOR_INTERNAL_USE_2	individual/other
https://ref.gs1.org/voc/OrganizationID_Type-ORG_FOR_INTERNAL_USE_3	OrganizationID_Type-ORG_FOR_INTERNAL_USE_3	individual/other
https://ref.gs1.org/voc/OrganizationID_Type-ORG_FOR_INTERNAL_USE_4	OrganizationID_Type-ORG_FOR_INTERNAL_USE_4	individual/other
https://ref.gs1.org/voc/OrganizationID_Type-ORG_FOR_INTERNAL_USE_5	OrganizationID_Type-ORG_FOR_INTERNAL_USE_5	individual/other
https://ref.gs1.org/voc/OrganizationID_Type-ORG_FOR_INTERNAL_USE_6	OrganizationID_Type-ORG_FOR_INTERNAL_USE_6	individual/other
https://ref.gs1.org/voc/OrganizationID_Type-ORG_FOR_INTERNAL_USE_7	OrganizationID_Type-ORG_FOR_INTERNAL_USE_7	individual/other
https://ref.gs1.org/voc/OrganizationID_Type-ORG_FOR_INTERNAL_USE_8	OrganizationID_Type-ORG_FOR_INTERNAL_USE_8	individual/other
https://ref.gs1.org/voc/OrganizationID_Type-ORG_FOR_INTERNAL_USE_9	OrganizationID_Type-ORG_FOR_INTERNAL_USE_9	individual/other
https://ref.gs1.org/voc/OrganizationID_Type-PHYTOSANITARY_REGISTRATION_NUMBER	OrganizationID_Type-PHYTOSANITARY_REGISTRATION_NUMBER	individual/other
https://ref.gs1.org/voc/OrganizationID_Type-TIN	OrganizationID_Type-TIN	individual/other
https://ref.gs1.org/voc/OrganizationID_Type-UK_CRN	OrganizationID_Type-UK_CRN	individual/other
https://ref.gs1.org/voc/OrganizationID_Type-US_498_ID	OrganizationID_Type-US_498_ID	individual/other
https://ref.gs1.org/voc/OrganizationID_Type-US_499_FILER_ID	OrganizationID_Type-US_499_FILER_ID	individual/other
https://ref.gs1.org/voc/OrganizationID_Type-US_BEA_ID	OrganizationID_Type-US_BEA_ID	individual/other
https://ref.gs1.org/voc/OrganizationID_Type-US_CAGE	OrganizationID_Type-US_CAGE	individual/other
https://ref.gs1.org/voc/OrganizationID_Type-US_CID	OrganizationID_Type-US_CID	individual/other
https://ref.gs1.org/voc/OrganizationID_Type-US_CRD	OrganizationID_Type-US_CRD	individual/other
https://ref.gs1.org/voc/OrganizationID_Type-US_DEA	OrganizationID_Type-US_DEA	individual/other
https://ref.gs1.org/voc/OrganizationID_Type-US_DODAAC	OrganizationID_Type-US_DODAAC	individual/other
https://ref.gs1.org/voc/OrganizationID_Type-US_EIN	OrganizationID_Type-US_EIN	individual/other
https://ref.gs1.org/voc/OrganizationID_Type-US_EPA_ID	OrganizationID_Type-US_EPA_ID	individual/other
https://ref.gs1.org/voc/OrganizationID_Type-US_FCC_FRN	OrganizationID_Type-US_FCC_FRN	individual/other
https://ref.gs1.org/voc/OrganizationID_Type-US_FDIC	OrganizationID_Type-US_FDIC	individual/other
https://ref.gs1.org/voc/OrganizationID_Type-US_FHFA_ID	OrganizationID_Type-US_FHFA_ID	individual/other
https://ref.gs1.org/voc/OrganizationID_Type-US_FMC_ID	OrganizationID_Type-US_FMC_ID	individual/other
https://ref.gs1.org/voc/OrganizationID_Type-US_GIIN	OrganizationID_Type-US_GIIN	individual/other
https://ref.gs1.org/voc/OrganizationID_Type-US_LAB_ID	OrganizationID_Type-US_LAB_ID	individual/other
https://ref.gs1.org/voc/OrganizationID_Type-US_LIC	OrganizationID_Type-US_LIC	individual/other
https://ref.gs1.org/voc/OrganizationID_Type-US_MFG_ID	OrganizationID_Type-US_MFG_ID	individual/other
https://ref.gs1.org/voc/OrganizationID_Type-US_MIC	OrganizationID_Type-US_MIC	individual/other
https://ref.gs1.org/voc/OrganizationID_Type-US_NPI	OrganizationID_Type-US_NPI	individual/other
https://ref.gs1.org/voc/OrganizationID_Type-US_RN	OrganizationID_Type-US_RN	individual/other
https://ref.gs1.org/voc/OrganizationID_Type-US_RSSD_ID	OrganizationID_Type-US_RSSD_ID	individual/other
https://ref.gs1.org/voc/OrganizationID_Type-US_SCAC	OrganizationID_Type-US_SCAC	individual/other
https://ref.gs1.org/voc/OrganizationID_Type-US_UEI	OrganizationID_Type-US_UEI	individual/other
https://ref.gs1.org/voc/OrganizationRoleType	OrganizationRoleType	individual/other
https://ref.gs1.org/voc/OrganizationRoleType-ACCEPTING_PARTY	OrganizationRoleType-ACCEPTING_PARTY	individual/other
https://ref.gs1.org/voc/OrganizationRoleType-ACCOUNTS_DEPARTMENT	OrganizationRoleType-ACCOUNTS_DEPARTMENT	individual/other
https://ref.gs1.org/voc/OrganizationRoleType-AGRICULTURAL_COOPERATIVE	OrganizationRoleType-AGRICULTURAL_COOPERATIVE	individual/other
https://ref.gs1.org/voc/OrganizationRoleType-AIRPORT_OPERATOR	OrganizationRoleType-AIRPORT_OPERATOR	individual/other
https://ref.gs1.org/voc/OrganizationRoleType-AREA_HEALTH_SERVICE	OrganizationRoleType-AREA_HEALTH_SERVICE	individual/other
https://ref.gs1.org/voc/OrganizationRoleType-ARRIVING_GOODS_PARTY	OrganizationRoleType-ARRIVING_GOODS_PARTY	individual/other
https://ref.gs1.org/voc/OrganizationRoleType-BILL_OF_LADING_RECIPIENT	OrganizationRoleType-BILL_OF_LADING_RECIPIENT	individual/other
https://ref.gs1.org/voc/OrganizationRoleType-BILL_TO	OrganizationRoleType-BILL_TO	individual/other
https://ref.gs1.org/voc/OrganizationRoleType-BRANCH	OrganizationRoleType-BRANCH	individual/other
https://ref.gs1.org/voc/OrganizationRoleType-BRAND_OWNER	OrganizationRoleType-BRAND_OWNER	individual/other
https://ref.gs1.org/voc/OrganizationRoleType-BREEDER	OrganizationRoleType-BREEDER	individual/other
https://ref.gs1.org/voc/OrganizationRoleType-BROKER_AGENT	OrganizationRoleType-BROKER_AGENT	individual/other
https://ref.gs1.org/voc/OrganizationRoleType-BUYER	OrganizationRoleType-BUYER	individual/other
https://ref.gs1.org/voc/OrganizationRoleType-BUYERS_AGENT_REPRESENTATIVE	OrganizationRoleType-BUYERS_AGENT_REPRESENTATIVE	individual/other
https://ref.gs1.org/voc/OrganizationRoleType-BUYING_DEPARTMENT	OrganizationRoleType-BUYING_DEPARTMENT	individual/other
https://ref.gs1.org/voc/OrganizationRoleType-CARRIER	OrganizationRoleType-CARRIER	individual/other
https://ref.gs1.org/voc/OrganizationRoleType-CENTRAL_PAYMENT_SERVICE	OrganizationRoleType-CENTRAL_PAYMENT_SERVICE	individual/other
https://ref.gs1.org/voc/OrganizationRoleType-CHECKING_PARTY	OrganizationRoleType-CHECKING_PARTY	individual/other
https://ref.gs1.org/voc/OrganizationRoleType-CHECK_ORDER	OrganizationRoleType-CHECK_ORDER	individual/other
https://ref.gs1.org/voc/OrganizationRoleType-CLINICAL_TRIAL_SPONSOR	OrganizationRoleType-CLINICAL_TRIAL_SPONSOR	individual/other
https://ref.gs1.org/voc/OrganizationRoleType-COMPLIANCE_AUTHORITY_OR_AGENCY	OrganizationRoleType-COMPLIANCE_AUTHORITY_OR_AGENCY	individual/other
https://ref.gs1.org/voc/OrganizationRoleType-CONFORMITY_ASSESSMENT_BODY	OrganizationRoleType-CONFORMITY_ASSESSMENT_BODY	individual/other
https://ref.gs1.org/voc/OrganizationRoleType-CONSIGNEE	OrganizationRoleType-CONSIGNEE	individual/other
https://ref.gs1.org/voc/OrganizationRoleType-CONSIGNOR	OrganizationRoleType-CONSIGNOR	individual/other
https://ref.gs1.org/voc/OrganizationRoleType-CONSOLIDATOR	OrganizationRoleType-CONSOLIDATOR	individual/other
https://ref.gs1.org/voc/OrganizationRoleType-CONSUMER	OrganizationRoleType-CONSUMER	individual/other
https://ref.gs1.org/voc/OrganizationRoleType-CORPORATE_IDENTITY	OrganizationRoleType-CORPORATE_IDENTITY	individual/other
https://ref.gs1.org/voc/OrganizationRoleType-COUNTRY_ORGANIZATION	OrganizationRoleType-COUNTRY_ORGANIZATION	individual/other
https://ref.gs1.org/voc/OrganizationRoleType-CUSTOMS	OrganizationRoleType-CUSTOMS	individual/other
https://ref.gs1.org/voc/OrganizationRoleType-CUSTOMS_AUTHORITY	OrganizationRoleType-CUSTOMS_AUTHORITY	individual/other
https://ref.gs1.org/voc/OrganizationRoleType-CUSTOMS_BROKER	OrganizationRoleType-CUSTOMS_BROKER	individual/other
https://ref.gs1.org/voc/OrganizationRoleType-CUTTER	OrganizationRoleType-CUTTER	individual/other
https://ref.gs1.org/voc/OrganizationRoleType-DATA_CONSUMER	OrganizationRoleType-DATA_CONSUMER	individual/other
https://ref.gs1.org/voc/OrganizationRoleType-DATA_PROVIDER	OrganizationRoleType-DATA_PROVIDER	individual/other
https://ref.gs1.org/voc/OrganizationRoleType-DECLARANTS_AGENT_REPRESENTATIVE	OrganizationRoleType-DECLARANTS_AGENT_REPRESENTATIVE	individual/other
https://ref.gs1.org/voc/OrganizationRoleType-DELIVERY_PARTY	OrganizationRoleType-DELIVERY_PARTY	individual/other
https://ref.gs1.org/voc/OrganizationRoleType-DELIVERY_RECIPIENT_PARTY	OrganizationRoleType-DELIVERY_RECIPIENT_PARTY	individual/other
https://ref.gs1.org/voc/OrganizationRoleType-DESIGNER	OrganizationRoleType-DESIGNER	individual/other
https://ref.gs1.org/voc/OrganizationRoleType-DESPATCH_PARTY	OrganizationRoleType-DESPATCH_PARTY	individual/other
https://ref.gs1.org/voc/OrganizationRoleType-DISPATCH_PARTY	OrganizationRoleType-DISPATCH_PARTY	individual/other
https://ref.gs1.org/voc/OrganizationRoleType-DISTRIBUTION_MANAGEMENT_ENTITY_PROVIDER	OrganizationRoleType-DISTRIBUTION_MANAGEMENT_ENTITY_PROVIDER	individual/other
https://ref.gs1.org/voc/OrganizationRoleType-DISTRIBUTOR	OrganizationRoleType-DISTRIBUTOR	individual/other
https://ref.gs1.org/voc/OrganizationRoleType-DOCK_DOOR	OrganizationRoleType-DOCK_DOOR	individual/other
https://ref.gs1.org/voc/OrganizationRoleType-EMERGENCY_DEPARTMENT	OrganizationRoleType-EMERGENCY_DEPARTMENT	individual/other
https://ref.gs1.org/voc/OrganizationRoleType-EMPTY_EQUIPMENT_DISPATCH_PARTY	OrganizationRoleType-EMPTY_EQUIPMENT_DISPATCH_PARTY	individual/other
https://ref.gs1.org/voc/OrganizationRoleType-EMPTY_EQUIPMENT_RETURN_PARTY	OrganizationRoleType-EMPTY_EQUIPMENT_RETURN_PARTY	individual/other
https://ref.gs1.org/voc/OrganizationRoleType-EQUIPMENT_OWNER	OrganizationRoleType-EQUIPMENT_OWNER	individual/other
https://ref.gs1.org/voc/OrganizationRoleType-EXPORTER	OrganizationRoleType-EXPORTER	individual/other
https://ref.gs1.org/voc/OrganizationRoleType-E_TAILER	OrganizationRoleType-E_TAILER	individual/other
https://ref.gs1.org/voc/OrganizationRoleType-FACILITIES_MAINTENANCE_DEPARTMENT	OrganizationRoleType-FACILITIES_MAINTENANCE_DEPARTMENT	individual/other
https://ref.gs1.org/voc/OrganizationRoleType-FACTOR	OrganizationRoleType-FACTOR	individual/other
https://ref.gs1.org/voc/OrganizationRoleType-FARM_OPERATOR	OrganizationRoleType-FARM_OPERATOR	individual/other
https://ref.gs1.org/voc/OrganizationRoleType-FATTENER	OrganizationRoleType-FATTENER	individual/other
https://ref.gs1.org/voc/OrganizationRoleType-FISHING_OPERATOR	OrganizationRoleType-FISHING_OPERATOR	individual/other
https://ref.gs1.org/voc/OrganizationRoleType-FOODSERVICE_DISTRIBUTOR	OrganizationRoleType-FOODSERVICE_DISTRIBUTOR	individual/other
https://ref.gs1.org/voc/OrganizationRoleType-FOODSERVICE_OPERATOR	OrganizationRoleType-FOODSERVICE_OPERATOR	individual/other
https://ref.gs1.org/voc/OrganizationRoleType-FREIGHT_FORWARDER	OrganizationRoleType-FREIGHT_FORWARDER	individual/other
https://ref.gs1.org/voc/OrganizationRoleType-GOODS_OWNER	OrganizationRoleType-GOODS_OWNER	individual/other
https://ref.gs1.org/voc/OrganizationRoleType-GOVERNMENT_AGENCY	OrganizationRoleType-GOVERNMENT_AGENCY	individual/other
https://ref.gs1.org/voc/OrganizationRoleType-GOVERNMENT_DEPARTMENT_OR_MINISTRY	OrganizationRoleType-GOVERNMENT_DEPARTMENT_OR_MINISTRY	individual/other
https://ref.gs1.org/voc/OrganizationRoleType-GROWER	OrganizationRoleType-GROWER	individual/other
https://ref.gs1.org/voc/OrganizationRoleType-HARVESTER	OrganizationRoleType-HARVESTER	individual/other
https://ref.gs1.org/voc/OrganizationRoleType-HEALTHCARE_PROVIDER	OrganizationRoleType-HEALTHCARE_PROVIDER	individual/other
https://ref.gs1.org/voc/OrganizationRoleType-HOSPITAL_ORGANIZATION	OrganizationRoleType-HOSPITAL_ORGANIZATION	individual/other
https://ref.gs1.org/voc/OrganizationRoleType-HOSPITAL_PHARMACY_OPERATOR	OrganizationRoleType-HOSPITAL_PHARMACY_OPERATOR	individual/other
https://ref.gs1.org/voc/OrganizationRoleType-IMPORTER	OrganizationRoleType-IMPORTER	individual/other
https://ref.gs1.org/voc/OrganizationRoleType-INFORMATION_PROVIDER	OrganizationRoleType-INFORMATION_PROVIDER	individual/other
https://ref.gs1.org/voc/OrganizationRoleType-INSURER	OrganizationRoleType-INSURER	individual/other
https://ref.gs1.org/voc/OrganizationRoleType-INTERMEDIARY_BANK	OrganizationRoleType-INTERMEDIARY_BANK	individual/other
https://ref.gs1.org/voc/OrganizationRoleType-INTERMEDIARY_BANK_1	OrganizationRoleType-INTERMEDIARY_BANK_1	individual/other
https://ref.gs1.org/voc/OrganizationRoleType-INTERMEDIARY_BANK_2	OrganizationRoleType-INTERMEDIARY_BANK_2	individual/other
https://ref.gs1.org/voc/OrganizationRoleType-INVENTORY_CONTROLLER	OrganizationRoleType-INVENTORY_CONTROLLER	individual/other
https://ref.gs1.org/voc/OrganizationRoleType-INVENTORY_REPORTING_PARTY	OrganizationRoleType-INVENTORY_REPORTING_PARTY	individual/other
https://ref.gs1.org/voc/OrganizationRoleType-INVOICEE	OrganizationRoleType-INVOICEE	individual/other
https://ref.gs1.org/voc/OrganizationRoleType-ISSUER_OF_INVOICE	OrganizationRoleType-ISSUER_OF_INVOICE	individual/other
https://ref.gs1.org/voc/OrganizationRoleType-LOGISTICS_SERVICE_PROVIDER	OrganizationRoleType-LOGISTICS_SERVICE_PROVIDER	individual/other
https://ref.gs1.org/voc/OrganizationRoleType-MANUFACTURER_OF_FINISHED_GOODS	OrganizationRoleType-MANUFACTURER_OF_FINISHED_GOODS	individual/other
https://ref.gs1.org/voc/OrganizationRoleType-MANUFACTURER_OF_GOODS	OrganizationRoleType-MANUFACTURER_OF_GOODS	individual/other
https://ref.gs1.org/voc/OrganizationRoleType-MANUFACTURER_OF_UNFINISHED_GOODS	OrganizationRoleType-MANUFACTURER_OF_UNFINISHED_GOODS	individual/other
https://ref.gs1.org/voc/OrganizationRoleType-MARKETING_DEPARTMENT	OrganizationRoleType-MARKETING_DEPARTMENT	individual/other
https://ref.gs1.org/voc/OrganizationRoleType-MARKETPLACE_OPERATOR	OrganizationRoleType-MARKETPLACE_OPERATOR	individual/other
https://ref.gs1.org/voc/OrganizationRoleType-MARK_FOR	OrganizationRoleType-MARK_FOR	individual/other
https://ref.gs1.org/voc/OrganizationRoleType-MENTAL_HEALTH_SERVICE	OrganizationRoleType-MENTAL_HEALTH_SERVICE	individual/other
https://ref.gs1.org/voc/OrganizationRoleType-MESSAGE_FROM	OrganizationRoleType-MESSAGE_FROM	individual/other
https://ref.gs1.org/voc/OrganizationRoleType-MESSAGE_RECIPIENT	OrganizationRoleType-MESSAGE_RECIPIENT	individual/other
https://ref.gs1.org/voc/OrganizationRoleType-MINCER	OrganizationRoleType-MINCER	individual/other
https://ref.gs1.org/voc/OrganizationRoleType-OPERATING_DIVISION	OrganizationRoleType-OPERATING_DIVISION	individual/other
https://ref.gs1.org/voc/OrganizationRoleType-OPERATOR	OrganizationRoleType-OPERATOR	individual/other
https://ref.gs1.org/voc/OrganizationRoleType-ORDERING_PARTY	OrganizationRoleType-ORDERING_PARTY	individual/other
https://ref.gs1.org/voc/OrganizationRoleType-OWNER_OF_EQUIPMENT	OrganizationRoleType-OWNER_OF_EQUIPMENT	individual/other
https://ref.gs1.org/voc/OrganizationRoleType-OWNER_OF_MEANS_OF_TRANSPORT	OrganizationRoleType-OWNER_OF_MEANS_OF_TRANSPORT	individual/other
https://ref.gs1.org/voc/OrganizationRoleType-PACKER	OrganizationRoleType-PACKER	individual/other
https://ref.gs1.org/voc/OrganizationRoleType-PARTY_DECLARING_THE_VALUE_ADDED_TAX	OrganizationRoleType-PARTY_DECLARING_THE_VALUE_ADDED_TAX	individual/other
https://ref.gs1.org/voc/OrganizationRoleType-PARTY_FOR_WHOM_ITEM_IS_ULTIMATELY_INTENDED	OrganizationRoleType-PARTY_FOR_WHOM_ITEM_IS_ULTIMATELY_INTENDED	individual/other
https://ref.gs1.org/voc/OrganizationRoleType-PARTY_RECEIVING_PRIVATE_DATA	OrganizationRoleType-PARTY_RECEIVING_PRIVATE_DATA	individual/other
https://ref.gs1.org/voc/OrganizationRoleType-PARTY_RECOVERING_THE_VALUE_ADDED_TAX	OrganizationRoleType-PARTY_RECOVERING_THE_VALUE_ADDED_TAX	individual/other
https://ref.gs1.org/voc/OrganizationRoleType-PARTY_TO_RECEIVE_ALL_DOCUMENTS	OrganizationRoleType-PARTY_TO_RECEIVE_ALL_DOCUMENTS	individual/other
https://ref.gs1.org/voc/OrganizationRoleType-PARTY_TO_RECEIVE_COMMERCIAL_INVOICE	OrganizationRoleType-PARTY_TO_RECEIVE_COMMERCIAL_INVOICE	individual/other
https://ref.gs1.org/voc/OrganizationRoleType-PARTY_TO_RECEIVE_ELECTRONIC_MEMO_OF_INVOICE	OrganizationRoleType-PARTY_TO_RECEIVE_ELECTRONIC_MEMO_OF_INVOICE	individual/other
https://ref.gs1.org/voc/OrganizationRoleType-PARTY_TO_RECEIVE_FREIGHT_BILL	OrganizationRoleType-PARTY_TO_RECEIVE_FREIGHT_BILL	individual/other
https://ref.gs1.org/voc/OrganizationRoleType-PARTY_TO_RECEIVE_REFUND	OrganizationRoleType-PARTY_TO_RECEIVE_REFUND	individual/other
https://ref.gs1.org/voc/OrganizationRoleType-PAYEE	OrganizationRoleType-PAYEE	individual/other
https://ref.gs1.org/voc/OrganizationRoleType-PAYER	OrganizationRoleType-PAYER	individual/other
https://ref.gs1.org/voc/OrganizationRoleType-PHARMACY_OPERATOR	OrganizationRoleType-PHARMACY_OPERATOR	individual/other
https://ref.gs1.org/voc/OrganizationRoleType-PORT_OPERATOR	OrganizationRoleType-PORT_OPERATOR	individual/other
https://ref.gs1.org/voc/OrganizationRoleType-PRICE_LOCATION_PARTY	OrganizationRoleType-PRICE_LOCATION_PARTY	individual/other
https://ref.gs1.org/voc/OrganizationRoleType-PROXY	OrganizationRoleType-PROXY	individual/other
https://ref.gs1.org/voc/OrganizationRoleType-PURCHASE_ORDER_RECEIVER	OrganizationRoleType-PURCHASE_ORDER_RECEIVER	individual/other
https://ref.gs1.org/voc/OrganizationRoleType-RECALL_RECIPIENT	OrganizationRoleType-RECALL_RECIPIENT	individual/other
https://ref.gs1.org/voc/OrganizationRoleType-RECALL_SPONSOR	OrganizationRoleType-RECALL_SPONSOR	individual/other
https://ref.gs1.org/voc/OrganizationRoleType-REGIONAL_ORGANIZATION	OrganizationRoleType-REGIONAL_ORGANIZATION	individual/other
https://ref.gs1.org/voc/OrganizationRoleType-REGISTERED_AGENT	OrganizationRoleType-REGISTERED_AGENT	individual/other
https://ref.gs1.org/voc/OrganizationRoleType-REMIT_TO	OrganizationRoleType-REMIT_TO	individual/other
https://ref.gs1.org/voc/OrganizationRoleType-REPACKER	OrganizationRoleType-REPACKER	individual/other
https://ref.gs1.org/voc/OrganizationRoleType-RETAILER	OrganizationRoleType-RETAILER	individual/other
https://ref.gs1.org/voc/OrganizationRoleType-RETAIL_PHARMACY_OPERATOR	OrganizationRoleType-RETAIL_PHARMACY_OPERATOR	individual/other
https://ref.gs1.org/voc/OrganizationRoleType-SALES_DEPARTMENT	OrganizationRoleType-SALES_DEPARTMENT	individual/other
https://ref.gs1.org/voc/OrganizationRoleType-SELLER	OrganizationRoleType-SELLER	individual/other
https://ref.gs1.org/voc/OrganizationRoleType-SERVICE_PROVIDER	OrganizationRoleType-SERVICE_PROVIDER	individual/other
https://ref.gs1.org/voc/OrganizationRoleType-SHIPPER	OrganizationRoleType-SHIPPER	individual/other
https://ref.gs1.org/voc/OrganizationRoleType-SHIP_FROM	OrganizationRoleType-SHIP_FROM	individual/other
https://ref.gs1.org/voc/OrganizationRoleType-SHIP_FROM_PARTY	OrganizationRoleType-SHIP_FROM_PARTY	individual/other
https://ref.gs1.org/voc/OrganizationRoleType-SHIP_TO	OrganizationRoleType-SHIP_TO	individual/other
https://ref.gs1.org/voc/OrganizationRoleType-SHIP_TO_PARTY	OrganizationRoleType-SHIP_TO_PARTY	individual/other
https://ref.gs1.org/voc/OrganizationRoleType-SLAUGHTERER	OrganizationRoleType-SLAUGHTERER	individual/other
https://ref.gs1.org/voc/OrganizationRoleType-STORAGE_AND_HANDLING	OrganizationRoleType-STORAGE_AND_HANDLING	individual/other
https://ref.gs1.org/voc/OrganizationRoleType-STORAGE_AND_HANDLING_PARTY	OrganizationRoleType-STORAGE_AND_HANDLING_PARTY	individual/other
https://ref.gs1.org/voc/OrganizationRoleType-SUBSTITUTE_SUPPLIER	OrganizationRoleType-SUBSTITUTE_SUPPLIER	individual/other
https://ref.gs1.org/voc/OrganizationRoleType-SUPPLIER	OrganizationRoleType-SUPPLIER	individual/other
https://ref.gs1.org/voc/OrganizationRoleType-SUPPLY_CHAIN	OrganizationRoleType-SUPPLY_CHAIN	individual/other
https://ref.gs1.org/voc/OrganizationRoleType-TECHNICAL_SUPPORT_DEPARTMENT	OrganizationRoleType-TECHNICAL_SUPPORT_DEPARTMENT	individual/other
https://ref.gs1.org/voc/OrganizationRoleType-TRADER	OrganizationRoleType-TRADER	individual/other
https://ref.gs1.org/voc/OrganizationRoleType-TRADER_FINANCIAL	OrganizationRoleType-TRADER_FINANCIAL	individual/other
https://ref.gs1.org/voc/OrganizationRoleType-TRADER_GOODS	OrganizationRoleType-TRADER_GOODS	individual/other
https://ref.gs1.org/voc/OrganizationRoleType-TRANSPORTATION_CARRIER	OrganizationRoleType-TRANSPORTATION_CARRIER	individual/other
https://ref.gs1.org/voc/OrganizationRoleType-WAREHOUSE_KEEPER	OrganizationRoleType-WAREHOUSE_KEEPER	individual/other
https://ref.gs1.org/voc/OrganizationRoleType-WHOLESALER	OrganizationRoleType-WHOLESALER	individual/other
https://ref.gs1.org/voc/OrganizationStatusHistory	OrganizationStatusHistory	class
https://ref.gs1.org/voc/PackagingDetails	PackagingDetails	class
https://ref.gs1.org/voc/PackagingFeatureCode-BASE	PackagingFeatureCode-BASE	individual/other
https://ref.gs1.org/voc/PackagingFeatureCode-BEAM	PackagingFeatureCode-BEAM	individual/other
https://ref.gs1.org/voc/PackagingFeatureCode-BUNG_SEAL	PackagingFeatureCode-BUNG_SEAL	individual/other
https://ref.gs1.org/voc/PackagingFeatureCode-CAP	PackagingFeatureCode-CAP	individual/other
https://ref.gs1.org/voc/PackagingFeatureCode-CARRIER	PackagingFeatureCode-CARRIER	individual/other
https://ref.gs1.org/voc/PackagingFeatureCode-CONSUMPTION_UTENSIL	PackagingFeatureCode-CONSUMPTION_UTENSIL	individual/other
https://ref.gs1.org/voc/PackagingFeatureCode-CORE	PackagingFeatureCode-CORE	individual/other
https://ref.gs1.org/voc/PackagingFeatureCode-CREEL	PackagingFeatureCode-CREEL	individual/other
https://ref.gs1.org/voc/PackagingFeatureCode-EDGE_PROTECTION	PackagingFeatureCode-EDGE_PROTECTION	individual/other
https://ref.gs1.org/voc/PackagingFeatureCode-HANDLE	PackagingFeatureCode-HANDLE	individual/other
https://ref.gs1.org/voc/PackagingFeatureCode-INNER_CONTAINER	PackagingFeatureCode-INNER_CONTAINER	individual/other
https://ref.gs1.org/voc/PackagingFeatureCode-INTERNAL_DIVIDER	PackagingFeatureCode-INTERNAL_DIVIDER	individual/other
https://ref.gs1.org/voc/PackagingFeatureCode-LABEL	PackagingFeatureCode-LABEL	individual/other
https://ref.gs1.org/voc/PackagingFeatureCode-LID	PackagingFeatureCode-LID	individual/other
https://ref.gs1.org/voc/PackagingFeatureCode-LINER	PackagingFeatureCode-LINER	individual/other
https://ref.gs1.org/voc/PackagingFeatureCode-LUG	PackagingFeatureCode-LUG	individual/other
https://ref.gs1.org/voc/PackagingFeatureCode-NESTING_EDGE	PackagingFeatureCode-NESTING_EDGE	individual/other
https://ref.gs1.org/voc/PackagingFeatureCode-PEG	PackagingFeatureCode-PEG	individual/other
https://ref.gs1.org/voc/PackagingFeatureCode-PULL_OFF_TAB	PackagingFeatureCode-PULL_OFF_TAB	individual/other
https://ref.gs1.org/voc/PackagingFeatureCode-RING_HOLDER	PackagingFeatureCode-RING_HOLDER	individual/other
https://ref.gs1.org/voc/PackagingFeatureCode-RIVET	PackagingFeatureCode-RIVET	individual/other
https://ref.gs1.org/voc/PackagingFeatureCode-SLEEVE	PackagingFeatureCode-SLEEVE	individual/other
https://ref.gs1.org/voc/PackagingFeatureCode-SPOUT	PackagingFeatureCode-SPOUT	individual/other
https://ref.gs1.org/voc/PackagingFeatureCode-TAG	PackagingFeatureCode-TAG	individual/other
https://ref.gs1.org/voc/PackagingFeatureCode-WICKER_OUTER_CONTAINER	PackagingFeatureCode-WICKER_OUTER_CONTAINER	individual/other
https://ref.gs1.org/voc/PackagingFeatureCode-WRAP	PackagingFeatureCode-WRAP	individual/other
https://ref.gs1.org/voc/PackagingFunctionCode-ANTISEPTIC	PackagingFunctionCode-ANTISEPTIC	individual/other
https://ref.gs1.org/voc/PackagingFunctionCode-ANTI_TAMPERING	PackagingFunctionCode-ANTI_TAMPERING	individual/other
https://ref.gs1.org/voc/PackagingFunctionCode-COATED	PackagingFunctionCode-COATED	individual/other
https://ref.gs1.org/voc/PackagingFunctionCode-COMPRESSED	PackagingFunctionCode-COMPRESSED	individual/other
https://ref.gs1.org/voc/PackagingFunctionCode-DISPENSER	PackagingFunctionCode-DISPENSER	individual/other
https://ref.gs1.org/voc/PackagingFunctionCode-GIFT_WRAPPED	PackagingFunctionCode-GIFT_WRAPPED	individual/other
https://ref.gs1.org/voc/PackagingFunctionCode-ISOTHERMIC	PackagingFunctionCode-ISOTHERMIC	individual/other
https://ref.gs1.org/voc/PackagingFunctionCode-MODIFIED_ATMOSPHERE	PackagingFunctionCode-MODIFIED_ATMOSPHERE	individual/other
https://ref.gs1.org/voc/PackagingFunctionCode-OXYGEN_INFUSED	PackagingFunctionCode-OXYGEN_INFUSED	individual/other
https://ref.gs1.org/voc/PackagingFunctionCode-PEEL_OFF	PackagingFunctionCode-PEEL_OFF	individual/other
https://ref.gs1.org/voc/PackagingFunctionCode-PINPACK	PackagingFunctionCode-PINPACK	individual/other
https://ref.gs1.org/voc/PackagingFunctionCode-PROTECTED	PackagingFunctionCode-PROTECTED	individual/other
https://ref.gs1.org/voc/PackagingFunctionCode-REINFORCED	PackagingFunctionCode-REINFORCED	individual/other
https://ref.gs1.org/voc/PackagingFunctionCode-SIFT_PROOF	PackagingFunctionCode-SIFT_PROOF	individual/other
https://ref.gs1.org/voc/PackagingFunctionCode-TAMPER_EVIDENT	PackagingFunctionCode-TAMPER_EVIDENT	individual/other
https://ref.gs1.org/voc/PackagingFunctionCode-WATER_RESISTANT	PackagingFunctionCode-WATER_RESISTANT	individual/other
https://ref.gs1.org/voc/PackagingMarkedDietAllergenCode	PackagingMarkedDietAllergenCode	individual/other
https://ref.gs1.org/voc/PackagingMarkedDietAllergenCode-APPROVED_BY_ASTHMA_AND_ALLERGY_ASSOC	PackagingMarkedDietAllergenCode-APPROVED_BY_ASTHMA_AND_ALLERGY_ASSOC	individual/other
https://ref.gs1.org/voc/PackagingMarkedDietAllergenCode-APPROVED_FOR_TUBE_FEEDING	PackagingMarkedDietAllergenCode-APPROVED_FOR_TUBE_FEEDING	individual/other
https://ref.gs1.org/voc/PackagingMarkedDietAllergenCode-BIOLOGICAL	PackagingMarkedDietAllergenCode-BIOLOGICAL	individual/other
https://ref.gs1.org/voc/PackagingMarkedDietAllergenCode-CALORIES_PER_PORTION	PackagingMarkedDietAllergenCode-CALORIES_PER_PORTION	individual/other
https://ref.gs1.org/voc/PackagingMarkedDietAllergenCode-CONTAINS_LATEX	PackagingMarkedDietAllergenCode-CONTAINS_LATEX	individual/other
https://ref.gs1.org/voc/PackagingMarkedDietAllergenCode-CONTAINS_PVC	PackagingMarkedDietAllergenCode-CONTAINS_PVC	individual/other
https://ref.gs1.org/voc/PackagingMarkedDietAllergenCode-CONTAINS_PVC_WITHOUT_PHTHALATES	PackagingMarkedDietAllergenCode-CONTAINS_PVC_WITHOUT_PHTHALATES	individual/other
https://ref.gs1.org/voc/PackagingMarkedDietAllergenCode-CONTAINS_PVC_WITH_PHTHALATES	PackagingMarkedDietAllergenCode-CONTAINS_PVC_WITH_PHTHALATES	individual/other
https://ref.gs1.org/voc/PackagingMarkedDietAllergenCode-DIET_PRODUCT_450_800_KCAL_PER_DAY	PackagingMarkedDietAllergenCode-DIET_PRODUCT_450_800_KCAL_PER_DAY	individual/other
https://ref.gs1.org/voc/PackagingMarkedDietAllergenCode-DIET_PRODUCT_800_1200_KCAL_PER_DAY	PackagingMarkedDietAllergenCode-DIET_PRODUCT_800_1200_KCAL_PER_DAY	individual/other
https://ref.gs1.org/voc/PackagingMarkedDietAllergenCode-GEZONDE_KEUZE_KLAVERTJE	PackagingMarkedDietAllergenCode-GEZONDE_KEUZE_KLAVERTJE	individual/other
https://ref.gs1.org/voc/PackagingMarkedDietAllergenCode-HALAL	PackagingMarkedDietAllergenCode-HALAL	individual/other
https://ref.gs1.org/voc/PackagingMarkedDietAllergenCode-IK_KIES_BEWUST	PackagingMarkedDietAllergenCode-IK_KIES_BEWUST	individual/other
https://ref.gs1.org/voc/PackagingMarkedDietAllergenCode-KOSHER	PackagingMarkedDietAllergenCode-KOSHER	individual/other
https://ref.gs1.org/voc/PackagingMarkedDietAllergenCode-LACTASE_ENZYME	PackagingMarkedDietAllergenCode-LACTASE_ENZYME	individual/other
https://ref.gs1.org/voc/PackagingMarkedDietAllergenCode-LOW_ON_PHENYLALANINE	PackagingMarkedDietAllergenCode-LOW_ON_PHENYLALANINE	individual/other
https://ref.gs1.org/voc/PackagingMarkedDietAllergenCode-LOW_ON_SUGAR	PackagingMarkedDietAllergenCode-LOW_ON_SUGAR	individual/other
https://ref.gs1.org/voc/PackagingMarkedDietAllergenCode-MOTHERS_MILK_SUBSTITUTE	PackagingMarkedDietAllergenCode-MOTHERS_MILK_SUBSTITUTE	individual/other
https://ref.gs1.org/voc/PackagingMarkedDietAllergenCode-NUTRITION_SUPPLEMENT	PackagingMarkedDietAllergenCode-NUTRITION_SUPPLEMENT	individual/other
https://ref.gs1.org/voc/PackagingMarkedDietAllergenCode-NYCKELHAL_MARK	PackagingMarkedDietAllergenCode-NYCKELHAL_MARK	individual/other
https://ref.gs1.org/voc/PackagingMarkedDietAllergenCode-VEGETARIAN	PackagingMarkedDietAllergenCode-VEGETARIAN	individual/other
https://ref.gs1.org/voc/PackagingMarkedFreeFromCode	PackagingMarkedFreeFromCode	individual/other
https://ref.gs1.org/voc/PackagingMarkedFreeFromCode-FREE_FROM_ARTIFICIAL_COLOURING	PackagingMarkedFreeFromCode-FREE_FROM_ARTIFICIAL_COLOURING	individual/other
https://ref.gs1.org/voc/PackagingMarkedFreeFromCode-FREE_FROM_ARTIFICIAL_FLAVOURING	PackagingMarkedFreeFromCode-FREE_FROM_ARTIFICIAL_FLAVOURING	individual/other
https://ref.gs1.org/voc/PackagingMarkedFreeFromCode-FREE_FROM_ARTIFICIAL_PRESERVATIVES	PackagingMarkedFreeFromCode-FREE_FROM_ARTIFICIAL_PRESERVATIVES	individual/other
https://ref.gs1.org/voc/PackagingMarkedFreeFromCode-FREE_FROM_CHOLESTEROL	PackagingMarkedFreeFromCode-FREE_FROM_CHOLESTEROL	individual/other
https://ref.gs1.org/voc/PackagingMarkedFreeFromCode-FREE_FROM_CLONED_FOOD	PackagingMarkedFreeFromCode-FREE_FROM_CLONED_FOOD	individual/other
https://ref.gs1.org/voc/PackagingMarkedFreeFromCode-FREE_FROM_DAIRY	PackagingMarkedFreeFromCode-FREE_FROM_DAIRY	individual/other
https://ref.gs1.org/voc/PackagingMarkedFreeFromCode-FREE_FROM_EGG	PackagingMarkedFreeFromCode-FREE_FROM_EGG	individual/other
https://ref.gs1.org/voc/PackagingMarkedFreeFromCode-FREE_FROM_FISH	PackagingMarkedFreeFromCode-FREE_FROM_FISH	individual/other
https://ref.gs1.org/voc/PackagingMarkedFreeFromCode-FREE_FROM_GLUTEN	PackagingMarkedFreeFromCode-FREE_FROM_GLUTEN	individual/other
https://ref.gs1.org/voc/PackagingMarkedFreeFromCode-FREE_FROM_LACTOSE	PackagingMarkedFreeFromCode-FREE_FROM_LACTOSE	individual/other
https://ref.gs1.org/voc/PackagingMarkedFreeFromCode-FREE_FROM_LATEX	PackagingMarkedFreeFromCode-FREE_FROM_LATEX	individual/other
https://ref.gs1.org/voc/PackagingMarkedFreeFromCode-FREE_FROM_LEGUME_PROTEIN	PackagingMarkedFreeFromCode-FREE_FROM_LEGUME_PROTEIN	individual/other
https://ref.gs1.org/voc/PackagingMarkedFreeFromCode-FREE_FROM_MILK	PackagingMarkedFreeFromCode-FREE_FROM_MILK	individual/other
https://ref.gs1.org/voc/PackagingMarkedFreeFromCode-FREE_FROM_MILK_PROTEIN	PackagingMarkedFreeFromCode-FREE_FROM_MILK_PROTEIN	individual/other
https://ref.gs1.org/voc/PackagingMarkedFreeFromCode-FREE_FROM_NATURAL_GLUTEN	PackagingMarkedFreeFromCode-FREE_FROM_NATURAL_GLUTEN	individual/other
https://ref.gs1.org/voc/PackagingMarkedFreeFromCode-FREE_FROM_PEANUTS	PackagingMarkedFreeFromCode-FREE_FROM_PEANUTS	individual/other
https://ref.gs1.org/voc/PackagingMarkedFreeFromCode-FREE_FROM_PROTEIN	PackagingMarkedFreeFromCode-FREE_FROM_PROTEIN	individual/other
https://ref.gs1.org/voc/PackagingMarkedFreeFromCode-FREE_FROM_PVC	PackagingMarkedFreeFromCode-FREE_FROM_PVC	individual/other
https://ref.gs1.org/voc/PackagingMarkedFreeFromCode-FREE_FROM_SOYA	PackagingMarkedFreeFromCode-FREE_FROM_SOYA	individual/other
https://ref.gs1.org/voc/PackagingMarkedFreeFromCode-FREE_FROM_SUGAR	PackagingMarkedFreeFromCode-FREE_FROM_SUGAR	individual/other
https://ref.gs1.org/voc/PackagingMarkedFreeFromCode-FREE_FROM_TRANSFAT	PackagingMarkedFreeFromCode-FREE_FROM_TRANSFAT	individual/other
https://ref.gs1.org/voc/PackagingMarkedFreeFromCode-REDUCED_LACTOSE	PackagingMarkedFreeFromCode-REDUCED_LACTOSE	individual/other
https://ref.gs1.org/voc/PackagingMarkedFreeFromCode-REDUCED_PROTEIN	PackagingMarkedFreeFromCode-REDUCED_PROTEIN	individual/other
https://ref.gs1.org/voc/PackagingMarkedFreeFromCode-REDUCED_TRANSFAT	PackagingMarkedFreeFromCode-REDUCED_TRANSFAT	individual/other
https://ref.gs1.org/voc/PackagingMarkedFreeFromCode-VERY_LOW_GLUTEN	PackagingMarkedFreeFromCode-VERY_LOW_GLUTEN	individual/other
https://ref.gs1.org/voc/PackagingMarkedFreeFromCode-WITHOUT_ADDED_SALT	PackagingMarkedFreeFromCode-WITHOUT_ADDED_SALT	individual/other
https://ref.gs1.org/voc/PackagingMarkedFreeFromCode-WITHOUT_ADDED_SUGAR	PackagingMarkedFreeFromCode-WITHOUT_ADDED_SUGAR	individual/other
https://ref.gs1.org/voc/PackagingMarkedFreeFromCode-WITHOUT_ADDED_SWEETENER	PackagingMarkedFreeFromCode-WITHOUT_ADDED_SWEETENER	individual/other
https://ref.gs1.org/voc/PackagingMarkedLabelAccreditationCode-AMA_ORGANIC_SEAL	PackagingMarkedLabelAccreditationCode-AMA_ORGANIC_SEAL	individual/other
https://ref.gs1.org/voc/PackagingMarkedLabelAccreditationCode-AUS_KAUP_ESTONIA	PackagingMarkedLabelAccreditationCode-AUS_KAUP_ESTONIA	individual/other
https://ref.gs1.org/voc/PackagingMarkedLabelAccreditationCode-BDIH_LOGO	PackagingMarkedLabelAccreditationCode-BDIH_LOGO	individual/other
https://ref.gs1.org/voc/PackagingMarkedLabelAccreditationCode-BETER_LEVEN_1_STER	PackagingMarkedLabelAccreditationCode-BETER_LEVEN_1_STER	individual/other
https://ref.gs1.org/voc/PackagingMarkedLabelAccreditationCode-BETER_LEVEN_2_STER	PackagingMarkedLabelAccreditationCode-BETER_LEVEN_2_STER	individual/other
https://ref.gs1.org/voc/PackagingMarkedLabelAccreditationCode-BETER_LEVEN_3_STER	PackagingMarkedLabelAccreditationCode-BETER_LEVEN_3_STER	individual/other
https://ref.gs1.org/voc/PackagingMarkedLabelAccreditationCode-BIO_AUSTRIA_LABEL	PackagingMarkedLabelAccreditationCode-BIO_AUSTRIA_LABEL	individual/other
https://ref.gs1.org/voc/PackagingMarkedLabelAccreditationCode-BIO_LABEL_GERMAN	PackagingMarkedLabelAccreditationCode-BIO_LABEL_GERMAN	individual/other
https://ref.gs1.org/voc/PackagingMarkedLabelAccreditationCode-BIO_SUISSE_BUD_SEAL	PackagingMarkedLabelAccreditationCode-BIO_SUISSE_BUD_SEAL	individual/other
https://ref.gs1.org/voc/PackagingMarkedLabelAccreditationCode-BLUE_ANGEL	PackagingMarkedLabelAccreditationCode-BLUE_ANGEL	individual/other
https://ref.gs1.org/voc/PackagingMarkedLabelAccreditationCode-BORD_BIA_APPROVED	PackagingMarkedLabelAccreditationCode-BORD_BIA_APPROVED	individual/other
https://ref.gs1.org/voc/PackagingMarkedLabelAccreditationCode-BORD_BIA_APPROVED_MEAT	PackagingMarkedLabelAccreditationCode-BORD_BIA_APPROVED_MEAT	individual/other
https://ref.gs1.org/voc/PackagingMarkedLabelAccreditationCode-BRA_MILJOVAL_LABEL_SWEDISH	PackagingMarkedLabelAccreditationCode-BRA_MILJOVAL_LABEL_SWEDISH	individual/other
https://ref.gs1.org/voc/PackagingMarkedLabelAccreditationCode-CROSSED_GRAIN_SYMBOL	PackagingMarkedLabelAccreditationCode-CROSSED_GRAIN_SYMBOL	individual/other
https://ref.gs1.org/voc/PackagingMarkedLabelAccreditationCode-DEMETER_LABEL	PackagingMarkedLabelAccreditationCode-DEMETER_LABEL	individual/other
https://ref.gs1.org/voc/PackagingMarkedLabelAccreditationCode-ECOCERT_CERTIFICATE	PackagingMarkedLabelAccreditationCode-ECOCERT_CERTIFICATE	individual/other
https://ref.gs1.org/voc/PackagingMarkedLabelAccreditationCode-ECO_LABEL_LADYBUG	PackagingMarkedLabelAccreditationCode-ECO_LABEL_LADYBUG	individual/other
https://ref.gs1.org/voc/PackagingMarkedLabelAccreditationCode-EC_NATIONAL_HEALTH_MARK	PackagingMarkedLabelAccreditationCode-EC_NATIONAL_HEALTH_MARK	individual/other
https://ref.gs1.org/voc/PackagingMarkedLabelAccreditationCode-EESTI_OKOMARK	PackagingMarkedLabelAccreditationCode-EESTI_OKOMARK	individual/other
https://ref.gs1.org/voc/PackagingMarkedLabelAccreditationCode-EESTI_PARIM_TOIDUAINE	PackagingMarkedLabelAccreditationCode-EESTI_PARIM_TOIDUAINE	individual/other
https://ref.gs1.org/voc/PackagingMarkedLabelAccreditationCode-EKO	PackagingMarkedLabelAccreditationCode-EKO	individual/other
https://ref.gs1.org/voc/PackagingMarkedLabelAccreditationCode-EU_ECO_LABEL	PackagingMarkedLabelAccreditationCode-EU_ECO_LABEL	individual/other
https://ref.gs1.org/voc/PackagingMarkedLabelAccreditationCode-EU_ORGANIC_FARMING	PackagingMarkedLabelAccreditationCode-EU_ORGANIC_FARMING	individual/other
https://ref.gs1.org/voc/PackagingMarkedLabelAccreditationCode-FAIR_TRADE_MARK	PackagingMarkedLabelAccreditationCode-FAIR_TRADE_MARK	individual/other
https://ref.gs1.org/voc/PackagingMarkedLabelAccreditationCode-FALKEN	PackagingMarkedLabelAccreditationCode-FALKEN	individual/other
https://ref.gs1.org/voc/PackagingMarkedLabelAccreditationCode-FINNISH_HEART_SYMBOL	PackagingMarkedLabelAccreditationCode-FINNISH_HEART_SYMBOL	individual/other
https://ref.gs1.org/voc/PackagingMarkedLabelAccreditationCode-FOREST_STEWARDSHIP_COUNCIL_LABEL	PackagingMarkedLabelAccreditationCode-FOREST_STEWARDSHIP_COUNCIL_LABEL	individual/other
https://ref.gs1.org/voc/PackagingMarkedLabelAccreditationCode-GMO_MARKED	PackagingMarkedLabelAccreditationCode-GMO_MARKED	individual/other
https://ref.gs1.org/voc/PackagingMarkedLabelAccreditationCode-GOODS_FROM_FINLAND_BLUE_SWAN	PackagingMarkedLabelAccreditationCode-GOODS_FROM_FINLAND_BLUE_SWAN	individual/other
https://ref.gs1.org/voc/PackagingMarkedLabelAccreditationCode-GREEN_DOT	PackagingMarkedLabelAccreditationCode-GREEN_DOT	individual/other
https://ref.gs1.org/voc/PackagingMarkedLabelAccreditationCode-GREEN_RESTAURANT_ASSOCIATION_ENDORSED	PackagingMarkedLabelAccreditationCode-GREEN_RESTAURANT_ASSOCIATION_ENDORSED	individual/other
https://ref.gs1.org/voc/PackagingMarkedLabelAccreditationCode-GREEN_SEAL_CERTIFIED	PackagingMarkedLabelAccreditationCode-GREEN_SEAL_CERTIFIED	individual/other
https://ref.gs1.org/voc/PackagingMarkedLabelAccreditationCode-GUARANTEED_IRISH	PackagingMarkedLabelAccreditationCode-GUARANTEED_IRISH	individual/other
https://ref.gs1.org/voc/PackagingMarkedLabelAccreditationCode-KRAV_MARK	PackagingMarkedLabelAccreditationCode-KRAV_MARK	individual/other
https://ref.gs1.org/voc/PackagingMarkedLabelAccreditationCode-LABEL_OF_THE_ALLERGY_AND_ASTHMA_FEDERATION	PackagingMarkedLabelAccreditationCode-LABEL_OF_THE_ALLERGY_AND_ASTHMA_FEDERATION	individual/other
https://ref.gs1.org/voc/PackagingMarkedLabelAccreditationCode-LEAPING_BUNNY	PackagingMarkedLabelAccreditationCode-LEAPING_BUNNY	individual/other
https://ref.gs1.org/voc/PackagingMarkedLabelAccreditationCode-LOODUSSOBRALIK_TOODE_ESTONIA	PackagingMarkedLabelAccreditationCode-LOODUSSOBRALIK_TOODE_ESTONIA	individual/other
https://ref.gs1.org/voc/PackagingMarkedLabelAccreditationCode-LOVE_IRISH_FOOD	PackagingMarkedLabelAccreditationCode-LOVE_IRISH_FOOD	individual/other
https://ref.gs1.org/voc/PackagingMarkedLabelAccreditationCode-MADE_IN_FINLAND_FLAG_WITH_KEY	PackagingMarkedLabelAccreditationCode-MADE_IN_FINLAND_FLAG_WITH_KEY	individual/other
https://ref.gs1.org/voc/PackagingMarkedLabelAccreditationCode-MARINE_STEWARDSHIP_COUNCIL_LABEL	PackagingMarkedLabelAccreditationCode-MARINE_STEWARDSHIP_COUNCIL_LABEL	individual/other
https://ref.gs1.org/voc/PackagingMarkedLabelAccreditationCode-MAX_HAVELAAR	PackagingMarkedLabelAccreditationCode-MAX_HAVELAAR	individual/other
https://ref.gs1.org/voc/PackagingMarkedLabelAccreditationCode-NATRUE_LABEL	PackagingMarkedLabelAccreditationCode-NATRUE_LABEL	individual/other
https://ref.gs1.org/voc/PackagingMarkedLabelAccreditationCode-NYCKELHALET	PackagingMarkedLabelAccreditationCode-NYCKELHALET	individual/other
https://ref.gs1.org/voc/PackagingMarkedLabelAccreditationCode-OEKO_TEX_LABEL	PackagingMarkedLabelAccreditationCode-OEKO_TEX_LABEL	individual/other
https://ref.gs1.org/voc/PackagingMarkedLabelAccreditationCode-OFFICIAL_ECO_LABEL_SUN	PackagingMarkedLabelAccreditationCode-OFFICIAL_ECO_LABEL_SUN	individual/other
https://ref.gs1.org/voc/PackagingMarkedLabelAccreditationCode-PEFC	PackagingMarkedLabelAccreditationCode-PEFC	individual/other
https://ref.gs1.org/voc/PackagingMarkedLabelAccreditationCode-PROTECTED_DESIGNATION_OF_ORIGIN	PackagingMarkedLabelAccreditationCode-PROTECTED_DESIGNATION_OF_ORIGIN	individual/other
https://ref.gs1.org/voc/PackagingMarkedLabelAccreditationCode-PROTECTED_GEOGRAPHICAL_INDICATION	PackagingMarkedLabelAccreditationCode-PROTECTED_GEOGRAPHICAL_INDICATION	individual/other
https://ref.gs1.org/voc/PackagingMarkedLabelAccreditationCode-PROTECTED_HARVEST_CERTIFIED	PackagingMarkedLabelAccreditationCode-PROTECTED_HARVEST_CERTIFIED	individual/other
https://ref.gs1.org/voc/PackagingMarkedLabelAccreditationCode-QUALITY_MARK_IRELAND	PackagingMarkedLabelAccreditationCode-QUALITY_MARK_IRELAND	individual/other
https://ref.gs1.org/voc/PackagingMarkedLabelAccreditationCode-RAINFOREST_ALLIANCE	PackagingMarkedLabelAccreditationCode-RAINFOREST_ALLIANCE	individual/other
https://ref.gs1.org/voc/PackagingMarkedLabelAccreditationCode-SCHARRELVLEES	PackagingMarkedLabelAccreditationCode-SCHARRELVLEES	individual/other
https://ref.gs1.org/voc/PackagingMarkedLabelAccreditationCode-SOIL_ASSOCIATION_ORGANIC_SYMBOL	PackagingMarkedLabelAccreditationCode-SOIL_ASSOCIATION_ORGANIC_SYMBOL	individual/other
https://ref.gs1.org/voc/PackagingMarkedLabelAccreditationCode-SUSTAINABLE_PALM_OIL_RSPO	PackagingMarkedLabelAccreditationCode-SUSTAINABLE_PALM_OIL_RSPO	individual/other
https://ref.gs1.org/voc/PackagingMarkedLabelAccreditationCode-SVANEN	PackagingMarkedLabelAccreditationCode-SVANEN	individual/other
https://ref.gs1.org/voc/PackagingMarkedLabelAccreditationCode-SWEDISH_SEAL_OF_QUALITY	PackagingMarkedLabelAccreditationCode-SWEDISH_SEAL_OF_QUALITY	individual/other
https://ref.gs1.org/voc/PackagingMarkedLabelAccreditationCode-TRADITIONAL_SPECIALTY_GUARANTEED	PackagingMarkedLabelAccreditationCode-TRADITIONAL_SPECIALTY_GUARANTEED	individual/other
https://ref.gs1.org/voc/PackagingMarkedLabelAccreditationCode-TUNNUSTATUD_EESTI_MAITSE	PackagingMarkedLabelAccreditationCode-TUNNUSTATUD_EESTI_MAITSE	individual/other
https://ref.gs1.org/voc/PackagingMarkedLabelAccreditationCode-TUNNUSTATUD_MAITSE	PackagingMarkedLabelAccreditationCode-TUNNUSTATUD_MAITSE	individual/other
https://ref.gs1.org/voc/PackagingMarkedLabelAccreditationCode-UNIQUELY_FINNISH	PackagingMarkedLabelAccreditationCode-UNIQUELY_FINNISH	individual/other
https://ref.gs1.org/voc/PackagingMarkedLabelAccreditationCode-USDA	PackagingMarkedLabelAccreditationCode-USDA	individual/other
https://ref.gs1.org/voc/PackagingMarkedLabelAccreditationCode-UTZ_CERTIFIED	PackagingMarkedLabelAccreditationCode-UTZ_CERTIFIED	individual/other
https://ref.gs1.org/voc/PackagingMarkedLabelAccreditationCode-VAELG_FULDKORN_FORST	PackagingMarkedLabelAccreditationCode-VAELG_FULDKORN_FORST	individual/other
https://ref.gs1.org/voc/PackagingMarkedLabelAccreditationCode-WWF_PANDA_LABEL	PackagingMarkedLabelAccreditationCode-WWF_PANDA_LABEL	individual/other
https://ref.gs1.org/voc/PackagingMaterialDetails	PackagingMaterialDetails	class
https://ref.gs1.org/voc/PackagingMaterialTypeCode-BAMBOO	PackagingMaterialTypeCode-BAMBOO	individual/other
https://ref.gs1.org/voc/PackagingMaterialTypeCode-CELLULOSE_HYDRATE	PackagingMaterialTypeCode-CELLULOSE_HYDRATE	individual/other
https://ref.gs1.org/voc/PackagingMaterialTypeCode-CERAMIC	PackagingMaterialTypeCode-CERAMIC	individual/other
https://ref.gs1.org/voc/PackagingMaterialTypeCode-CLOTH_OR_FABRIC	PackagingMaterialTypeCode-CLOTH_OR_FABRIC	individual/other
https://ref.gs1.org/voc/PackagingMaterialTypeCode-COMPOSITE	PackagingMaterialTypeCode-COMPOSITE	individual/other
https://ref.gs1.org/voc/PackagingMaterialTypeCode-CORK_NATURAL	PackagingMaterialTypeCode-CORK_NATURAL	individual/other
https://ref.gs1.org/voc/PackagingMaterialTypeCode-CORRUGATED_BOARD_DOUBLE_WALL	PackagingMaterialTypeCode-CORRUGATED_BOARD_DOUBLE_WALL	individual/other
https://ref.gs1.org/voc/PackagingMaterialTypeCode-CORRUGATED_BOARD_OTHER	PackagingMaterialTypeCode-CORRUGATED_BOARD_OTHER	individual/other
https://ref.gs1.org/voc/PackagingMaterialTypeCode-CORRUGATED_BOARD_SINGLE_WALL	PackagingMaterialTypeCode-CORRUGATED_BOARD_SINGLE_WALL	individual/other
https://ref.gs1.org/voc/PackagingMaterialTypeCode-CORRUGATED_BOARD_TRIPLE_WALL	PackagingMaterialTypeCode-CORRUGATED_BOARD_TRIPLE_WALL	individual/other
https://ref.gs1.org/voc/PackagingMaterialTypeCode-FIBRE_BURLAP	PackagingMaterialTypeCode-FIBRE_BURLAP	individual/other
https://ref.gs1.org/voc/PackagingMaterialTypeCode-FIBRE_COTTON	PackagingMaterialTypeCode-FIBRE_COTTON	individual/other
https://ref.gs1.org/voc/PackagingMaterialTypeCode-FIBRE_FLAX	PackagingMaterialTypeCode-FIBRE_FLAX	individual/other
https://ref.gs1.org/voc/PackagingMaterialTypeCode-FIBRE_HEMP	PackagingMaterialTypeCode-FIBRE_HEMP	individual/other
https://ref.gs1.org/voc/PackagingMaterialTypeCode-FIBRE_JUTE	PackagingMaterialTypeCode-FIBRE_JUTE	individual/other
https://ref.gs1.org/voc/PackagingMaterialTypeCode-FIBRE_OTHER	PackagingMaterialTypeCode-FIBRE_OTHER	individual/other
https://ref.gs1.org/voc/PackagingMaterialTypeCode-FOAM	PackagingMaterialTypeCode-FOAM	individual/other
https://ref.gs1.org/voc/PackagingMaterialTypeCode-GLASS	PackagingMaterialTypeCode-GLASS	individual/other
https://ref.gs1.org/voc/PackagingMaterialTypeCode-GLASS_BOROSILICATE	PackagingMaterialTypeCode-GLASS_BOROSILICATE	individual/other
https://ref.gs1.org/voc/PackagingMaterialTypeCode-GLASS_COLOURED	PackagingMaterialTypeCode-GLASS_COLOURED	individual/other
https://ref.gs1.org/voc/PackagingMaterialTypeCode-GLASS_CRYSTAL	PackagingMaterialTypeCode-GLASS_CRYSTAL	individual/other
https://ref.gs1.org/voc/PackagingMaterialTypeCode-LAMINATED_CARTON	PackagingMaterialTypeCode-LAMINATED_CARTON	individual/other
https://ref.gs1.org/voc/PackagingMaterialTypeCode-METAL_ALUMINUM	PackagingMaterialTypeCode-METAL_ALUMINUM	individual/other
https://ref.gs1.org/voc/PackagingMaterialTypeCode-METAL_BRASS	PackagingMaterialTypeCode-METAL_BRASS	individual/other
https://ref.gs1.org/voc/PackagingMaterialTypeCode-METAL_COMPOSITE	PackagingMaterialTypeCode-METAL_COMPOSITE	individual/other
https://ref.gs1.org/voc/PackagingMaterialTypeCode-METAL_IRON	PackagingMaterialTypeCode-METAL_IRON	individual/other
https://ref.gs1.org/voc/PackagingMaterialTypeCode-METAL_LEAD	PackagingMaterialTypeCode-METAL_LEAD	individual/other
https://ref.gs1.org/voc/PackagingMaterialTypeCode-METAL_OTHER	PackagingMaterialTypeCode-METAL_OTHER	individual/other
https://ref.gs1.org/voc/PackagingMaterialTypeCode-METAL_STAINLESS_STEEL	PackagingMaterialTypeCode-METAL_STAINLESS_STEEL	individual/other
https://ref.gs1.org/voc/PackagingMaterialTypeCode-METAL_STEEL	PackagingMaterialTypeCode-METAL_STEEL	individual/other
https://ref.gs1.org/voc/PackagingMaterialTypeCode-METAL_TIN	PackagingMaterialTypeCode-METAL_TIN	individual/other
https://ref.gs1.org/voc/PackagingMaterialTypeCode-METAL_ZAMAC	PackagingMaterialTypeCode-METAL_ZAMAC	individual/other
https://ref.gs1.org/voc/PackagingMaterialTypeCode-MINERAL_CALCIUM_CARBONATE	PackagingMaterialTypeCode-MINERAL_CALCIUM_CARBONATE	individual/other
https://ref.gs1.org/voc/PackagingMaterialTypeCode-MINERAL_OTHER	PackagingMaterialTypeCode-MINERAL_OTHER	individual/other
https://ref.gs1.org/voc/PackagingMaterialTypeCode-MINERAL_TALC	PackagingMaterialTypeCode-MINERAL_TALC	individual/other
https://ref.gs1.org/voc/PackagingMaterialTypeCode-NATURAL_RUBBER	PackagingMaterialTypeCode-NATURAL_RUBBER	individual/other
https://ref.gs1.org/voc/PackagingMaterialTypeCode-OTHER	PackagingMaterialTypeCode-OTHER	individual/other
https://ref.gs1.org/voc/PackagingMaterialTypeCode-PAPER_CORRUGATED	PackagingMaterialTypeCode-PAPER_CORRUGATED	individual/other
https://ref.gs1.org/voc/PackagingMaterialTypeCode-PAPER_KRAFT	PackagingMaterialTypeCode-PAPER_KRAFT	individual/other
https://ref.gs1.org/voc/PackagingMaterialTypeCode-PAPER_KRAFT_WET_STRENGTH	PackagingMaterialTypeCode-PAPER_KRAFT_WET_STRENGTH	individual/other
https://ref.gs1.org/voc/PackagingMaterialTypeCode-PAPER_MOLDED_PULP	PackagingMaterialTypeCode-PAPER_MOLDED_PULP	individual/other
https://ref.gs1.org/voc/PackagingMaterialTypeCode-PAPER_OTHER	PackagingMaterialTypeCode-PAPER_OTHER	individual/other
https://ref.gs1.org/voc/PackagingMaterialTypeCode-PAPER_PAPER	PackagingMaterialTypeCode-PAPER_PAPER	individual/other
https://ref.gs1.org/voc/PackagingMaterialTypeCode-PAPER_PAPERBOARD	PackagingMaterialTypeCode-PAPER_PAPERBOARD	individual/other
https://ref.gs1.org/voc/PackagingMaterialTypeCode-PAPER_RAYON	PackagingMaterialTypeCode-PAPER_RAYON	individual/other
https://ref.gs1.org/voc/PackagingMaterialTypeCode-PLANT_LEAVES	PackagingMaterialTypeCode-PLANT_LEAVES	individual/other
https://ref.gs1.org/voc/PackagingMaterialTypeCode-PLASTIC_BIOPLASTIC	PackagingMaterialTypeCode-PLASTIC_BIOPLASTIC	individual/other
https://ref.gs1.org/voc/PackagingMaterialTypeCode-PLASTIC_OTHER	PackagingMaterialTypeCode-PLASTIC_OTHER	individual/other
https://ref.gs1.org/voc/PackagingMaterialTypeCode-PLASTIC_THERMOPLASTICS	PackagingMaterialTypeCode-PLASTIC_THERMOPLASTICS	individual/other
https://ref.gs1.org/voc/PackagingMaterialTypeCode-POLYMER_APET	PackagingMaterialTypeCode-POLYMER_APET	individual/other
https://ref.gs1.org/voc/PackagingMaterialTypeCode-POLYMER_BOPP	PackagingMaterialTypeCode-POLYMER_BOPP	individual/other
https://ref.gs1.org/voc/PackagingMaterialTypeCode-POLYMER_CELLULOSE_ACETATE	PackagingMaterialTypeCode-POLYMER_CELLULOSE_ACETATE	individual/other
https://ref.gs1.org/voc/PackagingMaterialTypeCode-POLYMER_CPET	PackagingMaterialTypeCode-POLYMER_CPET	individual/other
https://ref.gs1.org/voc/PackagingMaterialTypeCode-POLYMER_EPE	PackagingMaterialTypeCode-POLYMER_EPE	individual/other
https://ref.gs1.org/voc/PackagingMaterialTypeCode-POLYMER_EPOXY	PackagingMaterialTypeCode-POLYMER_EPOXY	individual/other
https://ref.gs1.org/voc/PackagingMaterialTypeCode-POLYMER_EPS	PackagingMaterialTypeCode-POLYMER_EPS	individual/other
https://ref.gs1.org/voc/PackagingMaterialTypeCode-POLYMER_EVA	PackagingMaterialTypeCode-POLYMER_EVA	individual/other
https://ref.gs1.org/voc/PackagingMaterialTypeCode-POLYMER_EVOH	PackagingMaterialTypeCode-POLYMER_EVOH	individual/other
https://ref.gs1.org/voc/PackagingMaterialTypeCode-POLYMER_HDPE	PackagingMaterialTypeCode-POLYMER_HDPE	individual/other
https://ref.gs1.org/voc/PackagingMaterialTypeCode-POLYMER_IONOMER	PackagingMaterialTypeCode-POLYMER_IONOMER	individual/other
https://ref.gs1.org/voc/PackagingMaterialTypeCode-POLYMER_LDPE	PackagingMaterialTypeCode-POLYMER_LDPE	individual/other
https://ref.gs1.org/voc/PackagingMaterialTypeCode-POLYMER_LLDPE	PackagingMaterialTypeCode-POLYMER_LLDPE	individual/other
https://ref.gs1.org/voc/PackagingMaterialTypeCode-POLYMER_MDPE	PackagingMaterialTypeCode-POLYMER_MDPE	individual/other
https://ref.gs1.org/voc/PackagingMaterialTypeCode-POLYMER_MIX	PackagingMaterialTypeCode-POLYMER_MIX	individual/other
https://ref.gs1.org/voc/PackagingMaterialTypeCode-POLYMER_NYLON	PackagingMaterialTypeCode-POLYMER_NYLON	individual/other
https://ref.gs1.org/voc/PackagingMaterialTypeCode-POLYMER_OPP	PackagingMaterialTypeCode-POLYMER_OPP	individual/other
https://ref.gs1.org/voc/PackagingMaterialTypeCode-POLYMER_OTHER	PackagingMaterialTypeCode-POLYMER_OTHER	individual/other
https://ref.gs1.org/voc/PackagingMaterialTypeCode-POLYMER_PA	PackagingMaterialTypeCode-POLYMER_PA	individual/other
https://ref.gs1.org/voc/PackagingMaterialTypeCode-POLYMER_PAN	PackagingMaterialTypeCode-POLYMER_PAN	individual/other
https://ref.gs1.org/voc/PackagingMaterialTypeCode-POLYMER_PC	PackagingMaterialTypeCode-POLYMER_PC	individual/other
https://ref.gs1.org/voc/PackagingMaterialTypeCode-POLYMER_PCL	PackagingMaterialTypeCode-POLYMER_PCL	individual/other
https://ref.gs1.org/voc/PackagingMaterialTypeCode-POLYMER_PE	PackagingMaterialTypeCode-POLYMER_PE	individual/other
https://ref.gs1.org/voc/PackagingMaterialTypeCode-POLYMER_PEN	PackagingMaterialTypeCode-POLYMER_PEN	individual/other
https://ref.gs1.org/voc/PackagingMaterialTypeCode-POLYMER_PET	PackagingMaterialTypeCode-POLYMER_PET	individual/other
https://ref.gs1.org/voc/PackagingMaterialTypeCode-POLYMER_PETG	PackagingMaterialTypeCode-POLYMER_PETG	individual/other
https://ref.gs1.org/voc/PackagingMaterialTypeCode-POLYMER_PHA	PackagingMaterialTypeCode-POLYMER_PHA	individual/other
https://ref.gs1.org/voc/PackagingMaterialTypeCode-POLYMER_PLA	PackagingMaterialTypeCode-POLYMER_PLA	individual/other
https://ref.gs1.org/voc/PackagingMaterialTypeCode-POLYMER_PMMA	PackagingMaterialTypeCode-POLYMER_PMMA	individual/other
https://ref.gs1.org/voc/PackagingMaterialTypeCode-POLYMER_POM	PackagingMaterialTypeCode-POLYMER_POM	individual/other
https://ref.gs1.org/voc/PackagingMaterialTypeCode-POLYMER_PP	PackagingMaterialTypeCode-POLYMER_PP	individual/other
https://ref.gs1.org/voc/PackagingMaterialTypeCode-POLYMER_PS	PackagingMaterialTypeCode-POLYMER_PS	individual/other
https://ref.gs1.org/voc/PackagingMaterialTypeCode-POLYMER_PU	PackagingMaterialTypeCode-POLYMER_PU	individual/other
https://ref.gs1.org/voc/PackagingMaterialTypeCode-POLYMER_PVA	PackagingMaterialTypeCode-POLYMER_PVA	individual/other
https://ref.gs1.org/voc/PackagingMaterialTypeCode-POLYMER_PVC	PackagingMaterialTypeCode-POLYMER_PVC	individual/other
https://ref.gs1.org/voc/PackagingMaterialTypeCode-POLYMER_PVDC	PackagingMaterialTypeCode-POLYMER_PVDC	individual/other
https://ref.gs1.org/voc/PackagingMaterialTypeCode-POLYMER_SAN	PackagingMaterialTypeCode-POLYMER_SAN	individual/other
https://ref.gs1.org/voc/PackagingMaterialTypeCode-POLYMER_SILICONE	PackagingMaterialTypeCode-POLYMER_SILICONE	individual/other
https://ref.gs1.org/voc/PackagingMaterialTypeCode-POLYMER_TPS	PackagingMaterialTypeCode-POLYMER_TPS	individual/other
https://ref.gs1.org/voc/PackagingMaterialTypeCode-POLYMER_XPS	PackagingMaterialTypeCode-POLYMER_XPS	individual/other
https://ref.gs1.org/voc/PackagingMaterialTypeCode-RUBBER	PackagingMaterialTypeCode-RUBBER	individual/other
https://ref.gs1.org/voc/PackagingMaterialTypeCode-VINYL	PackagingMaterialTypeCode-VINYL	individual/other
https://ref.gs1.org/voc/PackagingMaterialTypeCode-WOOD_HARDBOARD	PackagingMaterialTypeCode-WOOD_HARDBOARD	individual/other
https://ref.gs1.org/voc/PackagingMaterialTypeCode-WOOD_HARDWOOD	PackagingMaterialTypeCode-WOOD_HARDWOOD	individual/other
https://ref.gs1.org/voc/PackagingMaterialTypeCode-WOOD_MEDIUM_DENSITY_FIBREBOARD	PackagingMaterialTypeCode-WOOD_MEDIUM_DENSITY_FIBREBOARD	individual/other
https://ref.gs1.org/voc/PackagingMaterialTypeCode-WOOD_ORIENTED_STRANDBOARD	PackagingMaterialTypeCode-WOOD_ORIENTED_STRANDBOARD	individual/other
https://ref.gs1.org/voc/PackagingMaterialTypeCode-WOOD_OTHER	PackagingMaterialTypeCode-WOOD_OTHER	individual/other
https://ref.gs1.org/voc/PackagingMaterialTypeCode-WOOD_PARTICLE_BOARD	PackagingMaterialTypeCode-WOOD_PARTICLE_BOARD	individual/other
https://ref.gs1.org/voc/PackagingMaterialTypeCode-WOOD_PLYWOOD	PackagingMaterialTypeCode-WOOD_PLYWOOD	individual/other
https://ref.gs1.org/voc/PackagingMaterialTypeCode-WOOD_SOFTWOOD	PackagingMaterialTypeCode-WOOD_SOFTWOOD	individual/other
https://ref.gs1.org/voc/PackagingRecyclingProcessTypeCode-COMPOSTABLE	PackagingRecyclingProcessTypeCode-COMPOSTABLE	individual/other
https://ref.gs1.org/voc/PackagingRecyclingProcessTypeCode-ENERGY_RECOVERABLE	PackagingRecyclingProcessTypeCode-ENERGY_RECOVERABLE	individual/other
https://ref.gs1.org/voc/PackagingRecyclingProcessTypeCode-RECYCLABLE	PackagingRecyclingProcessTypeCode-RECYCLABLE	individual/other
https://ref.gs1.org/voc/PackagingRecyclingProcessTypeCode-REUSABLE	PackagingRecyclingProcessTypeCode-REUSABLE	individual/other
https://ref.gs1.org/voc/PackagingRecyclingSchemeCode-ALKO	PackagingRecyclingSchemeCode-ALKO	individual/other
https://ref.gs1.org/voc/PackagingRecyclingSchemeCode-A_PULLO	PackagingRecyclingSchemeCode-A_PULLO	individual/other
https://ref.gs1.org/voc/PackagingRecyclingSchemeCode-EKO_PULLO	PackagingRecyclingSchemeCode-EKO_PULLO	individual/other
https://ref.gs1.org/voc/PackagingRecyclingSchemeCode-PALPA	PackagingRecyclingSchemeCode-PALPA	individual/other
https://ref.gs1.org/voc/PackagingShapeCode-BAR	PackagingShapeCode-BAR	individual/other
https://ref.gs1.org/voc/PackagingShapeCode-COIL	PackagingShapeCode-COIL	individual/other
https://ref.gs1.org/voc/PackagingShapeCode-CONE	PackagingShapeCode-CONE	individual/other
https://ref.gs1.org/voc/PackagingShapeCode-CYLINDRICAL	PackagingShapeCode-CYLINDRICAL	individual/other
https://ref.gs1.org/voc/PackagingShapeCode-POLYGON	PackagingShapeCode-POLYGON	individual/other
https://ref.gs1.org/voc/PackagingShapeCode-RECTANGULAR	PackagingShapeCode-RECTANGULAR	individual/other
https://ref.gs1.org/voc/PackagingShapeCode-SPHERICAL	PackagingShapeCode-SPHERICAL	individual/other
https://ref.gs1.org/voc/PackagingShapeCode-TABLET	PackagingShapeCode-TABLET	individual/other
https://ref.gs1.org/voc/PackagingShapeCode-UNSPECIFIED	PackagingShapeCode-UNSPECIFIED	individual/other
https://ref.gs1.org/voc/PaymentMethod-BANKERS_DRAFT	PaymentMethod-BANKERS_DRAFT	individual/other
https://ref.gs1.org/voc/PaymentMethod-BANK_CHEQUE	PaymentMethod-BANK_CHEQUE	individual/other
https://ref.gs1.org/voc/PaymentMethod-BANK_GIRO	PaymentMethod-BANK_GIRO	individual/other
https://ref.gs1.org/voc/PaymentMethod-BOOKENTRY_CREDIT	PaymentMethod-BOOKENTRY_CREDIT	individual/other
https://ref.gs1.org/voc/PaymentMethod-BOOKENTRY_DEBIT	PaymentMethod-BOOKENTRY_DEBIT	individual/other
https://ref.gs1.org/voc/PaymentMethod-BOP	PaymentMethod-BOP	individual/other
https://ref.gs1.org/voc/PaymentMethod-CASH	PaymentMethod-CASH	individual/other
https://ref.gs1.org/voc/PaymentMethod-CERTIFIED_CHEQUE	PaymentMethod-CERTIFIED_CHEQUE	individual/other
https://ref.gs1.org/voc/PaymentMethod-CHEQUE	PaymentMethod-CHEQUE	individual/other
https://ref.gs1.org/voc/PaymentMethod-CREDIT_CARD	PaymentMethod-CREDIT_CARD	individual/other
https://ref.gs1.org/voc/PaymentMethod-CREDIT_CARD_AMEX	PaymentMethod-CREDIT_CARD_AMEX	individual/other
https://ref.gs1.org/voc/PaymentMethod-CREDIT_CARD_DINERS_CLUB	PaymentMethod-CREDIT_CARD_DINERS_CLUB	individual/other
https://ref.gs1.org/voc/PaymentMethod-CREDIT_CARD_DISCOVER	PaymentMethod-CREDIT_CARD_DISCOVER	individual/other
https://ref.gs1.org/voc/PaymentMethod-CREDIT_CARD_MASTERCARD	PaymentMethod-CREDIT_CARD_MASTERCARD	individual/other
https://ref.gs1.org/voc/PaymentMethod-CREDIT_CARD_VISA	PaymentMethod-CREDIT_CARD_VISA	individual/other
https://ref.gs1.org/voc/PaymentMethod-DEBIT_CARD	PaymentMethod-DEBIT_CARD	individual/other
https://ref.gs1.org/voc/PaymentMethod-DEBIT_CARD_MAESTRO	PaymentMethod-DEBIT_CARD_MAESTRO	individual/other
https://ref.gs1.org/voc/PaymentMethod-DEBIT_CARD_MASTERCARD	PaymentMethod-DEBIT_CARD_MASTERCARD	individual/other
https://ref.gs1.org/voc/PaymentMethod-DEBIT_CARD_VISA	PaymentMethod-DEBIT_CARD_VISA	individual/other
https://ref.gs1.org/voc/PaymentMethod-DEBIT_CARD_VISA_ELECTRON	PaymentMethod-DEBIT_CARD_VISA_ELECTRON	individual/other
https://ref.gs1.org/voc/PaymentMethod-ELECTRONIC_CREDIT_ACH	PaymentMethod-ELECTRONIC_CREDIT_ACH	individual/other
https://ref.gs1.org/voc/PaymentMethod-ELECTRONIC_DEBIT_ACH	PaymentMethod-ELECTRONIC_DEBIT_ACH	individual/other
https://ref.gs1.org/voc/PaymentMethod-FED_WIRE_NON_REPETITIVE	PaymentMethod-FED_WIRE_NON_REPETITIVE	individual/other
https://ref.gs1.org/voc/PaymentMethod-FED_WIRE_REPETITIVE	PaymentMethod-FED_WIRE_REPETITIVE	individual/other
https://ref.gs1.org/voc/PaymentMethod-INTERNATIONAL_WIRE	PaymentMethod-INTERNATIONAL_WIRE	individual/other
https://ref.gs1.org/voc/PaymentMethod-LETTER_OF_CREDIT	PaymentMethod-LETTER_OF_CREDIT	individual/other
https://ref.gs1.org/voc/PaymentMethod-ONLINE_PAYMENT	PaymentMethod-ONLINE_PAYMENT	individual/other
https://ref.gs1.org/voc/PaymentMethod-ONLINE_PAYMENT_APPLE_PAY	PaymentMethod-ONLINE_PAYMENT_APPLE_PAY	individual/other
https://ref.gs1.org/voc/PaymentMethod-ONLINE_PAYMENT_GOOGLE_WALLET	PaymentMethod-ONLINE_PAYMENT_GOOGLE_WALLET	individual/other
https://ref.gs1.org/voc/PaymentMethod-ONLINE_PAYMENT_PAYPAL	PaymentMethod-ONLINE_PAYMENT_PAYPAL	individual/other
https://ref.gs1.org/voc/PaymentMethod-POSTGIRO	PaymentMethod-POSTGIRO	individual/other
https://ref.gs1.org/voc/PaymentMethod-WIRE_TRANSFER_CREDIT	PaymentMethod-WIRE_TRANSFER_CREDIT	individual/other
https://ref.gs1.org/voc/PaymentMethod-WIRE_TRANSFER_DEBIT	PaymentMethod-WIRE_TRANSFER_DEBIT	individual/other
https://ref.gs1.org/voc/Place	Place	class
https://ref.gs1.org/voc/PostalAddress	PostalAddress	class
https://ref.gs1.org/voc/PreparationTypeCode-AS_DRAINED	PreparationTypeCode-AS_DRAINED	individual/other
https://ref.gs1.org/voc/PreparationTypeCode-BAKE	PreparationTypeCode-BAKE	individual/other
https://ref.gs1.org/voc/PreparationTypeCode-BARBECUE	PreparationTypeCode-BARBECUE	individual/other
https://ref.gs1.org/voc/PreparationTypeCode-BLANCH	PreparationTypeCode-BLANCH	individual/other
https://ref.gs1.org/voc/PreparationTypeCode-BLIND_BAKE	PreparationTypeCode-BLIND_BAKE	individual/other
https://ref.gs1.org/voc/PreparationTypeCode-BOIL	PreparationTypeCode-BOIL	individual/other
https://ref.gs1.org/voc/PreparationTypeCode-BRAISE	PreparationTypeCode-BRAISE	individual/other
https://ref.gs1.org/voc/PreparationTypeCode-BROIL	PreparationTypeCode-BROIL	individual/other
https://ref.gs1.org/voc/PreparationTypeCode-DEEP_FRY	PreparationTypeCode-DEEP_FRY	individual/other
https://ref.gs1.org/voc/PreparationTypeCode-DOUBLE_STEAM	PreparationTypeCode-DOUBLE_STEAM	individual/other
https://ref.gs1.org/voc/PreparationTypeCode-FREEZE	PreparationTypeCode-FREEZE	individual/other
https://ref.gs1.org/voc/PreparationTypeCode-FRY	PreparationTypeCode-FRY	individual/other
https://ref.gs1.org/voc/PreparationTypeCode-GRIDDLE_FRY	PreparationTypeCode-GRIDDLE_FRY	individual/other
https://ref.gs1.org/voc/PreparationTypeCode-GRILL	PreparationTypeCode-GRILL	individual/other
https://ref.gs1.org/voc/PreparationTypeCode-HEAT_AND_SERVE	PreparationTypeCode-HEAT_AND_SERVE	individual/other
https://ref.gs1.org/voc/PreparationTypeCode-MICROWAVE	PreparationTypeCode-MICROWAVE	individual/other
https://ref.gs1.org/voc/PreparationTypeCode-PAN_FRY	PreparationTypeCode-PAN_FRY	individual/other
https://ref.gs1.org/voc/PreparationTypeCode-POACH	PreparationTypeCode-POACH	individual/other
https://ref.gs1.org/voc/PreparationTypeCode-PREPARED	PreparationTypeCode-PREPARED	individual/other
https://ref.gs1.org/voc/PreparationTypeCode-PRESSURE_COOK	PreparationTypeCode-PRESSURE_COOK	individual/other
https://ref.gs1.org/voc/PreparationTypeCode-PRESSURE_FRY	PreparationTypeCode-PRESSURE_FRY	individual/other
https://ref.gs1.org/voc/PreparationTypeCode-READY_TO_DRINK	PreparationTypeCode-READY_TO_DRINK	individual/other
https://ref.gs1.org/voc/PreparationTypeCode-READY_TO_EAT	PreparationTypeCode-READY_TO_EAT	individual/other
https://ref.gs1.org/voc/PreparationTypeCode-RECONSTITUTE	PreparationTypeCode-RECONSTITUTE	individual/other
https://ref.gs1.org/voc/PreparationTypeCode-REFRIGERATE	PreparationTypeCode-REFRIGERATE	individual/other
https://ref.gs1.org/voc/PreparationTypeCode-ROAST	PreparationTypeCode-ROAST	individual/other
https://ref.gs1.org/voc/PreparationTypeCode-ROTISSERIE	PreparationTypeCode-ROTISSERIE	individual/other
https://ref.gs1.org/voc/PreparationTypeCode-SAUTE	PreparationTypeCode-SAUTE	individual/other
https://ref.gs1.org/voc/PreparationTypeCode-SEAR	PreparationTypeCode-SEAR	individual/other
https://ref.gs1.org/voc/PreparationTypeCode-SIMMER	PreparationTypeCode-SIMMER	individual/other
https://ref.gs1.org/voc/PreparationTypeCode-SMOKE	PreparationTypeCode-SMOKE	individual/other
https://ref.gs1.org/voc/PreparationTypeCode-STEAM	PreparationTypeCode-STEAM	individual/other
https://ref.gs1.org/voc/PreparationTypeCode-STEW	PreparationTypeCode-STEW	individual/other
https://ref.gs1.org/voc/PreparationTypeCode-STIR_FRY	PreparationTypeCode-STIR_FRY	individual/other
https://ref.gs1.org/voc/PreparationTypeCode-THAW	PreparationTypeCode-THAW	individual/other
https://ref.gs1.org/voc/PreparationTypeCode-UNPREPARED	PreparationTypeCode-UNPREPARED	individual/other
https://ref.gs1.org/voc/PreparationTypeCode-UNSPECIFIED	PreparationTypeCode-UNSPECIFIED	individual/other
https://ref.gs1.org/voc/PreservationTechniqueCode-ACIDIFICATION	PreservationTechniqueCode-ACIDIFICATION	individual/other
https://ref.gs1.org/voc/PreservationTechniqueCode-ALCOHOL_CURING	PreservationTechniqueCode-ALCOHOL_CURING	individual/other
https://ref.gs1.org/voc/PreservationTechniqueCode-ATTESTED_MILK	PreservationTechniqueCode-ATTESTED_MILK	individual/other
https://ref.gs1.org/voc/PreservationTechniqueCode-BOILING	PreservationTechniqueCode-BOILING	individual/other
https://ref.gs1.org/voc/PreservationTechniqueCode-BRINING	PreservationTechniqueCode-BRINING	individual/other
https://ref.gs1.org/voc/PreservationTechniqueCode-CANNING	PreservationTechniqueCode-CANNING	individual/other
https://ref.gs1.org/voc/PreservationTechniqueCode-COLD_SMOKE_CURING	PreservationTechniqueCode-COLD_SMOKE_CURING	individual/other
https://ref.gs1.org/voc/PreservationTechniqueCode-CONSERVE	PreservationTechniqueCode-CONSERVE	individual/other
https://ref.gs1.org/voc/PreservationTechniqueCode-DEHYDRATION	PreservationTechniqueCode-DEHYDRATION	individual/other
https://ref.gs1.org/voc/PreservationTechniqueCode-DRYING	PreservationTechniqueCode-DRYING	individual/other
https://ref.gs1.org/voc/PreservationTechniqueCode-FERMENTATION	PreservationTechniqueCode-FERMENTATION	individual/other
https://ref.gs1.org/voc/PreservationTechniqueCode-FREEZE_DRYING	PreservationTechniqueCode-FREEZE_DRYING	individual/other
https://ref.gs1.org/voc/PreservationTechniqueCode-FREEZING	PreservationTechniqueCode-FREEZING	individual/other
https://ref.gs1.org/voc/PreservationTechniqueCode-HIGH_TEMPERATURE_TREATED_MILK	PreservationTechniqueCode-HIGH_TEMPERATURE_TREATED_MILK	individual/other
https://ref.gs1.org/voc/PreservationTechniqueCode-HOT_SMOKE_CURING	PreservationTechniqueCode-HOT_SMOKE_CURING	individual/other
https://ref.gs1.org/voc/PreservationTechniqueCode-IONISATION	PreservationTechniqueCode-IONISATION	individual/other
https://ref.gs1.org/voc/PreservationTechniqueCode-IRRADIATION	PreservationTechniqueCode-IRRADIATION	individual/other
https://ref.gs1.org/voc/PreservationTechniqueCode-PASTEURISATION	PreservationTechniqueCode-PASTEURISATION	individual/other
https://ref.gs1.org/voc/PreservationTechniqueCode-QUICK_FREEZING	PreservationTechniqueCode-QUICK_FREEZING	individual/other
https://ref.gs1.org/voc/PreservationTechniqueCode-SALT_CURING	PreservationTechniqueCode-SALT_CURING	individual/other
https://ref.gs1.org/voc/PreservationTechniqueCode-SOUS_VIDE	PreservationTechniqueCode-SOUS_VIDE	individual/other
https://ref.gs1.org/voc/PreservationTechniqueCode-STERILISATION	PreservationTechniqueCode-STERILISATION	individual/other
https://ref.gs1.org/voc/PreservationTechniqueCode-SUGAR_CURING	PreservationTechniqueCode-SUGAR_CURING	individual/other
https://ref.gs1.org/voc/PreservationTechniqueCode-ULTRA_HIGH_TEMPERATURE	PreservationTechniqueCode-ULTRA_HIGH_TEMPERATURE	individual/other
https://ref.gs1.org/voc/PreservationTechniqueCode-UNDER_MODIFIED_ATMOSPHERE	PreservationTechniqueCode-UNDER_MODIFIED_ATMOSPHERE	individual/other
https://ref.gs1.org/voc/PreservationTechniqueCode-VACUUM_PACKED	PreservationTechniqueCode-VACUUM_PACKED	individual/other
https://ref.gs1.org/voc/PriceSpecification	PriceSpecification	class
https://ref.gs1.org/voc/Product	Product	class
https://ref.gs1.org/voc/ProductYieldDetails	ProductYieldDetails	class
https://ref.gs1.org/voc/ProductYieldTypeCode-AFTER_COOKING	ProductYieldTypeCode-AFTER_COOKING	individual/other
https://ref.gs1.org/voc/ProductYieldTypeCode-AFTER_DILUTION	ProductYieldTypeCode-AFTER_DILUTION	individual/other
https://ref.gs1.org/voc/ProductYieldTypeCode-DRAINED_WEIGHT	ProductYieldTypeCode-DRAINED_WEIGHT	individual/other
https://ref.gs1.org/voc/ProductYieldTypeCode-UNSPECIFIED	ProductYieldTypeCode-UNSPECIFIED	individual/other
https://ref.gs1.org/voc/QuantitativeValue	QuantitativeValue	class
https://ref.gs1.org/voc/RadiantFlux	RadiantFlux	individual/other
https://ref.gs1.org/voc/RadiantIntensity	RadiantIntensity	individual/other
https://ref.gs1.org/voc/Radioactivity	Radioactivity	individual/other
https://ref.gs1.org/voc/ReferencedFileDetails	ReferencedFileDetails	class
https://ref.gs1.org/voc/ReferencedFileTypeCode-360_DEGREE_IMAGE	ReferencedFileTypeCode-360_DEGREE_IMAGE	individual/other
https://ref.gs1.org/voc/ReferencedFileTypeCode-AMBIENCE_MOOD_IMAGE	ReferencedFileTypeCode-AMBIENCE_MOOD_IMAGE	individual/other
https://ref.gs1.org/voc/ReferencedFileTypeCode-APPLICATION_IMAGE	ReferencedFileTypeCode-APPLICATION_IMAGE	individual/other
https://ref.gs1.org/voc/ReferencedFileTypeCode-ASSEMBLY_INSTRUCTIONS	ReferencedFileTypeCode-ASSEMBLY_INSTRUCTIONS	individual/other
https://ref.gs1.org/voc/ReferencedFileTypeCode-AUDIO	ReferencedFileTypeCode-AUDIO	individual/other
https://ref.gs1.org/voc/ReferencedFileTypeCode-AWARD_CERTIFICATE	ReferencedFileTypeCode-AWARD_CERTIFICATE	individual/other
https://ref.gs1.org/voc/ReferencedFileTypeCode-BARCODE	ReferencedFileTypeCode-BARCODE	individual/other
https://ref.gs1.org/voc/ReferencedFileTypeCode-CERTIFICATION	ReferencedFileTypeCode-CERTIFICATION	individual/other
https://ref.gs1.org/voc/ReferencedFileTypeCode-CHEMICAL_ASSESSMENT_SUMMARY	ReferencedFileTypeCode-CHEMICAL_ASSESSMENT_SUMMARY	individual/other
https://ref.gs1.org/voc/ReferencedFileTypeCode-CHEMICAL_SAFETY_REPORT	ReferencedFileTypeCode-CHEMICAL_SAFETY_REPORT	individual/other
https://ref.gs1.org/voc/ReferencedFileTypeCode-CHILD_NUTRITION_LABEL	ReferencedFileTypeCode-CHILD_NUTRITION_LABEL	individual/other
https://ref.gs1.org/voc/ReferencedFileTypeCode-CLEANING_DISINFECTION_STERILISATION_INSTRUCTIONS	ReferencedFileTypeCode-CLEANING_DISINFECTION_STERILISATION_INSTRUCTIONS	individual/other
https://ref.gs1.org/voc/ReferencedFileTypeCode-CLINICIAN_MEDICINE_INFORMATION	ReferencedFileTypeCode-CLINICIAN_MEDICINE_INFORMATION	individual/other
https://ref.gs1.org/voc/ReferencedFileTypeCode-CONSUMER_HANDLING_AND_STORAGE	ReferencedFileTypeCode-CONSUMER_HANDLING_AND_STORAGE	individual/other
https://ref.gs1.org/voc/ReferencedFileTypeCode-CONTENT_TEXTURE_IMAGE	ReferencedFileTypeCode-CONTENT_TEXTURE_IMAGE	individual/other
https://ref.gs1.org/voc/ReferencedFileTypeCode-CROSSSECTION_VIEW	ReferencedFileTypeCode-CROSSSECTION_VIEW	individual/other
https://ref.gs1.org/voc/ReferencedFileTypeCode-DECLARATION_OF_CONFORMITY	ReferencedFileTypeCode-DECLARATION_OF_CONFORMITY	individual/other
https://ref.gs1.org/voc/ReferencedFileTypeCode-DIET_CERTIFICATE	ReferencedFileTypeCode-DIET_CERTIFICATE	individual/other
https://ref.gs1.org/voc/ReferencedFileTypeCode-DISPOSAL_INSTRUCTIONS	ReferencedFileTypeCode-DISPOSAL_INSTRUCTIONS	individual/other
https://ref.gs1.org/voc/ReferencedFileTypeCode-DOCUMENT	ReferencedFileTypeCode-DOCUMENT	individual/other
https://ref.gs1.org/voc/ReferencedFileTypeCode-DOP_SHEET	ReferencedFileTypeCode-DOP_SHEET	individual/other
https://ref.gs1.org/voc/ReferencedFileTypeCode-DRUG_FACT_LABEL	ReferencedFileTypeCode-DRUG_FACT_LABEL	individual/other
https://ref.gs1.org/voc/ReferencedFileTypeCode-ECOLOGICAL_FACT_SHEET	ReferencedFileTypeCode-ECOLOGICAL_FACT_SHEET	individual/other
https://ref.gs1.org/voc/ReferencedFileTypeCode-ENERGY_LABEL	ReferencedFileTypeCode-ENERGY_LABEL	individual/other
https://ref.gs1.org/voc/ReferencedFileTypeCode-FOOD_CONTACT_CONFORMITY_CERTIFICATE	ReferencedFileTypeCode-FOOD_CONTACT_CONFORMITY_CERTIFICATE	individual/other
https://ref.gs1.org/voc/ReferencedFileTypeCode-GROUP_CHARACTERISTIC_SHEET	ReferencedFileTypeCode-GROUP_CHARACTERISTIC_SHEET	individual/other
https://ref.gs1.org/voc/ReferencedFileTypeCode-HAZARDOUS_SUBSTANCES_DATA	ReferencedFileTypeCode-HAZARDOUS_SUBSTANCES_DATA	individual/other
https://ref.gs1.org/voc/ReferencedFileTypeCode-IFU	ReferencedFileTypeCode-IFU	individual/other
https://ref.gs1.org/voc/ReferencedFileTypeCode-IFU_INCLUDING_CLEANING_DISINFECTION_STERILISATION_INSTRUCTIONS	ReferencedFileTypeCode-IFU_INCLUDING_CLEANING_DISINFECTION_STERILISATION_INSTRUCTIONS	individual/other
https://ref.gs1.org/voc/ReferencedFileTypeCode-INGREDIENTS_LABEL	ReferencedFileTypeCode-INGREDIENTS_LABEL	individual/other
https://ref.gs1.org/voc/ReferencedFileTypeCode-INTERNAL_VIEW	ReferencedFileTypeCode-INTERNAL_VIEW	individual/other
https://ref.gs1.org/voc/ReferencedFileTypeCode-LIGHTING_FACT_LABEL	ReferencedFileTypeCode-LIGHTING_FACT_LABEL	individual/other
https://ref.gs1.org/voc/ReferencedFileTypeCode-LOGO	ReferencedFileTypeCode-LOGO	individual/other
https://ref.gs1.org/voc/ReferencedFileTypeCode-MARKETING_INFORMATION	ReferencedFileTypeCode-MARKETING_INFORMATION	individual/other
https://ref.gs1.org/voc/ReferencedFileTypeCode-MATERIAL_SAMPLES	ReferencedFileTypeCode-MATERIAL_SAMPLES	individual/other
https://ref.gs1.org/voc/ReferencedFileTypeCode-MOBILE_DEVICE_IMAGE	ReferencedFileTypeCode-MOBILE_DEVICE_IMAGE	individual/other
https://ref.gs1.org/voc/ReferencedFileTypeCode-MOBILE_READY_HERO_IMAGE	ReferencedFileTypeCode-MOBILE_READY_HERO_IMAGE	individual/other
https://ref.gs1.org/voc/ReferencedFileTypeCode-MONTAGE_IMAGE	ReferencedFileTypeCode-MONTAGE_IMAGE	individual/other
https://ref.gs1.org/voc/ReferencedFileTypeCode-NUTRITION_FACT_LABEL	ReferencedFileTypeCode-NUTRITION_FACT_LABEL	individual/other
https://ref.gs1.org/voc/ReferencedFileTypeCode-NUTRITION_FACT_LABEL_WITH_INGREDIENTS	ReferencedFileTypeCode-NUTRITION_FACT_LABEL_WITH_INGREDIENTS	individual/other
https://ref.gs1.org/voc/ReferencedFileTypeCode-OPTIMISED_HERO_IMAGE	ReferencedFileTypeCode-OPTIMISED_HERO_IMAGE	individual/other
https://ref.gs1.org/voc/ReferencedFileTypeCode-OPTIMIZED_PACK_IMAGE	ReferencedFileTypeCode-OPTIMIZED_PACK_IMAGE	individual/other
https://ref.gs1.org/voc/ReferencedFileTypeCode-ORGANIC_CERTIFICATE	ReferencedFileTypeCode-ORGANIC_CERTIFICATE	individual/other
https://ref.gs1.org/voc/ReferencedFileTypeCode-OTHER_EXTERNAL_INFORMATION	ReferencedFileTypeCode-OTHER_EXTERNAL_INFORMATION	individual/other
https://ref.gs1.org/voc/ReferencedFileTypeCode-OUT_OF_PACKAGE_IMAGE	ReferencedFileTypeCode-OUT_OF_PACKAGE_IMAGE	individual/other
https://ref.gs1.org/voc/ReferencedFileTypeCode-PACKAGING_ARTWORK	ReferencedFileTypeCode-PACKAGING_ARTWORK	individual/other
https://ref.gs1.org/voc/ReferencedFileTypeCode-PATIENT_INFORMATION_LEAFLET	ReferencedFileTypeCode-PATIENT_INFORMATION_LEAFLET	individual/other
https://ref.gs1.org/voc/ReferencedFileTypeCode-PETFOOD_FEEDING_INSTRUCTIONS	ReferencedFileTypeCode-PETFOOD_FEEDING_INSTRUCTIONS	individual/other
https://ref.gs1.org/voc/ReferencedFileTypeCode-PLANOGRAM	ReferencedFileTypeCode-PLANOGRAM	individual/other
https://ref.gs1.org/voc/ReferencedFileTypeCode-PREPARATION_INSTRUCTIONS	ReferencedFileTypeCode-PREPARATION_INSTRUCTIONS	individual/other
https://ref.gs1.org/voc/ReferencedFileTypeCode-PRODUCT_FORMULATION_STATEMENT	ReferencedFileTypeCode-PRODUCT_FORMULATION_STATEMENT	individual/other
https://ref.gs1.org/voc/ReferencedFileTypeCode-PRODUCT_IMAGE	ReferencedFileTypeCode-PRODUCT_IMAGE	individual/other
https://ref.gs1.org/voc/ReferencedFileTypeCode-PRODUCT_IMAGE_FORMED	ReferencedFileTypeCode-PRODUCT_IMAGE_FORMED	individual/other
https://ref.gs1.org/voc/ReferencedFileTypeCode-PRODUCT_LABEL_IMAGE	ReferencedFileTypeCode-PRODUCT_LABEL_IMAGE	individual/other
https://ref.gs1.org/voc/ReferencedFileTypeCode-PRODUCT_WEBSITE	ReferencedFileTypeCode-PRODUCT_WEBSITE	individual/other
https://ref.gs1.org/voc/ReferencedFileTypeCode-QR_CODE	ReferencedFileTypeCode-QR_CODE	individual/other
https://ref.gs1.org/voc/ReferencedFileTypeCode-QUALITY_CONTROL_PLAN	ReferencedFileTypeCode-QUALITY_CONTROL_PLAN	individual/other
https://ref.gs1.org/voc/ReferencedFileTypeCode-RECIPE_WEBSITE	ReferencedFileTypeCode-RECIPE_WEBSITE	individual/other
https://ref.gs1.org/voc/ReferencedFileTypeCode-RECYCLABILITY_ASSESSMENT_CERTIFICATE	ReferencedFileTypeCode-RECYCLABILITY_ASSESSMENT_CERTIFICATE	individual/other
https://ref.gs1.org/voc/ReferencedFileTypeCode-REGULATORY_INSPECTION_AUDIT	ReferencedFileTypeCode-REGULATORY_INSPECTION_AUDIT	individual/other
https://ref.gs1.org/voc/ReferencedFileTypeCode-RISK_ANALYSIS_DOCUMENT	ReferencedFileTypeCode-RISK_ANALYSIS_DOCUMENT	individual/other
https://ref.gs1.org/voc/ReferencedFileTypeCode-SAFETY_DATA_SHEET	ReferencedFileTypeCode-SAFETY_DATA_SHEET	individual/other
https://ref.gs1.org/voc/ReferencedFileTypeCode-SAFETY_SUMMARY_SHEET	ReferencedFileTypeCode-SAFETY_SUMMARY_SHEET	individual/other
https://ref.gs1.org/voc/ReferencedFileTypeCode-SAMPLE_SHIPPING_ORDER	ReferencedFileTypeCode-SAMPLE_SHIPPING_ORDER	individual/other
https://ref.gs1.org/voc/ReferencedFileTypeCode-SIDEKICK_IMAGE	ReferencedFileTypeCode-SIDEKICK_IMAGE	individual/other
https://ref.gs1.org/voc/ReferencedFileTypeCode-SOCIAL_MEDIA_IMAGE	ReferencedFileTypeCode-SOCIAL_MEDIA_IMAGE	individual/other
https://ref.gs1.org/voc/ReferencedFileTypeCode-SUMMARY_OF_PRODUCT_CHARACTERISTICS	ReferencedFileTypeCode-SUMMARY_OF_PRODUCT_CHARACTERISTICS	individual/other
https://ref.gs1.org/voc/ReferencedFileTypeCode-SUPPLEMENT_FACT_LABEL	ReferencedFileTypeCode-SUPPLEMENT_FACT_LABEL	individual/other
https://ref.gs1.org/voc/ReferencedFileTypeCode-TECHNICAL_DATA_SHEET	ReferencedFileTypeCode-TECHNICAL_DATA_SHEET	individual/other
https://ref.gs1.org/voc/ReferencedFileTypeCode-TECHNICAL_DRAWING	ReferencedFileTypeCode-TECHNICAL_DRAWING	individual/other
https://ref.gs1.org/voc/ReferencedFileTypeCode-TESTING_METHODOLOGY_RESULTS	ReferencedFileTypeCode-TESTING_METHODOLOGY_RESULTS	individual/other
https://ref.gs1.org/voc/ReferencedFileTypeCode-TRADE_ITEM_DESCRIPTION	ReferencedFileTypeCode-TRADE_ITEM_DESCRIPTION	individual/other
https://ref.gs1.org/voc/ReferencedFileTypeCode-TRADE_ITEM_IMAGE_WITH_DIMENSIONS	ReferencedFileTypeCode-TRADE_ITEM_IMAGE_WITH_DIMENSIONS	individual/other
https://ref.gs1.org/voc/ReferencedFileTypeCode-VIDEO	ReferencedFileTypeCode-VIDEO	individual/other
https://ref.gs1.org/voc/ReferencedFileTypeCode-VISUAL_VERIFICATION_IMAGE	ReferencedFileTypeCode-VISUAL_VERIFICATION_IMAGE	individual/other
https://ref.gs1.org/voc/ReferencedFileTypeCode-WARRANTY_INFORMATION	ReferencedFileTypeCode-WARRANTY_INFORMATION	individual/other
https://ref.gs1.org/voc/ReferencedFileTypeCode-WEBSITE	ReferencedFileTypeCode-WEBSITE	individual/other
https://ref.gs1.org/voc/ReferencedFileTypeCode-ZOOM_VIEW	ReferencedFileTypeCode-ZOOM_VIEW	individual/other
https://ref.gs1.org/voc/RegulationTypeCode-AEROSOL_REVERSE_EPSILON	RegulationTypeCode-AEROSOL_REVERSE_EPSILON	individual/other
https://ref.gs1.org/voc/RegulationTypeCode-AGRICULTURE_PROTECTION_REGULATION	RegulationTypeCode-AGRICULTURE_PROTECTION_REGULATION	individual/other
https://ref.gs1.org/voc/RegulationTypeCode-ANIMAL_ID_HEALTH_MARK	RegulationTypeCode-ANIMAL_ID_HEALTH_MARK	individual/other
https://ref.gs1.org/voc/RegulationTypeCode-BATTERY_DIRECTIVE	RegulationTypeCode-BATTERY_DIRECTIVE	individual/other
https://ref.gs1.org/voc/RegulationTypeCode-BIOCIDE_REGULATION	RegulationTypeCode-BIOCIDE_REGULATION	individual/other
https://ref.gs1.org/voc/RegulationTypeCode-BPA_REGULATION	RegulationTypeCode-BPA_REGULATION	individual/other
https://ref.gs1.org/voc/RegulationTypeCode-BUY_AMERICAN_ACT	RegulationTypeCode-BUY_AMERICAN_ACT	individual/other
https://ref.gs1.org/voc/RegulationTypeCode-BUY_AMERICAN_PROVISION_USDA	RegulationTypeCode-BUY_AMERICAN_PROVISION_USDA	individual/other
https://ref.gs1.org/voc/RegulationTypeCode-CE	RegulationTypeCode-CE	individual/other
https://ref.gs1.org/voc/RegulationTypeCode-COMPLIANT_WITH_FAIR_LABOR_STANDARDS_ACT	RegulationTypeCode-COMPLIANT_WITH_FAIR_LABOR_STANDARDS_ACT	individual/other
https://ref.gs1.org/voc/RegulationTypeCode-COMPLIANT_WITH_FLAMMABILITY_ACT	RegulationTypeCode-COMPLIANT_WITH_FLAMMABILITY_ACT	individual/other
https://ref.gs1.org/voc/RegulationTypeCode-COMPLIANT_WITH_FUR_PRODUCT_LABELING_ACT	RegulationTypeCode-COMPLIANT_WITH_FUR_PRODUCT_LABELING_ACT	individual/other
https://ref.gs1.org/voc/RegulationTypeCode-COMPLIANT_WITH_STATE_ENVIRONMENT_REQUIREMENTS	RegulationTypeCode-COMPLIANT_WITH_STATE_ENVIRONMENT_REQUIREMENTS	individual/other
https://ref.gs1.org/voc/RegulationTypeCode-COMPLIANT_WITH_TEXTILE_FIBER_PRODUCT_IDENTIFICATION	RegulationTypeCode-COMPLIANT_WITH_TEXTILE_FIBER_PRODUCT_IDENTIFICATION	individual/other
https://ref.gs1.org/voc/RegulationTypeCode-COMPLIANT_WITH_WOOL_PRODUCTS_LABELING_ACT	RegulationTypeCode-COMPLIANT_WITH_WOOL_PRODUCTS_LABELING_ACT	individual/other
https://ref.gs1.org/voc/RegulationTypeCode-CONSUMER_PRODUCT_SAFETY	RegulationTypeCode-CONSUMER_PRODUCT_SAFETY	individual/other
https://ref.gs1.org/voc/RegulationTypeCode-CONTAINS_COMPOSITE_WOOD	RegulationTypeCode-CONTAINS_COMPOSITE_WOOD	individual/other
https://ref.gs1.org/voc/RegulationTypeCode-COSMETIC_INFORMATION_REGULATION	RegulationTypeCode-COSMETIC_INFORMATION_REGULATION	individual/other
https://ref.gs1.org/voc/RegulationTypeCode-DECLARATION_OF_PERFORMANCE_REQUIRED	RegulationTypeCode-DECLARATION_OF_PERFORMANCE_REQUIRED	individual/other
https://ref.gs1.org/voc/RegulationTypeCode-DEFORESTATION_REGULATION	RegulationTypeCode-DEFORESTATION_REGULATION	individual/other
https://ref.gs1.org/voc/RegulationTypeCode-DETERGENTS_SAFETY_REGULATION	RegulationTypeCode-DETERGENTS_SAFETY_REGULATION	individual/other
https://ref.gs1.org/voc/RegulationTypeCode-EFFICIENCY_OF_LAMPS_LUMINARIES	RegulationTypeCode-EFFICIENCY_OF_LAMPS_LUMINARIES	individual/other
https://ref.gs1.org/voc/RegulationTypeCode-EMC_DIRECTIVE	RegulationTypeCode-EMC_DIRECTIVE	individual/other
https://ref.gs1.org/voc/RegulationTypeCode-ENCLOSED_ATTACHED_INFORMATION	RegulationTypeCode-ENCLOSED_ATTACHED_INFORMATION	individual/other
https://ref.gs1.org/voc/RegulationTypeCode-ENERGY_GUIDE_LABEL_REQUIRED	RegulationTypeCode-ENERGY_GUIDE_LABEL_REQUIRED	individual/other
https://ref.gs1.org/voc/RegulationTypeCode-EU_REGULATION_FOR_FOODSTUFF	RegulationTypeCode-EU_REGULATION_FOR_FOODSTUFF	individual/other
https://ref.gs1.org/voc/RegulationTypeCode-EXPLOSIVES_PRECURSORS_REGISTRATION	RegulationTypeCode-EXPLOSIVES_PRECURSORS_REGISTRATION	individual/other
https://ref.gs1.org/voc/RegulationTypeCode-EXPLOSIVES_PRECURSORS_REPORTING	RegulationTypeCode-EXPLOSIVES_PRECURSORS_REPORTING	individual/other
https://ref.gs1.org/voc/RegulationTypeCode-E_MARK	RegulationTypeCode-E_MARK	individual/other
https://ref.gs1.org/voc/RegulationTypeCode-FEED_SAFETY_REGULATION	RegulationTypeCode-FEED_SAFETY_REGULATION	individual/other
https://ref.gs1.org/voc/RegulationTypeCode-FOOD_FOR_SPECIAL_PURPOSES	RegulationTypeCode-FOOD_FOR_SPECIAL_PURPOSES	individual/other
https://ref.gs1.org/voc/RegulationTypeCode-FOOD_INFORMATION_REGULATION	RegulationTypeCode-FOOD_INFORMATION_REGULATION	individual/other
https://ref.gs1.org/voc/RegulationTypeCode-FOOD_LABELLING_UNDER_2_YEARS_OF_AGE	RegulationTypeCode-FOOD_LABELLING_UNDER_2_YEARS_OF_AGE	individual/other
https://ref.gs1.org/voc/RegulationTypeCode-FOOD_LABELLING_UNDER_4_YEARS_OF_AGE	RegulationTypeCode-FOOD_LABELLING_UNDER_4_YEARS_OF_AGE	individual/other
https://ref.gs1.org/voc/RegulationTypeCode-FOOD_SUPPLEMENT_DIRECTIVE	RegulationTypeCode-FOOD_SUPPLEMENT_DIRECTIVE	individual/other
https://ref.gs1.org/voc/RegulationTypeCode-FREE_PHARMACEUTICAL_PRODUCTS_DIRECTIVE	RegulationTypeCode-FREE_PHARMACEUTICAL_PRODUCTS_DIRECTIVE	individual/other
https://ref.gs1.org/voc/RegulationTypeCode-FRENCH_SPARE_PARTS_REGULATION	RegulationTypeCode-FRENCH_SPARE_PARTS_REGULATION	individual/other
https://ref.gs1.org/voc/RegulationTypeCode-HAZARDS_CLASSIFICATION_LABELLING_REGULATION	RegulationTypeCode-HAZARDS_CLASSIFICATION_LABELLING_REGULATION	individual/other
https://ref.gs1.org/voc/RegulationTypeCode-HERBICIDE_REGULATION	RegulationTypeCode-HERBICIDE_REGULATION	individual/other
https://ref.gs1.org/voc/RegulationTypeCode-INFANT_FORMULA_LABELLING	RegulationTypeCode-INFANT_FORMULA_LABELLING	individual/other
https://ref.gs1.org/voc/RegulationTypeCode-INTENDED_TO_COME_INTO_CONTACT_WITH_FOOD	RegulationTypeCode-INTENDED_TO_COME_INTO_CONTACT_WITH_FOOD	individual/other
https://ref.gs1.org/voc/RegulationTypeCode-LVD_DIRECTIVE	RegulationTypeCode-LVD_DIRECTIVE	individual/other
https://ref.gs1.org/voc/RegulationTypeCode-MARKET_AUTHORISATION	RegulationTypeCode-MARKET_AUTHORISATION	individual/other
https://ref.gs1.org/voc/RegulationTypeCode-MEDICAL_DEVICE_SAFETY	RegulationTypeCode-MEDICAL_DEVICE_SAFETY	individual/other
https://ref.gs1.org/voc/RegulationTypeCode-MINIMUM_DURABILITY	RegulationTypeCode-MINIMUM_DURABILITY	individual/other
https://ref.gs1.org/voc/RegulationTypeCode-NANO_MATERIALS_PRESENCE	RegulationTypeCode-NANO_MATERIALS_PRESENCE	individual/other
https://ref.gs1.org/voc/RegulationTypeCode-NOT_APPLICABLE	RegulationTypeCode-NOT_APPLICABLE	individual/other
https://ref.gs1.org/voc/RegulationTypeCode-PACKAGING_SAFETY_DIRECTIVE	RegulationTypeCode-PACKAGING_SAFETY_DIRECTIVE	individual/other
https://ref.gs1.org/voc/RegulationTypeCode-PERIOD_SAFE_TO_USE_AFTER_OPENING	RegulationTypeCode-PERIOD_SAFE_TO_USE_AFTER_OPENING	individual/other
https://ref.gs1.org/voc/RegulationTypeCode-PESTICIDE_REGULATION	RegulationTypeCode-PESTICIDE_REGULATION	individual/other
https://ref.gs1.org/voc/RegulationTypeCode-PHARMACEUTICAL_PRODUCT_DIRECTIVE	RegulationTypeCode-PHARMACEUTICAL_PRODUCT_DIRECTIVE	individual/other
https://ref.gs1.org/voc/RegulationTypeCode-PLASTIC_DIRECTIVE	RegulationTypeCode-PLASTIC_DIRECTIVE	individual/other
https://ref.gs1.org/voc/RegulationTypeCode-PRODUCT_LABELING_REGULATION	RegulationTypeCode-PRODUCT_LABELING_REGULATION	individual/other
https://ref.gs1.org/voc/RegulationTypeCode-PRODUCT_OF_DAILY_USE_DIRECTIVE	RegulationTypeCode-PRODUCT_OF_DAILY_USE_DIRECTIVE	individual/other
https://ref.gs1.org/voc/RegulationTypeCode-PROP_65	RegulationTypeCode-PROP_65	individual/other
https://ref.gs1.org/voc/RegulationTypeCode-REGULATED_BY_AGENCY	RegulationTypeCode-REGULATED_BY_AGENCY	individual/other
https://ref.gs1.org/voc/RegulationTypeCode-RETURNING_OF_ELECTRONICAL_PRODUCT_DIRECTIVE	RegulationTypeCode-RETURNING_OF_ELECTRONICAL_PRODUCT_DIRECTIVE	individual/other
https://ref.gs1.org/voc/RegulationTypeCode-ROHS_DIRECTIVE	RegulationTypeCode-ROHS_DIRECTIVE	individual/other
https://ref.gs1.org/voc/RegulationTypeCode-SAFETY_DATA_SHEET_REQUIRED	RegulationTypeCode-SAFETY_DATA_SHEET_REQUIRED	individual/other
https://ref.gs1.org/voc/RegulationTypeCode-SCATTERED_POLLUTION_REGULATION	RegulationTypeCode-SCATTERED_POLLUTION_REGULATION	individual/other
https://ref.gs1.org/voc/RegulationTypeCode-SECURITY_OF_ELECTRONIC_PRODUCTS_DIRECTIVE	RegulationTypeCode-SECURITY_OF_ELECTRONIC_PRODUCTS_DIRECTIVE	individual/other
https://ref.gs1.org/voc/RegulationTypeCode-SMALL_PARTS	RegulationTypeCode-SMALL_PARTS	individual/other
https://ref.gs1.org/voc/RegulationTypeCode-TEXTILE_LABELLING_REGULATION	RegulationTypeCode-TEXTILE_LABELLING_REGULATION	individual/other
https://ref.gs1.org/voc/RegulationTypeCode-TOBACCO_DIRECTIVE	RegulationTypeCode-TOBACCO_DIRECTIVE	individual/other
https://ref.gs1.org/voc/RegulationTypeCode-TOY_SAFETY_DIRECTIVE	RegulationTypeCode-TOY_SAFETY_DIRECTIVE	individual/other
https://ref.gs1.org/voc/RegulationTypeCode-TRACEABILITY_REGULATION	RegulationTypeCode-TRACEABILITY_REGULATION	individual/other
https://ref.gs1.org/voc/RegulationTypeCode-TRADE_ITEM_CONSIDERED_UNPACKED	RegulationTypeCode-TRADE_ITEM_CONSIDERED_UNPACKED	individual/other
https://ref.gs1.org/voc/RegulationTypeCode-TRADE_ITEM_TESTED_DIRECTIVE	RegulationTypeCode-TRADE_ITEM_TESTED_DIRECTIVE	individual/other
https://ref.gs1.org/voc/RegulationTypeCode-TREATED_WITH_BIOCIDE_REGULATION	RegulationTypeCode-TREATED_WITH_BIOCIDE_REGULATION	individual/other
https://ref.gs1.org/voc/RegulationTypeCode-TREATED_WITH_HERBICIDE_REGULATION	RegulationTypeCode-TREATED_WITH_HERBICIDE_REGULATION	individual/other
https://ref.gs1.org/voc/RegulationTypeCode-TREATED_WITH_PESTICIDE_REGULATION	RegulationTypeCode-TREATED_WITH_PESTICIDE_REGULATION	individual/other
https://ref.gs1.org/voc/RegulationTypeCode-UK_CONFORMITY_ASSESSED	RegulationTypeCode-UK_CONFORMITY_ASSESSED	individual/other
https://ref.gs1.org/voc/RegulationTypeCode-UNDERWATER_LIGHTING	RegulationTypeCode-UNDERWATER_LIGHTING	individual/other
https://ref.gs1.org/voc/RegulationTypeCode-UNSPECIFIED	RegulationTypeCode-UNSPECIFIED	individual/other
https://ref.gs1.org/voc/RegulationTypeCode-UVA	RegulationTypeCode-UVA	individual/other
https://ref.gs1.org/voc/RegulationTypeCode-VEHICLE_LICENSE_PLATE_REGISTRATION	RegulationTypeCode-VEHICLE_LICENSE_PLATE_REGISTRATION	individual/other
https://ref.gs1.org/voc/RegulationTypeCode-VEHICLE_LIGHTING_COMPLIANT	RegulationTypeCode-VEHICLE_LIGHTING_COMPLIANT	individual/other
https://ref.gs1.org/voc/RegulationTypeCode-VOLATILE_ORGANIC_COMPOUND_COMPLIANT	RegulationTypeCode-VOLATILE_ORGANIC_COMPOUND_COMPLIANT	individual/other
https://ref.gs1.org/voc/RegulationTypeCode-WARRANTY_REQUIREMENTS	RegulationTypeCode-WARRANTY_REQUIREMENTS	individual/other
https://ref.gs1.org/voc/RegulatoryIdentifierType	RegulatoryIdentifierType	individual/other
https://ref.gs1.org/voc/RegulatoryIdentifierType-DUE_DILIGENCE_STATEMENT	RegulatoryIdentifierType-DUE_DILIGENCE_STATEMENT	individual/other
https://ref.gs1.org/voc/RegulatoryNotification	RegulatoryNotification	class
https://ref.gs1.org/voc/RelativeHumidity	RelativeHumidity	individual/other
https://ref.gs1.org/voc/Resistance	Resistance	individual/other
https://ref.gs1.org/voc/Resistivity	Resistivity	individual/other
https://ref.gs1.org/voc/ReturnablePackageDepositDetails	ReturnablePackageDepositDetails	class
https://ref.gs1.org/voc/Seafood	Seafood	class
https://ref.gs1.org/voc/SeasonParameterCode-ALL_YEAR	SeasonParameterCode-ALL_YEAR	individual/other
https://ref.gs1.org/voc/SeasonParameterCode-AUTUMN	SeasonParameterCode-AUTUMN	individual/other
https://ref.gs1.org/voc/SeasonParameterCode-AUTUMN_WINTER	SeasonParameterCode-AUTUMN_WINTER	individual/other
https://ref.gs1.org/voc/SeasonParameterCode-SPRING	SeasonParameterCode-SPRING	individual/other
https://ref.gs1.org/voc/SeasonParameterCode-SPRING_SUMMER	SeasonParameterCode-SPRING_SUMMER	individual/other
https://ref.gs1.org/voc/SeasonParameterCode-SUMMER	SeasonParameterCode-SUMMER	individual/other
https://ref.gs1.org/voc/SeasonParameterCode-WINTER	SeasonParameterCode-WINTER	individual/other
https://ref.gs1.org/voc/SecurityMarking	SecurityMarking	individual/other
https://ref.gs1.org/voc/SecurityMarking-HOLOGRAM	SecurityMarking-HOLOGRAM	individual/other
https://ref.gs1.org/voc/SecurityMarking-MICROPRINTING	SecurityMarking-MICROPRINTING	individual/other
https://ref.gs1.org/voc/SecurityMarking-UVINK	SecurityMarking-UVINK	individual/other
https://ref.gs1.org/voc/SecurityMarking-WATERMARK	SecurityMarking-WATERMARK	individual/other
https://ref.gs1.org/voc/SensorAlertType	SensorAlertType	individual/other
https://ref.gs1.org/voc/SharpnessOfCheeseCode	SharpnessOfCheeseCode	individual/other
https://ref.gs1.org/voc/SharpnessOfCheeseCode-EXTRA_EXTRA_SHARP	SharpnessOfCheeseCode-EXTRA_EXTRA_SHARP	individual/other
https://ref.gs1.org/voc/SharpnessOfCheeseCode-EXTRA_SHARP	SharpnessOfCheeseCode-EXTRA_SHARP	individual/other
https://ref.gs1.org/voc/SharpnessOfCheeseCode-MILD	SharpnessOfCheeseCode-MILD	individual/other
https://ref.gs1.org/voc/SharpnessOfCheeseCode-REGULAR	SharpnessOfCheeseCode-REGULAR	individual/other
https://ref.gs1.org/voc/SharpnessOfCheeseCode-SHARP	SharpnessOfCheeseCode-SHARP	individual/other
https://ref.gs1.org/voc/SharpnessOfCheeseCode-UNCLASSIFIED	SharpnessOfCheeseCode-UNCLASSIFIED	individual/other
https://ref.gs1.org/voc/SizeCodeDetails	SizeCodeDetails	class
https://ref.gs1.org/voc/SizeDetails	SizeDetails	class
https://ref.gs1.org/voc/SizeGroupCode-BOYS	SizeGroupCode-BOYS	individual/other
https://ref.gs1.org/voc/SizeGroupCode-GIRLS	SizeGroupCode-GIRLS	individual/other
https://ref.gs1.org/voc/SizeGroupCode-INFANTS	SizeGroupCode-INFANTS	individual/other
https://ref.gs1.org/voc/SizeGroupCode-JUNIORS	SizeGroupCode-JUNIORS	individual/other
https://ref.gs1.org/voc/SizeGroupCode-MATERNITY	SizeGroupCode-MATERNITY	individual/other
https://ref.gs1.org/voc/SizeGroupCode-MENS	SizeGroupCode-MENS	individual/other
https://ref.gs1.org/voc/SizeGroupCode-MENS_TALL	SizeGroupCode-MENS_TALL	individual/other
https://ref.gs1.org/voc/SizeGroupCode-MISSES	SizeGroupCode-MISSES	individual/other
https://ref.gs1.org/voc/SizeGroupCode-PETITE	SizeGroupCode-PETITE	individual/other
https://ref.gs1.org/voc/SizeGroupCode-WOMENS	SizeGroupCode-WOMENS	individual/other
https://ref.gs1.org/voc/SizeGroupCode-WOMENS_TALL	SizeGroupCode-WOMENS_TALL	individual/other
https://ref.gs1.org/voc/SizeSystemCode-AUSTRALIA	SizeSystemCode-AUSTRALIA	individual/other
https://ref.gs1.org/voc/SizeSystemCode-CONTINENTAL	SizeSystemCode-CONTINENTAL	individual/other
https://ref.gs1.org/voc/SizeSystemCode-EUROPE	SizeSystemCode-EUROPE	individual/other
https://ref.gs1.org/voc/SizeSystemCode-JAPAN	SizeSystemCode-JAPAN	individual/other
https://ref.gs1.org/voc/SizeSystemCode-MEXICO	SizeSystemCode-MEXICO	individual/other
https://ref.gs1.org/voc/SizeSystemCode-UK	SizeSystemCode-UK	individual/other
https://ref.gs1.org/voc/SizeSystemCode-US	SizeSystemCode-US	individual/other
https://ref.gs1.org/voc/SizeTypeCode-BACK	SizeTypeCode-BACK	individual/other
https://ref.gs1.org/voc/SizeTypeCode-CHEST_BUST	SizeTypeCode-CHEST_BUST	individual/other
https://ref.gs1.org/voc/SizeTypeCode-COLLAR	SizeTypeCode-COLLAR	individual/other
https://ref.gs1.org/voc/SizeTypeCode-CUP	SizeTypeCode-CUP	individual/other
https://ref.gs1.org/voc/SizeTypeCode-HIPS	SizeTypeCode-HIPS	individual/other
https://ref.gs1.org/voc/SizeTypeCode-INSEAM	SizeTypeCode-INSEAM	individual/other
https://ref.gs1.org/voc/SizeTypeCode-LENGTH	SizeTypeCode-LENGTH	individual/other
https://ref.gs1.org/voc/SizeTypeCode-ONE_DIMENSION	SizeTypeCode-ONE_DIMENSION	individual/other
https://ref.gs1.org/voc/SizeTypeCode-OUTSIDE_LEG	SizeTypeCode-OUTSIDE_LEG	individual/other
https://ref.gs1.org/voc/SizeTypeCode-SLEEVE	SizeTypeCode-SLEEVE	individual/other
https://ref.gs1.org/voc/SizeTypeCode-WAIST	SizeTypeCode-WAIST	individual/other
https://ref.gs1.org/voc/SizeTypeCode-WIDTH	SizeTypeCode-WIDTH	individual/other
https://ref.gs1.org/voc/SolidAngle	SolidAngle	individual/other
https://ref.gs1.org/voc/SourceAnimalCode-ALLIGATOR	SourceAnimalCode-ALLIGATOR	individual/other
https://ref.gs1.org/voc/SourceAnimalCode-ASS	SourceAnimalCode-ASS	individual/other
https://ref.gs1.org/voc/SourceAnimalCode-BEAR	SourceAnimalCode-BEAR	individual/other
https://ref.gs1.org/voc/SourceAnimalCode-BEEF_COW	SourceAnimalCode-BEEF_COW	individual/other
https://ref.gs1.org/voc/SourceAnimalCode-BOAR	SourceAnimalCode-BOAR	individual/other
https://ref.gs1.org/voc/SourceAnimalCode-BUFFALO	SourceAnimalCode-BUFFALO	individual/other
https://ref.gs1.org/voc/SourceAnimalCode-CALF	SourceAnimalCode-CALF	individual/other
https://ref.gs1.org/voc/SourceAnimalCode-CAMEL	SourceAnimalCode-CAMEL	individual/other
https://ref.gs1.org/voc/SourceAnimalCode-CHICKEN	SourceAnimalCode-CHICKEN	individual/other
https://ref.gs1.org/voc/SourceAnimalCode-COCKEREL	SourceAnimalCode-COCKEREL	individual/other
https://ref.gs1.org/voc/SourceAnimalCode-COW	SourceAnimalCode-COW	individual/other
https://ref.gs1.org/voc/SourceAnimalCode-CROCODILE	SourceAnimalCode-CROCODILE	individual/other
https://ref.gs1.org/voc/SourceAnimalCode-DEER	SourceAnimalCode-DEER	individual/other
https://ref.gs1.org/voc/SourceAnimalCode-DOG	SourceAnimalCode-DOG	individual/other
https://ref.gs1.org/voc/SourceAnimalCode-DUCK	SourceAnimalCode-DUCK	individual/other
https://ref.gs1.org/voc/SourceAnimalCode-DUCKLING	SourceAnimalCode-DUCKLING	individual/other
https://ref.gs1.org/voc/SourceAnimalCode-FISH	SourceAnimalCode-FISH	individual/other
https://ref.gs1.org/voc/SourceAnimalCode-FOWL	SourceAnimalCode-FOWL	individual/other
https://ref.gs1.org/voc/SourceAnimalCode-FROG	SourceAnimalCode-FROG	individual/other
https://ref.gs1.org/voc/SourceAnimalCode-GOAT	SourceAnimalCode-GOAT	individual/other
https://ref.gs1.org/voc/SourceAnimalCode-GOOSE	SourceAnimalCode-GOOSE	individual/other
https://ref.gs1.org/voc/SourceAnimalCode-GROUSE	SourceAnimalCode-GROUSE	individual/other
https://ref.gs1.org/voc/SourceAnimalCode-GUINEAFOWL	SourceAnimalCode-GUINEAFOWL	individual/other
https://ref.gs1.org/voc/SourceAnimalCode-HARE	SourceAnimalCode-HARE	individual/other
https://ref.gs1.org/voc/SourceAnimalCode-HORSE	SourceAnimalCode-HORSE	individual/other
https://ref.gs1.org/voc/SourceAnimalCode-INVERTEBRATE	SourceAnimalCode-INVERTEBRATE	individual/other
https://ref.gs1.org/voc/SourceAnimalCode-LAMB	SourceAnimalCode-LAMB	individual/other
https://ref.gs1.org/voc/SourceAnimalCode-LAND_SNAIL	SourceAnimalCode-LAND_SNAIL	individual/other
https://ref.gs1.org/voc/SourceAnimalCode-MILK_COW	SourceAnimalCode-MILK_COW	individual/other
https://ref.gs1.org/voc/SourceAnimalCode-MOOSE	SourceAnimalCode-MOOSE	individual/other
https://ref.gs1.org/voc/SourceAnimalCode-OSTRICH	SourceAnimalCode-OSTRICH	individual/other
https://ref.gs1.org/voc/SourceAnimalCode-OTHER	SourceAnimalCode-OTHER	individual/other
https://ref.gs1.org/voc/SourceAnimalCode-PARTRIDGE	SourceAnimalCode-PARTRIDGE	individual/other
https://ref.gs1.org/voc/SourceAnimalCode-PHEASANT	SourceAnimalCode-PHEASANT	individual/other
https://ref.gs1.org/voc/SourceAnimalCode-PIGEON	SourceAnimalCode-PIGEON	individual/other
https://ref.gs1.org/voc/SourceAnimalCode-PORK	SourceAnimalCode-PORK	individual/other
https://ref.gs1.org/voc/SourceAnimalCode-POUSSIN	SourceAnimalCode-POUSSIN	individual/other
https://ref.gs1.org/voc/SourceAnimalCode-QUAIL	SourceAnimalCode-QUAIL	individual/other
https://ref.gs1.org/voc/SourceAnimalCode-RABBIT	SourceAnimalCode-RABBIT	individual/other
https://ref.gs1.org/voc/SourceAnimalCode-RAT	SourceAnimalCode-RAT	individual/other
https://ref.gs1.org/voc/SourceAnimalCode-REINDEER	SourceAnimalCode-REINDEER	individual/other
https://ref.gs1.org/voc/SourceAnimalCode-ROE_DEER	SourceAnimalCode-ROE_DEER	individual/other
https://ref.gs1.org/voc/SourceAnimalCode-SHEEP	SourceAnimalCode-SHEEP	individual/other
https://ref.gs1.org/voc/SourceAnimalCode-SHELLFISH	SourceAnimalCode-SHELLFISH	individual/other
https://ref.gs1.org/voc/SourceAnimalCode-SNAKE	SourceAnimalCode-SNAKE	individual/other
https://ref.gs1.org/voc/SourceAnimalCode-SNIPE	SourceAnimalCode-SNIPE	individual/other
https://ref.gs1.org/voc/SourceAnimalCode-SPARROW	SourceAnimalCode-SPARROW	individual/other
https://ref.gs1.org/voc/SourceAnimalCode-THRUSH	SourceAnimalCode-THRUSH	individual/other
https://ref.gs1.org/voc/SourceAnimalCode-TURKEY	SourceAnimalCode-TURKEY	individual/other
https://ref.gs1.org/voc/SourceAnimalCode-TURTLE	SourceAnimalCode-TURTLE	individual/other
https://ref.gs1.org/voc/SourceAnimalCode-WOODCOCK	SourceAnimalCode-WOODCOCK	individual/other
https://ref.gs1.org/voc/SourceAnimalCode-YAK	SourceAnimalCode-YAK	individual/other
https://ref.gs1.org/voc/SpecificVolume	SpecificVolume	individual/other
https://ref.gs1.org/voc/Speed	Speed	individual/other
https://ref.gs1.org/voc/SportingActivityTypeCode	SportingActivityTypeCode	individual/other
https://ref.gs1.org/voc/SportingActivityTypeCode-AMERICAN_FOOTBALL	SportingActivityTypeCode-AMERICAN_FOOTBALL	individual/other
https://ref.gs1.org/voc/SportingActivityTypeCode-ARCHERY	SportingActivityTypeCode-ARCHERY	individual/other
https://ref.gs1.org/voc/SportingActivityTypeCode-BADMINTON	SportingActivityTypeCode-BADMINTON	individual/other
https://ref.gs1.org/voc/SportingActivityTypeCode-BASEBALL	SportingActivityTypeCode-BASEBALL	individual/other
https://ref.gs1.org/voc/SportingActivityTypeCode-BASKETBALL	SportingActivityTypeCode-BASKETBALL	individual/other
https://ref.gs1.org/voc/SportingActivityTypeCode-BOXING	SportingActivityTypeCode-BOXING	individual/other
https://ref.gs1.org/voc/SportingActivityTypeCode-CLIMBING	SportingActivityTypeCode-CLIMBING	individual/other
https://ref.gs1.org/voc/SportingActivityTypeCode-CRICKET	SportingActivityTypeCode-CRICKET	individual/other
https://ref.gs1.org/voc/SportingActivityTypeCode-CYCLING	SportingActivityTypeCode-CYCLING	individual/other
https://ref.gs1.org/voc/SportingActivityTypeCode-DIVING	SportingActivityTypeCode-DIVING	individual/other
https://ref.gs1.org/voc/SportingActivityTypeCode-EQUESTRIAN	SportingActivityTypeCode-EQUESTRIAN	individual/other
https://ref.gs1.org/voc/SportingActivityTypeCode-FENCING	SportingActivityTypeCode-FENCING	individual/other
https://ref.gs1.org/voc/SportingActivityTypeCode-FISHING	SportingActivityTypeCode-FISHING	individual/other
https://ref.gs1.org/voc/SportingActivityTypeCode-FOOTBALL	SportingActivityTypeCode-FOOTBALL	individual/other
https://ref.gs1.org/voc/SportingActivityTypeCode-GOLF	SportingActivityTypeCode-GOLF	individual/other
https://ref.gs1.org/voc/SportingActivityTypeCode-GYMNASTICS	SportingActivityTypeCode-GYMNASTICS	individual/other
https://ref.gs1.org/voc/SportingActivityTypeCode-HOCKEY	SportingActivityTypeCode-HOCKEY	individual/other
https://ref.gs1.org/voc/SportingActivityTypeCode-ICE_HOCKEY	SportingActivityTypeCode-ICE_HOCKEY	individual/other
https://ref.gs1.org/voc/SportingActivityTypeCode-ICE_SKATING	SportingActivityTypeCode-ICE_SKATING	individual/other
https://ref.gs1.org/voc/SportingActivityTypeCode-MOTOR_CYCLING	SportingActivityTypeCode-MOTOR_CYCLING	individual/other
https://ref.gs1.org/voc/SportingActivityTypeCode-RUGBY	SportingActivityTypeCode-RUGBY	individual/other
https://ref.gs1.org/voc/SportingActivityTypeCode-RUNNING	SportingActivityTypeCode-RUNNING	individual/other
https://ref.gs1.org/voc/SportingActivityTypeCode-SKIING	SportingActivityTypeCode-SKIING	individual/other
https://ref.gs1.org/voc/SportingActivityTypeCode-SQUASH	SportingActivityTypeCode-SQUASH	individual/other
https://ref.gs1.org/voc/SportingActivityTypeCode-SURFING	SportingActivityTypeCode-SURFING	individual/other
https://ref.gs1.org/voc/SportingActivityTypeCode-SWIMMING	SportingActivityTypeCode-SWIMMING	individual/other
https://ref.gs1.org/voc/SportingActivityTypeCode-TENNIS	SportingActivityTypeCode-TENNIS	individual/other
https://ref.gs1.org/voc/SportingActivityTypeCode-UNCLASSIFIED	SportingActivityTypeCode-UNCLASSIFIED	individual/other
https://ref.gs1.org/voc/SportingActivityTypeCode-UNIDENTIFIED	SportingActivityTypeCode-UNIDENTIFIED	individual/other
https://ref.gs1.org/voc/StatusType	StatusType	individual/other
https://ref.gs1.org/voc/StatusType-ACTIVE	StatusType-ACTIVE	individual/other
https://ref.gs1.org/voc/StatusType-INACTIVE	StatusType-INACTIVE	individual/other
https://ref.gs1.org/voc/SurfaceDensity	SurfaceDensity	individual/other
https://ref.gs1.org/voc/SurfaceTension	SurfaceTension	individual/other
https://ref.gs1.org/voc/SweetnessLevelOfAlcoholicBeverageCode-BRUT	SweetnessLevelOfAlcoholicBeverageCode-BRUT	individual/other
https://ref.gs1.org/voc/SweetnessLevelOfAlcoholicBeverageCode-BRUT_NATURE	SweetnessLevelOfAlcoholicBeverageCode-BRUT_NATURE	individual/other
https://ref.gs1.org/voc/SweetnessLevelOfAlcoholicBeverageCode-DRY	SweetnessLevelOfAlcoholicBeverageCode-DRY	individual/other
https://ref.gs1.org/voc/SweetnessLevelOfAlcoholicBeverageCode-EXTRA_BRUT	SweetnessLevelOfAlcoholicBeverageCode-EXTRA_BRUT	individual/other
https://ref.gs1.org/voc/SweetnessLevelOfAlcoholicBeverageCode-EXTRA_DRY	SweetnessLevelOfAlcoholicBeverageCode-EXTRA_DRY	individual/other
https://ref.gs1.org/voc/SweetnessLevelOfAlcoholicBeverageCode-MEDIUM	SweetnessLevelOfAlcoholicBeverageCode-MEDIUM	individual/other
https://ref.gs1.org/voc/SweetnessLevelOfAlcoholicBeverageCode-MEDIUM_DRY	SweetnessLevelOfAlcoholicBeverageCode-MEDIUM_DRY	individual/other
https://ref.gs1.org/voc/SweetnessLevelOfAlcoholicBeverageCode-OFF_DRY	SweetnessLevelOfAlcoholicBeverageCode-OFF_DRY	individual/other
https://ref.gs1.org/voc/SweetnessLevelOfAlcoholicBeverageCode-OTHER	SweetnessLevelOfAlcoholicBeverageCode-OTHER	individual/other
https://ref.gs1.org/voc/SweetnessLevelOfAlcoholicBeverageCode-SWEET	SweetnessLevelOfAlcoholicBeverageCode-SWEET	individual/other
https://ref.gs1.org/voc/TargetConsumerGenderCode-FEMALE	TargetConsumerGenderCode-FEMALE	individual/other
https://ref.gs1.org/voc/TargetConsumerGenderCode-MALE	TargetConsumerGenderCode-MALE	individual/other
https://ref.gs1.org/voc/TargetConsumerGenderCode-UNISEX	TargetConsumerGenderCode-UNISEX	individual/other
https://ref.gs1.org/voc/TargetMarketDetails	TargetMarketDetails	class
https://ref.gs1.org/voc/Temperature	Temperature	individual/other
https://ref.gs1.org/voc/TextileMaterialDetails	TextileMaterialDetails	class
https://ref.gs1.org/voc/Torque	Torque	individual/other
https://ref.gs1.org/voc/TradeChannelCode-INSTORE_ONLY	TradeChannelCode-INSTORE_ONLY	individual/other
https://ref.gs1.org/voc/TradeChannelCode-OMNICHANNEL	TradeChannelCode-OMNICHANNEL	individual/other
https://ref.gs1.org/voc/TradeChannelCode-ONLINE_ONLY	TradeChannelCode-ONLINE_ONLY	individual/other
https://ref.gs1.org/voc/Transaction	Transaction	class
https://ref.gs1.org/voc/TransactionType	TransactionType	individual/other
https://ref.gs1.org/voc/TransactionType-AAK	TransactionType-AAK	individual/other
https://ref.gs1.org/voc/TransactionType-AID	TransactionType-AID	individual/other
https://ref.gs1.org/voc/TransactionType-ALO	TransactionType-ALO	individual/other
https://ref.gs1.org/voc/TransactionType-AUJ	TransactionType-AUJ	individual/other
https://ref.gs1.org/voc/TransactionType-AXO	TransactionType-AXO	individual/other
https://ref.gs1.org/voc/TransactionType-BM	TransactionType-BM	individual/other
https://ref.gs1.org/voc/TransactionType-BN	TransactionType-BN	individual/other
https://ref.gs1.org/voc/TransactionType-IV	TransactionType-IV	individual/other
https://ref.gs1.org/voc/TransactionType-MH	TransactionType-MH	individual/other
https://ref.gs1.org/voc/TransactionType-ON	TransactionType-ON	individual/other
https://ref.gs1.org/voc/TransactionType-VN	TransactionType-VN	individual/other
https://ref.gs1.org/voc/TypeCode	TypeCode	class
https://ref.gs1.org/voc/UpperTypeCode	UpperTypeCode	individual/other
https://ref.gs1.org/voc/UpperTypeCode-CLOSED_TOE_CLOSED_BACK_OPEN_INSTEP	UpperTypeCode-CLOSED_TOE_CLOSED_BACK_OPEN_INSTEP	individual/other
https://ref.gs1.org/voc/UpperTypeCode-CLOSED_TOE_OPEN_BACK	UpperTypeCode-CLOSED_TOE_OPEN_BACK	individual/other
https://ref.gs1.org/voc/UpperTypeCode-CLOSED_TOE_STRAP_BACK	UpperTypeCode-CLOSED_TOE_STRAP_BACK	individual/other
https://ref.gs1.org/voc/UpperTypeCode-FULLY_CLOSED	UpperTypeCode-FULLY_CLOSED	individual/other
https://ref.gs1.org/voc/UpperTypeCode-OPEN_TOE_FULLY_CLOSED_BACK	UpperTypeCode-OPEN_TOE_FULLY_CLOSED_BACK	individual/other
https://ref.gs1.org/voc/UpperTypeCode-OPEN_TOE_OPEN_BACK	UpperTypeCode-OPEN_TOE_OPEN_BACK	individual/other
https://ref.gs1.org/voc/UpperTypeCode-OPEN_TOE_STRAP_BACK	UpperTypeCode-OPEN_TOE_STRAP_BACK	individual/other
https://ref.gs1.org/voc/UpperTypeCode-UNCLASSIFIED	UpperTypeCode-UNCLASSIFIED	individual/other
https://ref.gs1.org/voc/Voltage	Voltage	individual/other
https://ref.gs1.org/voc/VolumeFlowRate	VolumeFlowRate	individual/other
https://ref.gs1.org/voc/VolumeFraction	VolumeFraction	individual/other
https://ref.gs1.org/voc/VolumetricFlux	VolumetricFlux	individual/other
https://ref.gs1.org/voc/WarrantyPromise	WarrantyPromise	class
https://ref.gs1.org/voc/Wavenumber	Wavenumber	individual/other
https://ref.gs1.org/voc/WearableProduct	WearableProduct	class
https://ref.gs1.org/voc/acceptedPaymentMethod	acceptedPaymentMethod	object property
https://ref.gs1.org/voc/activityIdeas	activityIdeas	object property
https://ref.gs1.org/voc/additionalLocationID	additionalLocationID	object property
https://ref.gs1.org/voc/additionalOrganizationID	additionalOrganizationID	object property
https://ref.gs1.org/voc/additionalOrganizationIdentificationTypeValue	additionalOrganizationIdentificationTypeValue	datatype property
https://ref.gs1.org/voc/additionalProductClassification	additionalProductClassification	object property
https://ref.gs1.org/voc/additionalProductClassificationCode	additionalProductClassificationCode	datatype property
https://ref.gs1.org/voc/additionalProductClassificationCodeDescription	additionalProductClassificationCodeDescription	datatype property
https://ref.gs1.org/voc/additionalProductClassificationValue	additionalProductClassificationValue	datatype property
https://ref.gs1.org/voc/additionalProductDescription	additionalProductDescription	datatype property
https://ref.gs1.org/voc/additive	additive	object property
https://ref.gs1.org/voc/additiveLevelOfContainment	additiveLevelOfContainment	object property
https://ref.gs1.org/voc/addressCountry	addressCountry	object property
https://ref.gs1.org/voc/addressLocality	addressLocality	datatype property
https://ref.gs1.org/voc/addressRegion	addressRegion	datatype property
https://ref.gs1.org/voc/addressSuburb	addressSuburb	datatype property
https://ref.gs1.org/voc/affiliatedTo	affiliatedTo	object property
https://ref.gs1.org/voc/afterHoursContact	afterHoursContact	object property
https://ref.gs1.org/voc/allergenInfo	allergenInfo	object property
https://ref.gs1.org/voc/allergenLevelOfContainmentCode	allergenLevelOfContainmentCode	object property
https://ref.gs1.org/voc/allergenType	allergenType	object property
https://ref.gs1.org/voc/anatomicalForm	anatomicalForm	object property
https://ref.gs1.org/voc/appDownload	appDownload	object property
https://ref.gs1.org/voc/applicableProducts	applicableProducts	object property
https://ref.gs1.org/voc/applicableTo	applicableTo	datatype property
https://ref.gs1.org/voc/applicableTransactions	applicableTransactions	object property
https://ref.gs1.org/voc/audioFile	audioFile	object property
https://ref.gs1.org/voc/authenticity	authenticity	object property
https://ref.gs1.org/voc/authenticitySecurityFeatureInstructions	authenticitySecurityFeatureInstructions	datatype property
https://ref.gs1.org/voc/authenticitySecurityFeatureInstructionsURL	authenticitySecurityFeatureInstructionsURL	object property
https://ref.gs1.org/voc/authenticitySecurityFeatureRegularExpression	authenticitySecurityFeatureRegularExpression	datatype property
https://ref.gs1.org/voc/authenticitySecurityFeatureType	authenticitySecurityFeatureType	object property
https://ref.gs1.org/voc/authenticitySecurityFeatureValue	authenticitySecurityFeatureValue	datatype property
https://ref.gs1.org/voc/availabilityEnds	availabilityEnds	datatype property
https://ref.gs1.org/voc/availabilityStarts	availabilityStarts	datatype property
https://ref.gs1.org/voc/availableAtOrFrom	availableAtOrFrom	object property
https://ref.gs1.org/voc/availableLanguage	availableLanguage	datatype property
https://ref.gs1.org/voc/backgroundInfo	backgroundInfo	object property
https://ref.gs1.org/voc/baseLocation	baseLocation	object property
https://ref.gs1.org/voc/beverageVintage	beverageVintage	datatype property
https://ref.gs1.org/voc/biotinPerNutrientBasis	biotinPerNutrientBasis	object property
https://ref.gs1.org/voc/bonelessClaim	bonelessClaim	object property
https://ref.gs1.org/voc/brandHomepageClinical	brandHomepageClinical	object property
https://ref.gs1.org/voc/brandHomepagePatient	brandHomepagePatient	object property
https://ref.gs1.org/voc/businessEntity	businessEntity	object property
https://ref.gs1.org/voc/calciumPerNutrientBasis	calciumPerNutrientBasis	object property
https://ref.gs1.org/voc/carbohydratesPerNutrientBasis	carbohydratesPerNutrientBasis	object property
https://ref.gs1.org/voc/careersInfo	careersInfo	object property
https://ref.gs1.org/voc/certificationAgencyURL	certificationAgencyURL	object property
https://ref.gs1.org/voc/certificationAuditDate	certificationAuditDate	datatype property
https://ref.gs1.org/voc/certificationEndDate	certificationEndDate	datatype property
https://ref.gs1.org/voc/certificationInfo	certificationInfo	object property
https://ref.gs1.org/voc/certificationStartDate	certificationStartDate	datatype property
https://ref.gs1.org/voc/certificationStatement	certificationStatement	datatype property
https://ref.gs1.org/voc/certificationStatus	certificationStatus	object property
https://ref.gs1.org/voc/certificationSubject	certificationSubject	object property
https://ref.gs1.org/voc/certificationType	certificationType	object property
https://ref.gs1.org/voc/certificationURI	certificationURI	datatype property
https://ref.gs1.org/voc/cheeseFirmness	cheeseFirmness	object property
https://ref.gs1.org/voc/chloridePerNutrientBasis	chloridePerNutrientBasis	object property
https://ref.gs1.org/voc/cholesterolPerNutrientBasis	cholesterolPerNutrientBasis	object property
https://ref.gs1.org/voc/chromiumPerNutrientBasis	chromiumPerNutrientBasis	object property
https://ref.gs1.org/voc/circle	circle	datatype property
https://ref.gs1.org/voc/colourCodeList	colourCodeList	object property
https://ref.gs1.org/voc/colourCodeValue	colourCodeValue	datatype property
https://ref.gs1.org/voc/companyFilingURL	companyFilingURL	datatype property
https://ref.gs1.org/voc/compulsoryAdditionalLabelInformationType	compulsoryAdditionalLabelInformationType	object property
https://ref.gs1.org/voc/consumerHandlingStorage	consumerHandlingStorage	object property
https://ref.gs1.org/voc/consumerHandlingStorageInfo	consumerHandlingStorageInfo	object property
https://ref.gs1.org/voc/consumerLifestage	consumerLifestage	object property
https://ref.gs1.org/voc/consumerProductVariant	consumerProductVariant	object property
https://ref.gs1.org/voc/consumerSalesCondition	consumerSalesCondition	object property
https://ref.gs1.org/voc/contactPoint	contactPoint	object property
https://ref.gs1.org/voc/contactRoleCode	contactRoleCode	object property
https://ref.gs1.org/voc/contactTitle	contactTitle	datatype property
https://ref.gs1.org/voc/contactType	contactType	datatype property
https://ref.gs1.org/voc/containedInPlace	containedInPlace	object property
https://ref.gs1.org/voc/containsPlace	containsPlace	object property
https://ref.gs1.org/voc/coordinateReferenceSystem	coordinateReferenceSystem	datatype property
https://ref.gs1.org/voc/copperPerNutrientBasis	copperPerNutrientBasis	object property
https://ref.gs1.org/voc/countryOfAssembly	countryOfAssembly	object property
https://ref.gs1.org/voc/countryOfLastProcessing	countryOfLastProcessing	object property
https://ref.gs1.org/voc/csrAffiliation	csrAffiliation	datatype property
https://ref.gs1.org/voc/customerSupportCentre	customerSupportCentre	object property
https://ref.gs1.org/voc/defaultLink	defaultLink	object property
https://ref.gs1.org/voc/defaultLinkMulti	defaultLinkMulti	object property
https://ref.gs1.org/voc/department	department	datatype property
https://ref.gs1.org/voc/dependentProprietaryProduct	dependentProprietaryProduct	object property
https://ref.gs1.org/voc/dietCode	dietCode	datatype property
https://ref.gs1.org/voc/dietType	dietType	object property
https://ref.gs1.org/voc/digitalAddress	digitalAddress	datatype property
https://ref.gs1.org/voc/digitalLocationName	digitalLocationName	datatype property
https://ref.gs1.org/voc/discountRepeatsPerMultipleMinimum	discountRepeatsPerMultipleMinimum	datatype property
https://ref.gs1.org/voc/dueDate	dueDate	object property
https://ref.gs1.org/voc/durationOfWarranty	durationOfWarranty	object property
https://ref.gs1.org/voc/dutyFeeTaxDescription	dutyFeeTaxDescription	datatype property
https://ref.gs1.org/voc/eifu	eifu	object property
https://ref.gs1.org/voc/elevation	elevation	datatype property
https://ref.gs1.org/voc/eligibleQuantity	eligibleQuantity	object property
https://ref.gs1.org/voc/eligibleQuantityMaximum	eligibleQuantityMaximum	object property
https://ref.gs1.org/voc/eligibleQuantityMinimum	eligibleQuantityMinimum	object property
https://ref.gs1.org/voc/eligibleTradeChannel	eligibleTradeChannel	datatype property
https://ref.gs1.org/voc/energyFromFatPerNutrientBasis	energyFromFatPerNutrientBasis	object property
https://ref.gs1.org/voc/energyPerNutrientBasis	energyPerNutrientBasis	object property
https://ref.gs1.org/voc/epcis	epcis	object property
https://ref.gs1.org/voc/epcisRepository	epcisRepository	object property
https://ref.gs1.org/voc/epil	epil	object property
https://ref.gs1.org/voc/equivalentProduct	equivalentProduct	object property
https://ref.gs1.org/voc/eventsInfo	eventsInfo	object property
https://ref.gs1.org/voc/exactDiscountAmount	exactDiscountAmount	datatype property
https://ref.gs1.org/voc/exactDiscountPercentage	exactDiscountPercentage	datatype property
https://ref.gs1.org/voc/exclusionDescription	exclusionDescription	object property
https://ref.gs1.org/voc/expirationDateTime	expirationDateTime	object property
https://ref.gs1.org/voc/faqs	faqs	object property
https://ref.gs1.org/voc/fatPerNutrientBasis	fatPerNutrientBasis	object property
https://ref.gs1.org/voc/faxNumber	faxNumber	datatype property
https://ref.gs1.org/voc/fibrePerNutrientBasis	fibrePerNutrientBasis	object property
https://ref.gs1.org/voc/firstFreezeDate	firstFreezeDate	object property
https://ref.gs1.org/voc/fluoridePerNutrientBasis	fluoridePerNutrientBasis	object property
https://ref.gs1.org/voc/folicAcidPerNutrientBasis	folicAcidPerNutrientBasis	object property
https://ref.gs1.org/voc/foodBeverageRefrigerationClaim	foodBeverageRefrigerationClaim	object property
https://ref.gs1.org/voc/foodBeverageTargetUse	foodBeverageTargetUse	object property
https://ref.gs1.org/voc/footwearFasteningType	footwearFasteningType	object property
https://ref.gs1.org/voc/footwearUpperType	footwearUpperType	object property
https://ref.gs1.org/voc/franchiseeOf	franchiseeOf	object property
https://ref.gs1.org/voc/franchisorOf	franchisorOf	object property
https://ref.gs1.org/voc/freshOrSeawaterFarmed	freshOrSeawaterFarmed	object property
https://ref.gs1.org/voc/geneticallyModifiedDeclaration	geneticallyModifiedDeclaration	object property
https://ref.gs1.org/voc/geo	geo	object property
https://ref.gs1.org/voc/glnType	glnType	object property
https://ref.gs1.org/voc/globalLocationNumber	globalLocationNumber	datatype property
https://ref.gs1.org/voc/gpcCategoryDescription	gpcCategoryDescription	datatype property
https://ref.gs1.org/voc/grossArea	grossArea	object property
https://ref.gs1.org/voc/grossVolume	grossVolume	object property
https://ref.gs1.org/voc/growingMethod	growingMethod	object property
https://ref.gs1.org/voc/handledBy	handledBy	object property
https://ref.gs1.org/voc/harvestDate	harvestDate	object property
https://ref.gs1.org/voc/harvestDateEnd	harvestDateEnd	object property
https://ref.gs1.org/voc/harvestDateStart	harvestDateStart	object property
https://ref.gs1.org/voc/hasAllergen	hasAllergen	object property
https://ref.gs1.org/voc/hasBatchLotNumber	hasBatchLotNumber	object property
https://ref.gs1.org/voc/hasPrimaryLocation	hasPrimaryLocation	object property
https://ref.gs1.org/voc/hasRetailers	hasRetailers	object property
https://ref.gs1.org/voc/hasReturnablePackageDeposit	hasReturnablePackageDeposit	object property
https://ref.gs1.org/voc/hasSerialNumber	hasSerialNumber	object property
https://ref.gs1.org/voc/hasThirdPartyControlledSerialNumber	hasThirdPartyControlledSerialNumber	object property
https://ref.gs1.org/voc/healthClaimDescription	healthClaimDescription	datatype property
https://ref.gs1.org/voc/homepage	homepage	object property
https://ref.gs1.org/voc/inPackageDepth	inPackageDepth	object property
https://ref.gs1.org/voc/inPackageDiameter	inPackageDiameter	object property
https://ref.gs1.org/voc/inPackageHeight	inPackageHeight	object property
https://ref.gs1.org/voc/inPackageWidth	inPackageWidth	object property
https://ref.gs1.org/voc/includedAccessories	includedAccessories	datatype property
https://ref.gs1.org/voc/ingredient	ingredient	object property
https://ref.gs1.org/voc/ingredientOfConcern	ingredientOfConcern	datatype property
https://ref.gs1.org/voc/ingredientsInfo	ingredientsInfo	object property
https://ref.gs1.org/voc/initialCertificationDate	initialCertificationDate	datatype property
https://ref.gs1.org/voc/instructions	instructions	object property
https://ref.gs1.org/voc/instructionsForUse	instructionsForUse	object property
https://ref.gs1.org/voc/iodinePerNutrientBasis	iodinePerNutrientBasis	object property
https://ref.gs1.org/voc/ironPerNutrientBasis	ironPerNutrientBasis	object property
https://ref.gs1.org/voc/isCarbonated	isCarbonated	object property
https://ref.gs1.org/voc/isDecaffeinated	isDecaffeinated	object property
https://ref.gs1.org/voc/isFromConcentrate	isFromConcentrate	object property
https://ref.gs1.org/voc/isInstant	isInstant	object property
https://ref.gs1.org/voc/isOnlyAvailableThroughRetailer	isOnlyAvailableThroughRetailer	datatype property
https://ref.gs1.org/voc/isOnlyWithMailingListSignup	isOnlyWithMailingListSignup	datatype property
https://ref.gs1.org/voc/isOnlyWithPaymentCard	isOnlyWithPaymentCard	datatype property
https://ref.gs1.org/voc/isOnlyWithRetailerLoyaltyCard	isOnlyWithRetailerLoyaltyCard	datatype property
https://ref.gs1.org/voc/isOnlyWithRetailerPaymentCard	isOnlyWithRetailerPaymentCard	datatype property
https://ref.gs1.org/voc/isPatterned	isPatterned	object property
https://ref.gs1.org/voc/isPittedStoned	isPittedStoned	object property
https://ref.gs1.org/voc/isProductRecalled	isProductRecalled	datatype property
https://ref.gs1.org/voc/isPromoterExclusiveOffer	isPromoterExclusiveOffer	datatype property
https://ref.gs1.org/voc/isSeedless	isSeedless	object property
https://ref.gs1.org/voc/isShelledPeeled	isShelledPeeled	object property
https://ref.gs1.org/voc/isSliced	isSliced	object property
https://ref.gs1.org/voc/isThermal	isThermal	object property
https://ref.gs1.org/voc/isVintage	isVintage	object property
https://ref.gs1.org/voc/isWashedReadyToEat	isWashedReadyToEat	object property
https://ref.gs1.org/voc/isWaterproof	isWaterproof	object property
https://ref.gs1.org/voc/isWearableItemDisposable	isWearableItemDisposable	object property
https://ref.gs1.org/voc/itemOffered	itemOffered	object property
https://ref.gs1.org/voc/jws	jws	object property
https://ref.gs1.org/voc/leasedFrom	leasedFrom	object property
https://ref.gs1.org/voc/leasedTo	leasedTo	object property
https://ref.gs1.org/voc/leaveReview	leaveReview	object property
https://ref.gs1.org/voc/lesseeOf	lesseeOf	object property
https://ref.gs1.org/voc/lessorFor	lessorFor	object property
https://ref.gs1.org/voc/linkType	linkType	object property
https://ref.gs1.org/voc/location	location	object property
https://ref.gs1.org/voc/locationDescription	locationDescription	datatype property
https://ref.gs1.org/voc/locationFinalClosureDate	locationFinalClosureDate	datatype property
https://ref.gs1.org/voc/locationGLN	locationGLN	datatype property
https://ref.gs1.org/voc/locationHistory	locationHistory	object property
https://ref.gs1.org/voc/locationID	locationID	datatype property
https://ref.gs1.org/voc/locationID_Qualifier	locationID_Qualifier	datatype property
https://ref.gs1.org/voc/locationID_Type	locationID_Type	object property
https://ref.gs1.org/voc/locationID_URI	locationID_URI	object property
https://ref.gs1.org/voc/locationInfo	locationInfo	object property
https://ref.gs1.org/voc/locationOpeningDate	locationOpeningDate	datatype property
https://ref.gs1.org/voc/locationRole	locationRole	object property
https://ref.gs1.org/voc/locationStatus	locationStatus	object property
https://ref.gs1.org/voc/logisticsInfo	logisticsInfo	object property
https://ref.gs1.org/voc/loyaltyProgram	loyaltyProgram	object property
https://ref.gs1.org/voc/magnesiumPerNutrientBasis	magnesiumPerNutrientBasis	object property
https://ref.gs1.org/voc/makesOffer	makesOffer	object property
https://ref.gs1.org/voc/managedBy	managedBy	object property
https://ref.gs1.org/voc/managedFor	managedFor	object property
https://ref.gs1.org/voc/manages	manages	object property
https://ref.gs1.org/voc/manganesePerNutrientBasis	manganesePerNutrientBasis	object property
https://ref.gs1.org/voc/manufacturerPreparationCode	manufacturerPreparationCode	object property
https://ref.gs1.org/voc/manufacturersWarranty	manufacturersWarranty	object property
https://ref.gs1.org/voc/massPerUnitArea	massPerUnitArea	object property
https://ref.gs1.org/voc/masterData	masterData	object property
https://ref.gs1.org/voc/masterDataAvailableFor	masterDataAvailableFor	object property
https://ref.gs1.org/voc/maturationMethod	maturationMethod	object property
https://ref.gs1.org/voc/maxPrice	maxPrice	datatype property
https://ref.gs1.org/voc/maximumDiscountAmount	maximumDiscountAmount	datatype property
https://ref.gs1.org/voc/maximumDiscountPercentage	maximumDiscountPercentage	datatype property
https://ref.gs1.org/voc/maximumQualifyingItems	maximumQualifyingItems	datatype property
https://ref.gs1.org/voc/maximumQualifyingSpend	maximumQualifyingSpend	datatype property
https://ref.gs1.org/voc/meatPoultryType	meatPoultryType	datatype property
https://ref.gs1.org/voc/menuInfo	menuInfo	object property
https://ref.gs1.org/voc/messageSender	messageSender	object property
https://ref.gs1.org/voc/minPrice	minPrice	datatype property
https://ref.gs1.org/voc/minimumDiscountAmount	minimumDiscountAmount	datatype property
https://ref.gs1.org/voc/minimumDiscountPercentage	minimumDiscountPercentage	datatype property
https://ref.gs1.org/voc/minimumFishContent	minimumFishContent	object property
https://ref.gs1.org/voc/minimumMeatPoultryContent	minimumMeatPoultryContent	object property
https://ref.gs1.org/voc/minimumQualifyingItems	minimumQualifyingItems	datatype property
https://ref.gs1.org/voc/minimumQualifyingSpend	minimumQualifyingSpend	datatype property
https://ref.gs1.org/voc/molybdenumPerNutrientBasis	molybdenumPerNutrientBasis	object property
https://ref.gs1.org/voc/monounsaturatedFatPerNutrientBasis	monounsaturatedFatPerNutrientBasis	object property
https://ref.gs1.org/voc/netArea	netArea	object property
https://ref.gs1.org/voc/niacinPerNutrientBasis	niacinPerNutrientBasis	object property
https://ref.gs1.org/voc/numberOfServingsPerPackageMeasurementPrecision	numberOfServingsPerPackageMeasurementPrecision	object property
https://ref.gs1.org/voc/nutrientBasisQuantityType	nutrientBasisQuantityType	object property
https://ref.gs1.org/voc/nutrientMeasurementPrecision	nutrientMeasurementPrecision	object property
https://ref.gs1.org/voc/nutritionalClaim	nutritionalClaim	object property
https://ref.gs1.org/voc/nutritionalClaimStatement	nutritionalClaimStatement	datatype property
https://ref.gs1.org/voc/nutritionalInfo	nutritionalInfo	object property
https://ref.gs1.org/voc/occupiedBy	occupiedBy	object property
https://ref.gs1.org/voc/occupies	occupies	object property
https://ref.gs1.org/voc/offerDescription	offerDescription	datatype property
https://ref.gs1.org/voc/offerDiscount	offerDiscount	object property
https://ref.gs1.org/voc/offerRedemptionType	offerRedemptionType	datatype property
https://ref.gs1.org/voc/offerRedemptionURL	offerRedemptionURL	object property
https://ref.gs1.org/voc/offerRestrictionDescription	offerRestrictionDescription	datatype property
https://ref.gs1.org/voc/openingHoursInfo	openingHoursInfo	object property
https://ref.gs1.org/voc/organicClaimAgency	organicClaimAgency	object property
https://ref.gs1.org/voc/organizationClassification	organizationClassification	object property
https://ref.gs1.org/voc/organizationClassificationID	organizationClassificationID	datatype property
https://ref.gs1.org/voc/organizationClassificationType	organizationClassificationType	datatype property
https://ref.gs1.org/voc/organizationFormationDate	organizationFormationDate	datatype property
https://ref.gs1.org/voc/organizationHistory	organizationHistory	object property
https://ref.gs1.org/voc/organizationID	organizationID	datatype property
https://ref.gs1.org/voc/organizationID_Qualifier	organizationID_Qualifier	datatype property
https://ref.gs1.org/voc/organizationID_Type	organizationID_Type	object property
https://ref.gs1.org/voc/organizationID_URI	organizationID_URI	object property
https://ref.gs1.org/voc/organizationLegalName	organizationLegalName	datatype property
https://ref.gs1.org/voc/organizationName	organizationName	datatype property
https://ref.gs1.org/voc/organizationRole	organizationRole	object property
https://ref.gs1.org/voc/organizationStatus	organizationStatus	object property
https://ref.gs1.org/voc/organizationTerminationDate	organizationTerminationDate	datatype property
https://ref.gs1.org/voc/organizationTradingName	organizationTradingName	datatype property
https://ref.gs1.org/voc/originalCodeValue	originalCodeValue	datatype property
https://ref.gs1.org/voc/outOfPackageDepth	outOfPackageDepth	object property
https://ref.gs1.org/voc/outOfPackageDiameter	outOfPackageDiameter	object property
https://ref.gs1.org/voc/outOfPackageHeight	outOfPackageHeight	object property
https://ref.gs1.org/voc/outOfPackageWidth	outOfPackageWidth	object property
https://ref.gs1.org/voc/ownedBy	ownedBy	object property
https://ref.gs1.org/voc/owns	owns	object property
https://ref.gs1.org/voc/packagingFeature	packagingFeature	object property
https://ref.gs1.org/voc/packagingFunction	packagingFunction	object property
https://ref.gs1.org/voc/packagingMarkedDietAllergenType	packagingMarkedDietAllergenType	object property
https://ref.gs1.org/voc/packagingMarkedFreeFrom	packagingMarkedFreeFrom	object property
https://ref.gs1.org/voc/packagingMarkedLabelAccreditation	packagingMarkedLabelAccreditation	object property
https://ref.gs1.org/voc/packagingMaterialType	packagingMaterialType	object property
https://ref.gs1.org/voc/packagingRecyclingProcessType	packagingRecyclingProcessType	object property
https://ref.gs1.org/voc/packagingRecyclingScheme	packagingRecyclingScheme	object property
https://ref.gs1.org/voc/packagingShape	packagingShape	object property
https://ref.gs1.org/voc/packagingType	packagingType	datatype property
https://ref.gs1.org/voc/pantothenicAcidPerNutrientBasis	pantothenicAcidPerNutrientBasis	object property
https://ref.gs1.org/voc/parentOrganization	parentOrganization	object property
https://ref.gs1.org/voc/partyGLN	partyGLN	datatype property
https://ref.gs1.org/voc/paymentLink	paymentLink	object property
https://ref.gs1.org/voc/paymentTerms	paymentTerms	datatype property
https://ref.gs1.org/voc/phosphorusPerNutrientBasis	phosphorusPerNutrientBasis	object property
https://ref.gs1.org/voc/physicalLocationName	physicalLocationName	datatype property
https://ref.gs1.org/voc/pip	pip	object property
https://ref.gs1.org/voc/polyolsPerNutrientBasis	polyolsPerNutrientBasis	object property
https://ref.gs1.org/voc/polyunsaturatedFatPerNutrientBasis	polyunsaturatedFatPerNutrientBasis	object property
https://ref.gs1.org/voc/postOfficeBoxNumber	postOfficeBoxNumber	datatype property
https://ref.gs1.org/voc/postalName	postalName	datatype property
https://ref.gs1.org/voc/potassiumPerNutrientBasis	potassiumPerNutrientBasis	object property
https://ref.gs1.org/voc/preparationCode	preparationCode	object property
https://ref.gs1.org/voc/preparationInformation	preparationInformation	object property
https://ref.gs1.org/voc/preservationTechnique	preservationTechnique	object property
https://ref.gs1.org/voc/price	price	datatype property
https://ref.gs1.org/voc/priceCurrency	priceCurrency	datatype property
https://ref.gs1.org/voc/priceSpecification	priceSpecification	object property
https://ref.gs1.org/voc/primaryAlternateProduct	primaryAlternateProduct	object property
https://ref.gs1.org/voc/primaryLocationOf	primaryLocationOf	object property
https://ref.gs1.org/voc/productDescription	productDescription	datatype property
https://ref.gs1.org/voc/productFeatureBenefit	productFeatureBenefit	datatype property
https://ref.gs1.org/voc/productFormDescription	productFormDescription	datatype property
https://ref.gs1.org/voc/productID	productID	datatype property
https://ref.gs1.org/voc/productMarketingMessage	productMarketingMessage	datatype property
https://ref.gs1.org/voc/productName	productName	datatype property
https://ref.gs1.org/voc/productSustainabilityInfo	productSustainabilityInfo	object property
https://ref.gs1.org/voc/productYieldType	productYieldType	object property
https://ref.gs1.org/voc/productionDateTime	productionDateTime	object property
https://ref.gs1.org/voc/productionVariantDescription	productionVariantDescription	datatype property
https://ref.gs1.org/voc/productionVariantEffectiveDateTime	productionVariantEffectiveDateTime	datatype property
https://ref.gs1.org/voc/promotion	promotion	object property
https://ref.gs1.org/voc/proteinPerNutrientBasis	proteinPerNutrientBasis	object property
https://ref.gs1.org/voc/purchaseSuppliesOrAccessories	purchaseSuppliesOrAccessories	object property
https://ref.gs1.org/voc/qualifyingBrandName	qualifyingBrandName	datatype property
https://ref.gs1.org/voc/qualifyingGPCs	qualifyingGPCs	datatype property
https://ref.gs1.org/voc/qualifyingProductCategoryDescription	qualifyingProductCategoryDescription	datatype property
https://ref.gs1.org/voc/qualifyingProductClassificationCode	qualifyingProductClassificationCode	datatype property
https://ref.gs1.org/voc/qualifyingProductGTINs	qualifyingProductGTINs	datatype property
https://ref.gs1.org/voc/qualifyingSubBrandName	qualifyingSubBrandName	datatype property
https://ref.gs1.org/voc/quickStartGuide	quickStartGuide	object property
https://ref.gs1.org/voc/recallStatus	recallStatus	object property
https://ref.gs1.org/voc/recipeInfo	recipeInfo	object property
https://ref.gs1.org/voc/referencedFile	referencedFile	object property
https://ref.gs1.org/voc/referencedFileEffectiveEndDateTime	referencedFileEffectiveEndDateTime	datatype property
https://ref.gs1.org/voc/referencedFileEffectiveStartDateTime	referencedFileEffectiveStartDateTime	datatype property
https://ref.gs1.org/voc/referencedFileSize	referencedFileSize	object property
https://ref.gs1.org/voc/referencedFileType	referencedFileType	object property
https://ref.gs1.org/voc/referencedFileURL	referencedFileURL	datatype property
https://ref.gs1.org/voc/registerProduct	registerProduct	object property
https://ref.gs1.org/voc/registryEntry	registryEntry	object property
https://ref.gs1.org/voc/regulationType	regulationType	object property
https://ref.gs1.org/voc/regulatoryIdentifierType	regulatoryIdentifierType	object property
https://ref.gs1.org/voc/reheatingClaim	reheatingClaim	object property
https://ref.gs1.org/voc/relatedImage	relatedImage	object property
https://ref.gs1.org/voc/relatedOrganization	relatedOrganization	object property
https://ref.gs1.org/voc/relatedVideo	relatedVideo	object property
https://ref.gs1.org/voc/replacedByOrganization	replacedByOrganization	object property
https://ref.gs1.org/voc/replacedByPlace	replacedByPlace	object property
https://ref.gs1.org/voc/replacedByProduct	replacedByProduct	object property
https://ref.gs1.org/voc/replacedOrganization	replacedOrganization	object property
https://ref.gs1.org/voc/replacedPlace	replacedPlace	object property
https://ref.gs1.org/voc/replacedProduct	replacedProduct	object property
https://ref.gs1.org/voc/reportFound	reportFound	object property
https://ref.gs1.org/voc/responsibleForLocation	responsibleForLocation	object property
https://ref.gs1.org/voc/responsibleOrganization	responsibleOrganization	object property
https://ref.gs1.org/voc/riboflavinPerNutrientBasis	riboflavinPerNutrientBasis	object property
https://ref.gs1.org/voc/safetyInfo	safetyInfo	object property
https://ref.gs1.org/voc/saltPerNutrientBasis	saltPerNutrientBasis	object property
https://ref.gs1.org/voc/saturatedFatPerNutrientBasis	saturatedFatPerNutrientBasis	object property
https://ref.gs1.org/voc/scheduleTime	scheduleTime	object property
https://ref.gs1.org/voc/seasonParameter	seasonParameter	object property
https://ref.gs1.org/voc/seeker	seeker	object property
https://ref.gs1.org/voc/selectedProductsOnly	selectedProductsOnly	datatype property
https://ref.gs1.org/voc/seleniumPerNutrientBasis	seleniumPerNutrientBasis	object property
https://ref.gs1.org/voc/sellByDate	sellByDate	object property
https://ref.gs1.org/voc/serviceInfo	serviceInfo	object property
https://ref.gs1.org/voc/sharpnessOfCheese	sharpnessOfCheese	object property
https://ref.gs1.org/voc/siteAccessRequirements	siteAccessRequirements	datatype property
https://ref.gs1.org/voc/sizeCodeValue	sizeCodeValue	datatype property
https://ref.gs1.org/voc/sizeGroup	sizeGroup	object property
https://ref.gs1.org/voc/sizeSystem	sizeSystem	object property
https://ref.gs1.org/voc/sizeType	sizeType	object property
https://ref.gs1.org/voc/smartLabel	smartLabel	object property
https://ref.gs1.org/voc/smpc	smpc	object property
https://ref.gs1.org/voc/sodiumPerNutrientBasis	sodiumPerNutrientBasis	object property
https://ref.gs1.org/voc/sourceAnimal	sourceAnimal	object property
https://ref.gs1.org/voc/sportingActivityType	sportingActivityType	object property
https://ref.gs1.org/voc/starchPerNutrientBasis	starchPerNutrientBasis	object property
https://ref.gs1.org/voc/statisticInfo	statisticInfo	object property
https://ref.gs1.org/voc/statusTimestamp	statusTimestamp	datatype property
https://ref.gs1.org/voc/streetAddressLine2	streetAddressLine2	datatype property
https://ref.gs1.org/voc/streetAddressLine3	streetAddressLine3	datatype property
https://ref.gs1.org/voc/streetAddressLine4	streetAddressLine4	datatype property
https://ref.gs1.org/voc/subBrandName	subBrandName	datatype property
https://ref.gs1.org/voc/subOrganization	subOrganization	object property
https://ref.gs1.org/voc/subscribe	subscribe	object property
https://ref.gs1.org/voc/sugarsPerNutrientBasis	sugarsPerNutrientBasis	object property
https://ref.gs1.org/voc/support	support	object property
https://ref.gs1.org/voc/sustainabilityInfo	sustainabilityInfo	object property
https://ref.gs1.org/voc/sweetnessLevelOfAlcoholicBeverage	sweetnessLevelOfAlcoholicBeverage	object property
https://ref.gs1.org/voc/targetMarketCountries	targetMarketCountries	object property
https://ref.gs1.org/voc/textileMaterial	textileMaterial	object property
https://ref.gs1.org/voc/textileMaterialContent	textileMaterialContent	datatype property
https://ref.gs1.org/voc/textileMaterialDescription	textileMaterialDescription	datatype property
https://ref.gs1.org/voc/textileMaterialPercentage	textileMaterialPercentage	datatype property
https://ref.gs1.org/voc/textileMaterialThreadCount	textileMaterialThreadCount	datatype property
https://ref.gs1.org/voc/textileMaterialWeight	textileMaterialWeight	object property
https://ref.gs1.org/voc/thiaminPerNutrientBasis	thiaminPerNutrientBasis	object property
https://ref.gs1.org/voc/traceability	traceability	object property
https://ref.gs1.org/voc/transFatPerNutrientBasis	transFatPerNutrientBasis	object property
https://ref.gs1.org/voc/transactionDate	transactionDate	datatype property
https://ref.gs1.org/voc/transactionID	transactionID	datatype property
https://ref.gs1.org/voc/transactionType	transactionType	object property
https://ref.gs1.org/voc/tutorial	tutorial	object property
https://ref.gs1.org/voc/unitCode	unitCode	datatype property
https://ref.gs1.org/voc/upperMaterialType	upperMaterialType	object property
https://ref.gs1.org/voc/userAgreement	userAgreement	object property
https://ref.gs1.org/voc/usesManagedLocation	usesManagedLocation	object property
https://ref.gs1.org/voc/validFrom	validFrom	datatype property
https://ref.gs1.org/voc/validThrough	validThrough	datatype property
https://ref.gs1.org/voc/verificationService	verificationService	object property
https://ref.gs1.org/voc/vitaminAPerNutrientBasis	vitaminAPerNutrientBasis	object property
https://ref.gs1.org/voc/vitaminB12PerNutrientBasis	vitaminB12PerNutrientBasis	object property
https://ref.gs1.org/voc/vitaminB6PerNutrientBasis	vitaminB6PerNutrientBasis	object property
https://ref.gs1.org/voc/vitaminCPerNutrientBasis	vitaminCPerNutrientBasis	object property
https://ref.gs1.org/voc/vitaminDPerNutrientBasis	vitaminDPerNutrientBasis	object property
https://ref.gs1.org/voc/vitaminEPerNutrientBasis	vitaminEPerNutrientBasis	object property
https://ref.gs1.org/voc/vitaminKPerNutrientBasis	vitaminKPerNutrientBasis	object property
https://ref.gs1.org/voc/warranty	warranty	object property
https://ref.gs1.org/voc/warrantyScopeDescription	warrantyScopeDescription	datatype property
https://ref.gs1.org/voc/whatsInTheBox	whatsInTheBox	object property
https://ref.gs1.org/voc/yield	yield	object property
https://ref.gs1.org/voc/zincPerNutrientBasis	zincPerNutrientBasis	object property
